time,temperature_2m,relative_humidity_2m,precipitation,wind_speed_10m,location,latitude,longitude
2026-07-18 00:00:00,32.2,66,0.0,4.8,Connaught Place,28.6315,77.2167
2026-07-18 01:00:00,31.5,67,0.0,3.7,Connaught Place,28.6315,77.2167
2026-07-18 02:00:00,31.1,66,0.0,3.7,Connaught Place,28.6315,77.2167
2026-07-18 03:00:00,31.0,64,0.0,4.3,Connaught Place,28.6315,77.2167
2026-07-18 04:00:00,30.9,62,0.0,6.7,Connaught Place,28.6315,77.2167
2026-07-18 05:00:00,31.3,66,0.0,10.3,Connaught Place,28.6315,77.2167
2026-07-18 06:00:00,31.2,60,0.0,10.2,Connaught Place,28.6315,77.2167
2026-07-18 07:00:00,32.0,56,0.0,9.8,Connaught Place,28.6315,77.2167
2026-07-18 08:00:00,32.3,57,0.0,8.7,Connaught Place,28.6315,77.2167
2026-07-18 09:00:00,33.1,57,0.0,9.8,Connaught Place,28.6315,77.2167
2026-07-18 10:00:00,34.7,52,0.0,12.5,Connaught Place,28.6315,77.2167
2026-07-18 11:00:00,35.4,49,0.0,13.9,Connaught Place,28.6315,77.2167
2026-07-18 12:00:00,35.7,48,0.0,12.9,Connaught Place,28.6315,77.2167
2026-07-18 13:00:00,36.2,46,0.0,11.2,Connaught Place,28.6315,77.2167
2026-07-18 14:00:00,36.2,45,0.0,9.6,Connaught Place,28.6315,77.2167
2026-07-18 15:00:00,36.6,43,0.0,8.9,Connaught Place,28.6315,77.2167
2026-07-18 16:00:00,36.2,44,0.0,7.5,Connaught Place,28.6315,77.2167
2026-07-18 17:00:00,36.6,41,0.0,4.5,Connaught Place,28.6315,77.2167
2026-07-18 18:00:00,36.0,44,0.0,4.8,Connaught Place,28.6315,77.2167
2026-07-18 19:00:00,34.7,48,0.0,6.5,Connaught Place,28.6315,77.2167
2026-07-18 20:00:00,34.2,50,0.0,5.3,Connaught Place,28.6315,77.2167
2026-07-18 21:00:00,34.3,54,0.0,3.5,Connaught Place,28.6315,77.2167
2026-07-18 22:00:00,34.0,55,0.0,1.2,Connaught Place,28.6315,77.2167
2026-07-18 23:00:00,34.0,58,0.0,2.3,Connaught Place,28.6315,77.2167
2026-07-19 00:00:00,32.9,58,0.0,3.8,Connaught Place,28.6315,77.2167
2026-07-19 01:00:00,32.3,63,0.0,2.8,Connaught Place,28.6315,77.2167
2026-07-19 02:00:00,31.5,67,0.0,4.4,Connaught Place,28.6315,77.2167
2026-07-19 03:00:00,31.1,69,0.0,4.5,Connaught Place,28.6315,77.2167
2026-07-19 04:00:00,30.6,70,0.0,4.7,Connaught Place,28.6315,77.2167
2026-07-19 05:00:00,29.9,83,0.0,2.1,Connaught Place,28.6315,77.2167
2026-07-19 06:00:00,30.6,77,0.0,6.4,Connaught Place,28.6315,77.2167
2026-07-19 07:00:00,31.8,70,0.0,6.1,Connaught Place,28.6315,77.2167
2026-07-19 08:00:00,32.7,61,0.0,7.6,Connaught Place,28.6315,77.2167
2026-07-19 09:00:00,33.2,57,0.0,6.9,Connaught Place,28.6315,77.2167
2026-07-19 10:00:00,34.4,52,0.0,7.9,Connaught Place,28.6315,77.2167
2026-07-19 11:00:00,35.7,47,0.0,11.0,Connaught Place,28.6315,77.2167
2026-07-19 12:00:00,36.1,46,0.0,11.1,Connaught Place,28.6315,77.2167
2026-07-19 13:00:00,35.7,49,0.0,8.2,Connaught Place,28.6315,77.2167
2026-07-19 14:00:00,36.2,47,0.0,5.3,Connaught Place,28.6315,77.2167
2026-07-19 15:00:00,35.8,49,0.0,5.0,Connaught Place,28.6315,77.2167
2026-07-19 16:00:00,34.1,58,1.0,5.9,Connaught Place,28.6315,77.2167
2026-07-19 17:00:00,37.1,42,0.0,5.3,Connaught Place,28.6315,77.2167
2026-07-19 18:00:00,35.2,50,0.4,8.1,Connaught Place,28.6315,77.2167
2026-07-19 19:00:00,32.4,72,0.1,11.0,Connaught Place,28.6315,77.2167
2026-07-19 20:00:00,31.8,77,0.0,8.1,Connaught Place,28.6315,77.2167
2026-07-19 21:00:00,31.6,77,0.1,5.5,Connaught Place,28.6315,77.2167
2026-07-19 22:00:00,31.0,80,0.6,5.8,Connaught Place,28.6315,77.2167
2026-07-19 23:00:00,31.8,76,0.6,8.7,Connaught Place,28.6315,77.2167
2026-07-20 00:00:00,30.4,83,0.0,6.8,Connaught Place,28.6315,77.2167
2026-07-20 01:00:00,29.1,88,0.0,9.0,Connaught Place,28.6315,77.2167
2026-07-20 02:00:00,28.4,88,0.0,7.0,Connaught Place,28.6315,77.2167
2026-07-20 03:00:00,28.6,87,0.0,2.8,Connaught Place,28.6315,77.2167
2026-07-20 04:00:00,27.2,93,3.8,10.4,Connaught Place,28.6315,77.2167
2026-07-20 05:00:00,28.8,81,1.1,8.5,Connaught Place,28.6315,77.2167
2026-07-20 06:00:00,28.9,83,0.1,6.6,Connaught Place,28.6315,77.2167
2026-07-20 07:00:00,27.9,87,1.2,3.5,Connaught Place,28.6315,77.2167
2026-07-20 08:00:00,27.4,94,5.8,3.9,Connaught Place,28.6315,77.2167
2026-07-20 09:00:00,28.9,89,0.6,5.0,Connaught Place,28.6315,77.2167
2026-07-20 10:00:00,29.5,86,0.7,1.8,Connaught Place,28.6315,77.2167
2026-07-20 11:00:00,32.2,67,0.3,5.6,Connaught Place,28.6315,77.2167
2026-07-20 12:00:00,30.7,75,2.0,6.7,Connaught Place,28.6315,77.2167
2026-07-20 13:00:00,29.7,82,6.0,11.2,Connaught Place,28.6315,77.2167
2026-07-20 14:00:00,29.9,81,0.4,8.6,Connaught Place,28.6315,77.2167
2026-07-20 15:00:00,30.8,78,0.2,4.5,Connaught Place,28.6315,77.2167
2026-07-20 16:00:00,31.0,77,0.0,3.8,Connaught Place,28.6315,77.2167
2026-07-20 17:00:00,29.5,81,0.0,4.1,Connaught Place,28.6315,77.2167
2026-07-20 18:00:00,27.5,92,6.3,3.8,Connaught Place,28.6315,77.2167
2026-07-20 19:00:00,27.4,94,2.9,2.6,Connaught Place,28.6315,77.2167
2026-07-20 20:00:00,27.6,94,1.0,1.7,Connaught Place,28.6315,77.2167
2026-07-20 21:00:00,27.7,95,0.5,1.5,Connaught Place,28.6315,77.2167
2026-07-20 22:00:00,27.6,94,0.1,1.8,Connaught Place,28.6315,77.2167
2026-07-20 23:00:00,26.6,96,0.0,1.4,Connaught Place,28.6315,77.2167
2026-07-21 00:00:00,26.8,96,0.2,3.1,Connaught Place,28.6315,77.2167
2026-07-21 01:00:00,26.7,95,0.9,6.2,Connaught Place,28.6315,77.2167
2026-07-21 02:00:00,26.5,95,0.3,7.2,Connaught Place,28.6315,77.2167
2026-07-21 03:00:00,26.3,94,0.1,7.9,Connaught Place,28.6315,77.2167
2026-07-21 04:00:00,26.2,92,0.1,6.1,Connaught Place,28.6315,77.2167
2026-07-21 05:00:00,26.5,92,0.5,4.4,Connaught Place,28.6315,77.2167
2026-07-21 06:00:00,26.0,93,3.7,6.2,Connaught Place,28.6315,77.2167
2026-07-21 07:00:00,26.0,94,1.0,9.7,Connaught Place,28.6315,77.2167
2026-07-21 08:00:00,26.6,91,0.2,9.9,Connaught Place,28.6315,77.2167
2026-07-21 09:00:00,27.3,87,0.1,8.8,Connaught Place,28.6315,77.2167
2026-07-21 10:00:00,28.3,82,0.2,9.4,Connaught Place,28.6315,77.2167
2026-07-21 11:00:00,26.8,94,0.1,10.5,Connaught Place,28.6315,77.2167
2026-07-21 12:00:00,28.0,92,0.9,6.9,Connaught Place,28.6315,77.2167
2026-07-21 13:00:00,29.9,82,0.5,6.5,Connaught Place,28.6315,77.2167
2026-07-21 14:00:00,28.7,84,1.5,7.9,Connaught Place,28.6315,77.2167
2026-07-21 15:00:00,28.2,87,1.5,9.7,Connaught Place,28.6315,77.2167
2026-07-21 16:00:00,28.8,85,0.6,5.8,Connaught Place,28.6315,77.2167
2026-07-21 17:00:00,29.7,80,0.1,8.6,Connaught Place,28.6315,77.2167
2026-07-21 18:00:00,29.3,79,0.3,6.0,Connaught Place,28.6315,77.2167
2026-07-21 19:00:00,28.6,85,0.2,4.1,Connaught Place,28.6315,77.2167
2026-07-21 20:00:00,28.5,85,0.0,6.9,Connaught Place,28.6315,77.2167
2026-07-21 21:00:00,28.2,86,0.1,7.5,Connaught Place,28.6315,77.2167
2026-07-21 22:00:00,27.9,87,0.0,9.7,Connaught Place,28.6315,77.2167
2026-07-21 23:00:00,27.1,93,0.1,11.4,Connaught Place,28.6315,77.2167
2026-07-22 00:00:00,26.8,93,0.1,10.6,Connaught Place,28.6315,77.2167
2026-07-22 01:00:00,26.6,93,0.1,8.9,Connaught Place,28.6315,77.2167
2026-07-22 02:00:00,26.6,94,0.0,8.0,Connaught Place,28.6315,77.2167
2026-07-22 03:00:00,26.0,95,1.3,10.8,Connaught Place,28.6315,77.2167
2026-07-22 04:00:00,25.8,95,0.5,10.6,Connaught Place,28.6315,77.2167
2026-07-22 05:00:00,26.1,96,0.6,11.3,Connaught Place,28.6315,77.2167
2026-07-22 06:00:00,26.1,96,0.8,12.3,Connaught Place,28.6315,77.2167
2026-07-22 07:00:00,26.6,91,0.4,13.2,Connaught Place,28.6315,77.2167
2026-07-22 08:00:00,27.1,84,0.9,15.4,Connaught Place,28.6315,77.2167
2026-07-22 09:00:00,28.8,78,0.3,13.8,Connaught Place,28.6315,77.2167
2026-07-22 10:00:00,30.2,70,0.3,13.6,Connaught Place,28.6315,77.2167
2026-07-22 11:00:00,30.7,67,0.3,14.3,Connaught Place,28.6315,77.2167
2026-07-22 12:00:00,31.6,64,0.2,14.4,Connaught Place,28.6315,77.2167
2026-07-22 13:00:00,31.8,67,0.0,11.4,Connaught Place,28.6315,77.2167
2026-07-22 14:00:00,32.0,66,0.2,10.7,Connaught Place,28.6315,77.2167
2026-07-22 15:00:00,32.0,67,0.1,10.7,Connaught Place,28.6315,77.2167
2026-07-22 16:00:00,31.7,66,0.5,9.1,Connaught Place,28.6315,77.2167
2026-07-22 17:00:00,28.3,87,0.2,6.0,Connaught Place,28.6315,77.2167
2026-07-22 18:00:00,28.9,86,0.0,3.9,Connaught Place,28.6315,77.2167
2026-07-22 19:00:00,28.8,88,0.0,4.4,Connaught Place,28.6315,77.2167
2026-07-22 20:00:00,29.0,88,0.0,6.9,Connaught Place,28.6315,77.2167
2026-07-22 21:00:00,29.0,86,0.0,8.9,Connaught Place,28.6315,77.2167
2026-07-22 22:00:00,28.9,82,0.1,8.9,Connaught Place,28.6315,77.2167
2026-07-22 23:00:00,28.4,84,0.0,9.6,Connaught Place,28.6315,77.2167
2026-07-23 00:00:00,28.3,83,0.0,11.0,Connaught Place,28.6315,77.2167
2026-07-23 01:00:00,28.1,83,0.0,11.3,Connaught Place,28.6315,77.2167
2026-07-23 02:00:00,27.8,84,0.0,11.4,Connaught Place,28.6315,77.2167
2026-07-23 03:00:00,27.5,85,0.0,10.2,Connaught Place,28.6315,77.2167
2026-07-23 04:00:00,27.3,85,0.0,10.0,Connaught Place,28.6315,77.2167
2026-07-23 05:00:00,26.8,92,0.0,8.9,Connaught Place,28.6315,77.2167
2026-07-23 06:00:00,26.4,94,0.9,9.3,Connaught Place,28.6315,77.2167
2026-07-23 07:00:00,26.6,89,0.5,11.8,Connaught Place,28.6315,77.2167
2026-07-23 08:00:00,28.1,82,0.3,10.8,Connaught Place,28.6315,77.2167
2026-07-23 09:00:00,28.8,80,0.4,9.6,Connaught Place,28.6315,77.2167
2026-07-23 10:00:00,30.5,72,0.1,12.1,Connaught Place,28.6315,77.2167
2026-07-23 11:00:00,31.4,66,0.0,14.1,Connaught Place,28.6315,77.2167
2026-07-23 12:00:00,31.8,64,0.1,14.0,Connaught Place,28.6315,77.2167
2026-07-23 13:00:00,32.2,62,0.2,13.8,Connaught Place,28.6315,77.2167
2026-07-23 14:00:00,32.6,62,0.1,12.5,Connaught Place,28.6315,77.2167
2026-07-23 15:00:00,30.7,71,0.9,14.1,Connaught Place,28.6315,77.2167
2026-07-23 16:00:00,30.4,75,0.7,4.5,Connaught Place,28.6315,77.2167
2026-07-23 17:00:00,31.7,65,0.2,12.1,Connaught Place,28.6315,77.2167
2026-07-23 18:00:00,30.7,70,0.2,10.1,Connaught Place,28.6315,77.2167
2026-07-23 19:00:00,30.2,73,0.2,6.9,Connaught Place,28.6315,77.2167
2026-07-23 20:00:00,28.8,81,1.0,4.9,Connaught Place,28.6315,77.2167
2026-07-23 21:00:00,26.4,93,3.6,9.2,Connaught Place,28.6315,77.2167
2026-07-23 22:00:00,26.6,93,0.4,11.6,Connaught Place,28.6315,77.2167
2026-07-23 23:00:00,27.7,87,0.0,12.0,Connaught Place,28.6315,77.2167
2026-07-24 00:00:00,27.3,87,0.0,10.3,Connaught Place,28.6315,77.2167
2026-07-24 01:00:00,27.1,88,0.0,10.1,Connaught Place,28.6315,77.2167
2026-07-24 02:00:00,27.0,89,0.0,8.8,Connaught Place,28.6315,77.2167
2026-07-24 03:00:00,26.8,90,0.0,9.0,Connaught Place,28.6315,77.2167
2026-07-24 04:00:00,26.7,90,0.0,9.6,Connaught Place,28.6315,77.2167
2026-07-24 05:00:00,25.8,94,0.1,8.9,Connaught Place,28.6315,77.2167
2026-07-24 06:00:00,25.9,94,0.2,11.4,Connaught Place,28.6315,77.2167
2026-07-24 07:00:00,26.9,90,0.0,9.9,Connaught Place,28.6315,77.2167
2026-07-24 08:00:00,28.4,82,0.0,14.2,Connaught Place,28.6315,77.2167
2026-07-24 09:00:00,29.6,76,0.0,13.2,Connaught Place,28.6315,77.2167
2026-07-24 10:00:00,30.5,71,0.2,12.7,Connaught Place,28.6315,77.2167
2026-07-24 11:00:00,30.5,74,0.1,13.0,Connaught Place,28.6315,77.2167
2026-07-24 12:00:00,31.3,71,0.7,12.9,Connaught Place,28.6315,77.2167
2026-07-24 13:00:00,29.7,76,1.8,13.0,Connaught Place,28.6315,77.2167
2026-07-24 14:00:00,29.0,81,4.0,8.9,Connaught Place,28.6315,77.2167
2026-07-24 15:00:00,29.4,81,1.9,6.3,Connaught Place,28.6315,77.2167
2026-07-24 16:00:00,30.5,75,0.1,7.3,Connaught Place,28.6315,77.2167
2026-07-24 17:00:00,30.2,81,0.1,5.5,Connaught Place,28.6315,77.2167
2026-07-24 18:00:00,30.2,82,0.0,7.4,Connaught Place,28.6315,77.2167
2026-07-24 19:00:00,29.8,83,0.0,8.4,Connaught Place,28.6315,77.2167
2026-07-24 20:00:00,29.7,83,0.0,9.0,Connaught Place,28.6315,77.2167
2026-07-24 21:00:00,29.2,82,0.0,10.7,Connaught Place,28.6315,77.2167
2026-07-24 22:00:00,28.8,83,0.0,10.3,Connaught Place,28.6315,77.2167
2026-07-24 23:00:00,28.5,85,0.0,11.8,Connaught Place,28.6315,77.2167
2026-07-25 00:00:00,28.4,84,0.0,12.1,Connaught Place,28.6315,77.2167
2026-07-25 01:00:00,28.2,82,0.0,11.3,Connaught Place,28.6315,77.2167
2026-07-25 02:00:00,27.9,84,0.1,10.6,Connaught Place,28.6315,77.2167
2026-07-25 03:00:00,27.7,87,0.1,9.9,Connaught Place,28.6315,77.2167
2026-07-25 04:00:00,27.6,87,0.0,9.7,Connaught Place,28.6315,77.2167
2026-07-25 05:00:00,27.3,90,0.1,8.9,Connaught Place,28.6315,77.2167
2026-07-25 06:00:00,27.6,89,0.0,7.5,Connaught Place,28.6315,77.2167
2026-07-25 07:00:00,28.4,86,0.0,6.9,Connaught Place,28.6315,77.2167
2026-07-25 08:00:00,28.6,80,0.6,12.0,Connaught Place,28.6315,77.2167
2026-07-25 09:00:00,29.7,75,0.2,10.0,Connaught Place,28.6315,77.2167
2026-07-25 10:00:00,30.4,75,0.4,10.4,Connaught Place,28.6315,77.2167
2026-07-25 11:00:00,31.6,66,0.2,11.6,Connaught Place,28.6315,77.2167
2026-07-25 12:00:00,31.9,65,0.1,12.3,Connaught Place,28.6315,77.2167
2026-07-25 13:00:00,32.4,63,0.1,10.8,Connaught Place,28.6315,77.2167
2026-07-25 14:00:00,32.8,60,0.2,12.0,Connaught Place,28.6315,77.2167
2026-07-25 15:00:00,32.6,62,0.2,11.4,Connaught Place,28.6315,77.2167
2026-07-25 16:00:00,31.7,66,0.1,11.2,Connaught Place,28.6315,77.2167
2026-07-25 17:00:00,30.8,78,0.1,8.2,Connaught Place,28.6315,77.2167
2026-07-25 18:00:00,29.9,79,0.0,10.5,Connaught Place,28.6315,77.2167
2026-07-25 19:00:00,29.1,83,0.0,8.0,Connaught Place,28.6315,77.2167
2026-07-25 20:00:00,28.7,85,0.0,9.4,Connaught Place,28.6315,77.2167
2026-07-25 21:00:00,28.2,88,0.0,8.1,Connaught Place,28.6315,77.2167
2026-07-25 22:00:00,27.9,88,0.0,8.0,Connaught Place,28.6315,77.2167
2026-07-25 23:00:00,27.5,92,0.0,8.8,Connaught Place,28.6315,77.2167
2026-07-26 00:00:00,27.5,93,0.1,9.8,Connaught Place,28.6315,77.2167
2026-07-26 01:00:00,27.6,94,0.0,8.1,Connaught Place,28.6315,77.2167
2026-07-26 02:00:00,27.6,94,0.0,7.5,Connaught Place,28.6315,77.2167
2026-07-26 03:00:00,27.5,94,0.0,6.6,Connaught Place,28.6315,77.2167
2026-07-26 04:00:00,27.4,94,0.0,5.9,Connaught Place,28.6315,77.2167
2026-07-26 05:00:00,28.3,95,0.0,4.2,Connaught Place,28.6315,77.2167
2026-07-26 06:00:00,27.8,95,0.6,5.8,Connaught Place,28.6315,77.2167
2026-07-26 07:00:00,28.3,89,0.3,3.1,Connaught Place,28.6315,77.2167
2026-07-26 08:00:00,29.7,81,0.3,2.4,Connaught Place,28.6315,77.2167
2026-07-26 09:00:00,30.9,75,0.0,2.6,Connaught Place,28.6315,77.2167
2026-07-26 10:00:00,31.8,71,0.1,3.3,Connaught Place,28.6315,77.2167
2026-07-26 11:00:00,32.4,65,0.0,3.3,Connaught Place,28.6315,77.2167
2026-07-26 12:00:00,33.3,61,0.2,2.9,Connaught Place,28.6315,77.2167
2026-07-26 13:00:00,33.9,60,0.3,3.7,Connaught Place,28.6315,77.2167
2026-07-26 14:00:00,34.0,60,0.2,3.7,Connaught Place,28.6315,77.2167
2026-07-26 15:00:00,34.1,59,0.2,3.8,Connaught Place,28.6315,77.2167
2026-07-26 16:00:00,33.9,59,0.1,3.6,Connaught Place,28.6315,77.2167
2026-07-26 17:00:00,33.2,66,0.1,4.2,Connaught Place,28.6315,77.2167
2026-07-26 18:00:00,32.5,71,0.0,4.1,Connaught Place,28.6315,77.2167
2026-07-26 19:00:00,31.7,78,0.0,2.8,Connaught Place,28.6315,77.2167
2026-07-26 20:00:00,31.7,78,0.0,0.4,Connaught Place,28.6315,77.2167
2026-07-26 21:00:00,31.5,81,0.0,0.2,Connaught Place,28.6315,77.2167
2026-07-26 22:00:00,31.3,81,0.0,1.2,Connaught Place,28.6315,77.2167
2026-07-26 23:00:00,31.1,84,0.0,1.2,Connaught Place,28.6315,77.2167
2026-07-27 00:00:00,30.6,85,0.0,1.9,Connaught Place,28.6315,77.2167
2026-07-27 01:00:00,30.3,86,0.0,0.8,Connaught Place,28.6315,77.2167
2026-07-27 02:00:00,30.0,88,0.0,2.1,Connaught Place,28.6315,77.2167
2026-07-27 03:00:00,29.8,87,0.0,1.7,Connaught Place,28.6315,77.2167
2026-07-27 04:00:00,29.6,86,0.0,2.0,Connaught Place,28.6315,77.2167
2026-07-27 05:00:00,29.7,87,0.0,1.3,Connaught Place,28.6315,77.2167
2026-07-27 06:00:00,29.7,86,0.0,1.5,Connaught Place,28.6315,77.2167
2026-07-27 07:00:00,30.5,82,0.0,0.9,Connaught Place,28.6315,77.2167
2026-07-27 08:00:00,31.6,75,0.0,1.5,Connaught Place,28.6315,77.2167
2026-07-27 09:00:00,32.8,67,0.0,2.1,Connaught Place,28.6315,77.2167
2026-07-27 10:00:00,33.6,62,0.2,1.9,Connaught Place,28.6315,77.2167
2026-07-27 11:00:00,34.7,51,0.1,1.7,Connaught Place,28.6315,77.2167
2026-07-27 12:00:00,35.6,49,0.0,3.5,Connaught Place,28.6315,77.2167
2026-07-27 13:00:00,35.6,52,0.0,4.8,Connaught Place,28.6315,77.2167
2026-07-27 14:00:00,35.3,53,0.0,6.2,Connaught Place,28.6315,77.2167
2026-07-27 15:00:00,33.9,57,0.8,4.8,Connaught Place,28.6315,77.2167
2026-07-27 16:00:00,34.1,56,0.1,2.4,Connaught Place,28.6315,77.2167
2026-07-27 17:00:00,32.9,65,0.0,2.2,Connaught Place,28.6315,77.2167
2026-07-27 18:00:00,32.3,72,0.0,0.7,Connaught Place,28.6315,77.2167
2026-07-27 19:00:00,32.1,72,0.0,2.4,Connaught Place,28.6315,77.2167
2026-07-27 20:00:00,31.6,73,0.0,5.3,Connaught Place,28.6315,77.2167
2026-07-27 21:00:00,30.4,80,0.0,8.8,Connaught Place,28.6315,77.2167
2026-07-27 22:00:00,29.6,82,0.0,11.2,Connaught Place,28.6315,77.2167
2026-07-27 23:00:00,30.2,85,0.1,9.3,Connaught Place,28.6315,77.2167
2026-07-28 00:00:00,29.0,86,0.5,13.3,Connaught Place,28.6315,77.2167
2026-07-28 01:00:00,27.8,90,0.2,7.8,Connaught Place,28.6315,77.2167
2026-07-28 02:00:00,27.4,93,0.4,9.6,Connaught Place,28.6315,77.2167
2026-07-28 03:00:00,26.6,95,0.2,7.9,Connaught Place,28.6315,77.2167
2026-07-28 04:00:00,26.3,96,0.2,8.7,Connaught Place,28.6315,77.2167
2026-07-28 05:00:00,28.7,91,0.1,8.3,Connaught Place,28.6315,77.2167
2026-07-28 06:00:00,28.6,92,0.0,7.8,Connaught Place,28.6315,77.2167
2026-07-28 07:00:00,29.0,91,0.2,8.3,Connaught Place,28.6315,77.2167
2026-07-28 08:00:00,28.9,85,0.6,12.1,Connaught Place,28.6315,77.2167
2026-07-28 09:00:00,28.6,86,0.5,5.9,Connaught Place,28.6315,77.2167
2026-07-28 10:00:00,27.3,93,3.1,11.6,Connaught Place,28.6315,77.2167
2026-07-28 11:00:00,27.3,94,1.2,9.2,Connaught Place,28.6315,77.2167
2026-07-28 12:00:00,27.1,95,4.9,9.8,Connaught Place,28.6315,77.2167
2026-07-28 13:00:00,27.1,94,2.4,7.5,Connaught Place,28.6315,77.2167
2026-07-28 14:00:00,27.2,94,1.9,4.3,Connaught Place,28.6315,77.2167
2026-07-28 15:00:00,27.7,88,0.5,5.1,Connaught Place,28.6315,77.2167
2026-07-28 16:00:00,27.6,87,0.3,3.8,Connaught Place,28.6315,77.2167
2026-07-28 17:00:00,30.8,73,0.0,2.4,Connaught Place,28.6315,77.2167
2026-07-28 18:00:00,30.2,77,0.0,2.4,Connaught Place,28.6315,77.2167
2026-07-28 19:00:00,29.5,83,0.0,2.3,Connaught Place,28.6315,77.2167
2026-07-28 20:00:00,29.0,84,0.0,3.4,Connaught Place,28.6315,77.2167
2026-07-28 21:00:00,28.7,86,0.0,4.9,Connaught Place,28.6315,77.2167
2026-07-28 22:00:00,28.2,87,0.1,6.0,Connaught Place,28.6315,77.2167
2026-07-28 23:00:00,27.9,89,0.5,1.9,Connaught Place,28.6315,77.2167
2026-07-29 00:00:00,27.7,91,0.1,1.8,Connaught Place,28.6315,77.2167
2026-07-29 01:00:00,27.4,94,0.6,3.1,Connaught Place,28.6315,77.2167
2026-07-29 02:00:00,26.9,97,0.7,5.9,Connaught Place,28.6315,77.2167
2026-07-29 03:00:00,26.6,97,0.3,4.4,Connaught Place,28.6315,77.2167
2026-07-29 04:00:00,26.7,97,0.0,1.9,Connaught Place,28.6315,77.2167
2026-07-29 05:00:00,26.8,97,0.0,1.3,Connaught Place,28.6315,77.2167
2026-07-29 06:00:00,26.5,97,2.5,1.8,Connaught Place,28.6315,77.2167
2026-07-29 07:00:00,26.5,97,2.3,4.0,Connaught Place,28.6315,77.2167
2026-07-29 08:00:00,26.8,96,1.8,3.0,Connaught Place,28.6315,77.2167
2026-07-29 09:00:00,28.1,87,1.0,2.0,Connaught Place,28.6315,77.2167
2026-07-29 10:00:00,29.1,82,0.2,3.1,Connaught Place,28.6315,77.2167
2026-07-29 11:00:00,31.0,74,0.1,2.0,Connaught Place,28.6315,77.2167
2026-07-29 12:00:00,31.9,71,0.1,0.2,Connaught Place,28.6315,77.2167
2026-07-29 13:00:00,32.1,69,0.1,0.9,Connaught Place,28.6315,77.2167
2026-07-29 14:00:00,32.6,68,0.0,2.7,Connaught Place,28.6315,77.2167
2026-07-29 15:00:00,32.9,65,0.1,1.5,Connaught Place,28.6315,77.2167
2026-07-29 16:00:00,32.3,66,0.1,1.9,Connaught Place,28.6315,77.2167
2026-07-29 17:00:00,33.3,62,0.0,3.8,Connaught Place,28.6315,77.2167
2026-07-29 18:00:00,32.5,69,0.0,3.5,Connaught Place,28.6315,77.2167
2026-07-29 19:00:00,31.4,77,0.0,3.4,Connaught Place,28.6315,77.2167
2026-07-29 20:00:00,30.8,80,0.0,4.3,Connaught Place,28.6315,77.2167
2026-07-29 21:00:00,30.2,83,0.0,4.6,Connaught Place,28.6315,77.2167
2026-07-29 22:00:00,29.7,85,0.0,3.6,Connaught Place,28.6315,77.2167
2026-07-29 23:00:00,30.1,84,0.0,6.8,Connaught Place,28.6315,77.2167
2026-07-30 00:00:00,29.4,87,0.0,8.5,Connaught Place,28.6315,77.2167
2026-07-30 01:00:00,26.9,92,0.9,9.6,Connaught Place,28.6315,77.2167
2026-07-30 02:00:00,25.6,99,2.5,6.0,Connaught Place,28.6315,77.2167
2026-07-30 03:00:00,26.1,98,0.3,1.0,Connaught Place,28.6315,77.2167
2026-07-30 04:00:00,26.3,98,0.1,2.7,Connaught Place,28.6315,77.2167
2026-07-30 05:00:00,28.5,92,0.0,2.8,Connaught Place,28.6315,77.2167
2026-07-30 06:00:00,28.5,93,1.3,2.4,Connaught Place,28.6315,77.2167
2026-07-30 07:00:00,28.8,87,1.0,9.9,Connaught Place,28.6315,77.2167
2026-07-30 08:00:00,29.5,85,0.9,7.2,Connaught Place,28.6315,77.2167
2026-07-30 09:00:00,30.8,76,0.2,6.4,Connaught Place,28.6315,77.2167
2026-07-30 10:00:00,32.0,70,0.0,7.2,Connaught Place,28.6315,77.2167
2026-07-30 11:00:00,32.8,63,0.0,4.8,Connaught Place,28.6315,77.2167
2026-07-30 12:00:00,33.2,61,0.1,6.7,Connaught Place,28.6315,77.2167
2026-07-30 13:00:00,32.5,64,0.7,7.6,Connaught Place,28.6315,77.2167
2026-07-30 14:00:00,33.1,63,0.3,3.9,Connaught Place,28.6315,77.2167
2026-07-30 15:00:00,33.5,60,0.1,4.3,Connaught Place,28.6315,77.2167
2026-07-30 16:00:00,33.4,60,0.1,6.0,Connaught Place,28.6315,77.2167
2026-07-30 17:00:00,32.3,69,0.0,11.6,Connaught Place,28.6315,77.2167
2026-07-30 18:00:00,29.3,81,0.0,13.0,Connaught Place,28.6315,77.2167
2026-07-30 19:00:00,28.8,85,0.0,6.9,Connaught Place,28.6315,77.2167
2026-07-30 20:00:00,28.7,88,0.0,6.8,Connaught Place,28.6315,77.2167
2026-07-30 21:00:00,28.5,89,0.0,7.5,Connaught Place,28.6315,77.2167
2026-07-30 22:00:00,28.4,90,0.0,7.9,Connaught Place,28.6315,77.2167
2026-07-30 23:00:00,29.1,88,0.0,10.9,Connaught Place,28.6315,77.2167
2026-07-31 00:00:00,28.8,89,0.0,10.2,Connaught Place,28.6315,77.2167
2026-07-31 01:00:00,28.7,89,0.0,9.9,Connaught Place,28.6315,77.2167
2026-07-31 02:00:00,28.5,88,0.0,9.6,Connaught Place,28.6315,77.2167
2026-07-31 03:00:00,28.3,87,0.0,9.4,Connaught Place,28.6315,77.2167
2026-07-31 04:00:00,28.1,86,0.0,10.3,Connaught Place,28.6315,77.2167
2026-07-31 05:00:00,28.3,82,0.0,11.5,Connaught Place,28.6315,77.2167
2026-07-31 06:00:00,28.1,84,0.0,10.0,Connaught Place,28.6315,77.2167
2026-07-31 07:00:00,28.7,81,0.0,9.9,Connaught Place,28.6315,77.2167
2026-07-31 08:00:00,29.1,78,0.1,13.1,Connaught Place,28.6315,77.2167
2026-07-31 09:00:00,29.6,76,0.2,13.2,Connaught Place,28.6315,77.2167
2026-07-31 10:00:00,30.1,73,0.2,13.4,Connaught Place,28.6315,77.2167
2026-07-31 11:00:00,30.6,72,0.4,11.3,Connaught Place,28.6315,77.2167
2026-07-31 12:00:00,31.4,67,0.1,13.2,Connaught Place,28.6315,77.2167
2026-07-31 13:00:00,31.9,65,0.1,12.3,Connaught Place,28.6315,77.2167
2026-07-31 14:00:00,32.6,64,0.2,11.0,Connaught Place,28.6315,77.2167
2026-07-31 15:00:00,32.7,63,0.3,11.6,Connaught Place,28.6315,77.2167
2026-07-31 16:00:00,31.8,68,0.5,10.1,Connaught Place,28.6315,77.2167
2026-07-31 17:00:00,31.6,70,1.1,7.2,Connaught Place,28.6315,77.2167
2026-07-31 18:00:00,31.2,72,0.0,7.3,Connaught Place,28.6315,77.2167
2026-07-31 19:00:00,30.4,77,0.0,7.7,Connaught Place,28.6315,77.2167
2026-07-31 20:00:00,30.0,80,0.0,8.3,Connaught Place,28.6315,77.2167
2026-07-31 21:00:00,29.6,81,0.3,10.9,Connaught Place,28.6315,77.2167
2026-07-31 22:00:00,29.2,84,0.0,10.6,Connaught Place,28.6315,77.2167
2026-07-31 23:00:00,28.5,85,0.0,9.4,Connaught Place,28.6315,77.2167
2026-08-01 00:00:00,28.5,86,0.0,9.8,Connaught Place,28.6315,77.2167
2026-08-01 01:00:00,27.3,93,1.3,8.6,Connaught Place,28.6315,77.2167
2026-08-01 02:00:00,27.5,90,0.0,10.6,Connaught Place,28.6315,77.2167
2026-08-01 03:00:00,27.4,89,0.0,10.2,Connaught Place,28.6315,77.2167
2026-08-01 04:00:00,27.4,89,0.0,9.4,Connaught Place,28.6315,77.2167
2026-08-01 05:00:00,27.1,92,0.1,9.9,Connaught Place,28.6315,77.2167
2026-08-01 06:00:00,27.3,91,0.0,11.0,Connaught Place,28.6315,77.2167
2026-08-01 07:00:00,27.4,87,0.1,11.7,Connaught Place,28.6315,77.2167
2026-08-01 08:00:00,28.2,83,0.0,12.8,Connaught Place,28.6315,77.2167
2026-08-01 09:00:00,29.7,76,0.0,11.1,Connaught Place,28.6315,77.2167
2026-08-01 10:00:00,31.0,69,0.1,11.4,Connaught Place,28.6315,77.2167
2026-08-01 11:00:00,32.1,65,0.2,10.8,Connaught Place,28.6315,77.2167
2026-08-01 12:00:00,32.7,65,0.1,10.8,Connaught Place,28.6315,77.2167
2026-08-01 13:00:00,33.2,63,0.2,11.8,Connaught Place,28.6315,77.2167
2026-08-01 14:00:00,31.6,68,0.7,10.5,Connaught Place,28.6315,77.2167
2026-08-01 15:00:00,31.2,74,0.4,8.6,Connaught Place,28.6315,77.2167
2026-08-01 16:00:00,31.6,72,0.1,8.3,Connaught Place,28.6315,77.2167
2026-08-01 17:00:00,30.8,77,0.5,9.9,Connaught Place,28.6315,77.2167
2026-08-01 18:00:00,30.7,77,0.0,6.7,Connaught Place,28.6315,77.2167
2026-08-01 19:00:00,30.2,81,0.0,5.9,Connaught Place,28.6315,77.2167
2026-08-01 20:00:00,29.9,83,0.0,6.3,Connaught Place,28.6315,77.2167
2026-08-01 21:00:00,29.6,85,0.0,8.1,Connaught Place,28.6315,77.2167
2026-08-01 22:00:00,29.4,86,0.0,9.5,Connaught Place,28.6315,77.2167
2026-08-01 23:00:00,27.2,89,0.0,11.4,Connaught Place,28.6315,77.2167
2026-08-02 00:00:00,27.1,88,0.2,11.0,Connaught Place,28.6315,77.2167
2026-08-02 01:00:00,27.1,90,0.3,8.0,Connaught Place,28.6315,77.2167
2026-08-02 02:00:00,27.1,92,0.2,6.6,Connaught Place,28.6315,77.2167
2026-08-02 03:00:00,27.0,93,0.0,6.0,Connaught Place,28.6315,77.2167
2026-08-02 04:00:00,27.0,93,0.0,6.6,Connaught Place,28.6315,77.2167
2026-08-02 05:00:00,27.4,96,0.0,7.9,Connaught Place,28.6315,77.2167
2026-08-02 06:00:00,26.9,95,0.1,11.8,Connaught Place,28.6315,77.2167
2026-08-02 07:00:00,27.3,93,0.2,7.5,Connaught Place,28.6315,77.2167
2026-08-02 08:00:00,28.9,84,0.1,8.3,Connaught Place,28.6315,77.2167
2026-08-02 09:00:00,30.6,76,0.0,8.3,Connaught Place,28.6315,77.2167
2026-08-02 10:00:00,32.2,67,0.1,8.3,Connaught Place,28.6315,77.2167
2026-08-02 11:00:00,33.8,57,0.1,8.6,Connaught Place,28.6315,77.2167
2026-08-02 12:00:00,34.1,56,0.3,7.5,Connaught Place,28.6315,77.2167
2026-08-02 13:00:00,33.3,60,0.7,10.1,Connaught Place,28.6315,77.2167
2026-08-02 14:00:00,33.2,61,1.0,9.1,Connaught Place,28.6315,77.2167
2026-08-02 15:00:00,33.3,63,0.1,7.0,Connaught Place,28.6315,77.2167
2026-08-02 16:00:00,33.2,63,0.2,7.9,Connaught Place,28.6315,77.2167
2026-08-02 17:00:00,28.9,83,0.2,7.1,Connaught Place,28.6315,77.2167
2026-08-02 18:00:00,28.4,86,0.2,9.4,Connaught Place,28.6315,77.2167
2026-08-02 19:00:00,27.3,94,2.2,4.3,Connaught Place,28.6315,77.2167
2026-08-02 20:00:00,27.6,96,0.5,5.2,Connaught Place,28.6315,77.2167
2026-08-02 21:00:00,27.9,96,0.1,4.9,Connaught Place,28.6315,77.2167
2026-08-02 22:00:00,27.9,96,0.0,6.5,Connaught Place,28.6315,77.2167
2026-08-02 23:00:00,29.0,93,0.0,5.5,Connaught Place,28.6315,77.2167
2026-08-03 00:00:00,28.7,95,0.0,7.0,Connaught Place,28.6315,77.2167
2026-08-03 01:00:00,28.5,95,0.0,6.8,Connaught Place,28.6315,77.2167
2026-08-03 02:00:00,28.1,93,0.0,8.2,Connaught Place,28.6315,77.2167
2026-08-03 03:00:00,27.7,92,0.0,7.5,Connaught Place,28.6315,77.2167
2026-08-03 04:00:00,27.5,94,0.0,7.3,Connaught Place,28.6315,77.2167
2026-08-03 05:00:00,27.1,95,0.0,7.8,Connaught Place,28.6315,77.2167
2026-08-03 06:00:00,27.2,95,0.6,4.4,Connaught Place,28.6315,77.2167
2026-08-03 07:00:00,27.5,94,0.2,4.7,Connaught Place,28.6315,77.2167
2026-08-03 08:00:00,28.4,89,0.2,3.8,Connaught Place,28.6315,77.2167
2026-08-03 09:00:00,29.8,82,0.1,3.6,Connaught Place,28.6315,77.2167
2026-08-03 10:00:00,30.7,79,0.2,4.2,Connaught Place,28.6315,77.2167
2026-08-03 11:00:00,31.8,71,0.1,6.4,Connaught Place,28.6315,77.2167
2026-08-03 12:00:00,33.3,65,0.1,7.8,Connaught Place,28.6315,77.2167
2026-08-03 13:00:00,34.2,62,0.0,6.0,Connaught Place,28.6315,77.2167
2026-08-03 14:00:00,32.2,65,0.6,12.4,Connaught Place,28.6315,77.2167
2026-08-03 15:00:00,31.1,75,1.4,1.2,Connaught Place,28.6315,77.2167
2026-08-03 16:00:00,31.2,72,0.4,5.0,Connaught Place,28.6315,77.2167
2026-08-03 17:00:00,33.2,68,0.1,8.5,Connaught Place,28.6315,77.2167
2026-08-03 18:00:00,29.9,81,0.3,7.3,Connaught Place,28.6315,77.2167
2026-08-03 19:00:00,27.8,94,5.9,6.6,Connaught Place,28.6315,77.2167
2026-08-03 20:00:00,27.7,95,1.2,7.5,Connaught Place,28.6315,77.2167
2026-08-03 21:00:00,27.3,95,2.4,1.6,Connaught Place,28.6315,77.2167
2026-08-03 22:00:00,27.2,95,1.8,2.3,Connaught Place,28.6315,77.2167
2026-08-03 23:00:00,26.7,95,0.5,3.9,Connaught Place,28.6315,77.2167
2026-08-04 00:00:00,27.1,96,1.2,6.7,Connaught Place,28.6315,77.2167
2026-08-04 01:00:00,27.0,97,0.5,7.7,Connaught Place,28.6315,77.2167
2026-08-04 02:00:00,26.8,97,0.3,6.0,Connaught Place,28.6315,77.2167
2026-08-04 03:00:00,26.7,98,0.1,4.6,Connaught Place,28.6315,77.2167
2026-08-04 04:00:00,26.9,97,0.1,4.2,Connaught Place,28.6315,77.2167
2026-08-04 05:00:00,27.0,97,0.1,6.0,Connaught Place,28.6315,77.2167
2026-08-04 06:00:00,26.6,97,0.6,7.6,Connaught Place,28.6315,77.2167
2026-08-04 07:00:00,26.9,95,0.5,1.9,Connaught Place,28.6315,77.2167
2026-08-04 08:00:00,27.5,92,0.3,3.8,Connaught Place,28.6315,77.2167
2026-08-04 09:00:00,28.9,84,0.2,3.5,Connaught Place,28.6315,77.2167
2026-08-04 10:00:00,30.0,80,0.4,2.1,Connaught Place,28.6315,77.2167
2026-08-04 11:00:00,27.6,94,0.7,5.6,Connaught Place,28.6315,77.2167
2026-08-04 12:00:00,28.1,90,0.9,4.7,Connaught Place,28.6315,77.2167
2026-08-04 13:00:00,28.5,88,0.8,7.4,Connaught Place,28.6315,77.2167
2026-08-04 14:00:00,28.8,85,0.7,6.9,Connaught Place,28.6315,77.2167
2026-08-04 15:00:00,29.3,84,0.2,4.3,Connaught Place,28.6315,77.2167
2026-08-04 16:00:00,29.4,83,0.0,3.1,Connaught Place,28.6315,77.2167
2026-08-04 17:00:00,27.6,93,0.0,2.9,Connaught Place,28.6315,77.2167
2026-08-04 18:00:00,27.4,95,2.1,2.1,Connaught Place,28.6315,77.2167
2026-08-04 19:00:00,27.5,95,1.0,0.9,Connaught Place,28.6315,77.2167
2026-08-04 20:00:00,27.4,95,0.5,0.6,Connaught Place,28.6315,77.2167
2026-08-04 21:00:00,27.4,96,0.5,1.0,Connaught Place,28.6315,77.2167
2026-08-04 22:00:00,27.1,96,0.4,2.2,Connaught Place,28.6315,77.2167
2026-08-04 23:00:00,27.5,97,0.3,2.3,Connaught Place,28.6315,77.2167
2026-08-05 00:00:00,27.5,97,0.0,2.2,Connaught Place,28.6315,77.2167
2026-08-05 01:00:00,27.4,97,0.0,2.1,Connaught Place,28.6315,77.2167
2026-08-05 02:00:00,27.4,96,0.0,0.9,Connaught Place,28.6315,77.2167
2026-08-05 03:00:00,27.2,93,0.0,1.7,Connaught Place,28.6315,77.2167
2026-08-05 04:00:00,26.8,96,0.2,3.5,Connaught Place,28.6315,77.2167
2026-08-05 05:00:00,26.1,99,0.1,3.7,Connaught Place,28.6315,77.2167
2026-08-05 06:00:00,26.1,98,0.6,2.3,Connaught Place,28.6315,77.2167
2026-08-05 07:00:00,27.0,94,0.0,0.7,Connaught Place,28.6315,77.2167
2026-08-05 08:00:00,28.4,87,0.0,1.8,Connaught Place,28.6315,77.2167
2026-08-05 09:00:00,30.2,76,0.0,3.7,Connaught Place,28.6315,77.2167
2026-08-05 10:00:00,31.3,68,0.0,4.7,Connaught Place,28.6315,77.2167
2026-08-05 11:00:00,31.9,68,0.1,4.0,Connaught Place,28.6315,77.2167
2026-08-05 12:00:00,31.3,69,0.0,4.5,Connaught Place,28.6315,77.2167
2026-08-05 13:00:00,31.9,67,0.0,5.6,Connaught Place,28.6315,77.2167
2026-08-05 14:00:00,32.3,64,0.0,6.4,Connaught Place,28.6315,77.2167
2026-08-05 15:00:00,33.1,61,0.0,6.0,Connaught Place,28.6315,77.2167
2026-08-05 16:00:00,32.9,61,0.0,4.4,Connaught Place,28.6315,77.2167
2026-08-05 17:00:00,29.8,83,0.0,7.0,Connaught Place,28.6315,77.2167
2026-08-05 18:00:00,28.8,87,0.4,6.6,Connaught Place,28.6315,77.2167
2026-08-05 19:00:00,28.4,87,0.1,6.3,Connaught Place,28.6315,77.2167
2026-08-05 20:00:00,28.3,88,0.0,6.5,Connaught Place,28.6315,77.2167
2026-08-05 21:00:00,28.3,88,0.0,4.1,Connaught Place,28.6315,77.2167
2026-08-05 22:00:00,28.1,90,0.0,3.6,Connaught Place,28.6315,77.2167
2026-08-05 23:00:00,27.4,99,0.0,4.2,Connaught Place,28.6315,77.2167
2026-08-06 00:00:00,27.8,98,3.5,3.2,Connaught Place,28.6315,77.2167
2026-08-06 01:00:00,27.2,97,1.2,5.5,Connaught Place,28.6315,77.2167
2026-08-06 02:00:00,26.8,97,0.4,3.4,Connaught Place,28.6315,77.2167
2026-08-06 03:00:00,27.0,95,0.0,4.3,Connaught Place,28.6315,77.2167
2026-08-06 04:00:00,26.9,95,0.0,6.9,Connaught Place,28.6315,77.2167
2026-08-06 05:00:00,27.1,95,0.0,5.7,Connaught Place,28.6315,77.2167
2026-08-06 06:00:00,27.3,94,0.3,4.3,Connaught Place,28.6315,77.2167
2026-08-06 07:00:00,27.9,89,0.0,5.5,Connaught Place,28.6315,77.2167
2026-08-06 08:00:00,27.7,89,0.8,6.7,Connaught Place,28.6315,77.2167
2026-08-06 09:00:00,27.3,90,1.4,4.7,Connaught Place,28.6315,77.2167
2026-08-06 10:00:00,27.0,89,1.5,3.5,Connaught Place,28.6315,77.2167
2026-08-06 11:00:00,27.1,83,1.3,4.7,Connaught Place,28.6315,77.2167
2026-08-06 12:00:00,27.5,82,1.0,2.2,Connaught Place,28.6315,77.2167
2026-08-06 13:00:00,27.3,83,0.5,3.7,Connaught Place,28.6315,77.2167
2026-08-06 14:00:00,27.1,84,0.2,4.8,Connaught Place,28.6315,77.2167
2026-08-06 15:00:00,27.2,85,0.3,4.2,Connaught Place,28.6315,77.2167
2026-08-06 16:00:00,27.5,83,0.1,6.2,Connaught Place,28.6315,77.2167
2026-08-06 17:00:00,27.9,86,0.0,7.9,Connaught Place,28.6315,77.2167
2026-08-06 18:00:00,27.6,90,0.6,6.5,Connaught Place,28.6315,77.2167
2026-08-06 19:00:00,27.3,92,0.1,5.2,Connaught Place,28.6315,77.2167
2026-08-06 20:00:00,27.0,93,0.0,5.4,Connaught Place,28.6315,77.2167
2026-08-06 21:00:00,27.0,94,0.0,5.5,Connaught Place,28.6315,77.2167
2026-08-06 22:00:00,27.0,94,0.0,3.9,Connaught Place,28.6315,77.2167
2026-08-06 23:00:00,26.8,93,0.0,8.1,Connaught Place,28.6315,77.2167
2026-08-07 00:00:00,26.1,96,0.8,8.5,Connaught Place,28.6315,77.2167
2026-08-07 01:00:00,26.0,97,1.2,4.4,Connaught Place,28.6315,77.2167
2026-08-07 02:00:00,25.9,98,0.3,4.2,Connaught Place,28.6315,77.2167
2026-08-07 03:00:00,25.9,99,0.0,5.4,Connaught Place,28.6315,77.2167
2026-08-07 04:00:00,25.9,97,0.0,6.0,Connaught Place,28.6315,77.2167
2026-08-07 05:00:00,26.6,97,2.1,5.3,Connaught Place,28.6315,77.2167
2026-08-07 06:00:00,26.3,97,1.1,4.6,Connaught Place,28.6315,77.2167
2026-08-07 07:00:00,26.0,96,2.5,6.3,Connaught Place,28.6315,77.2167
2026-08-07 08:00:00,26.6,95,4.0,9.2,Connaught Place,28.6315,77.2167
2026-08-07 09:00:00,26.7,95,4.0,10.2,Connaught Place,28.6315,77.2167
2026-08-07 10:00:00,27.3,93,2.4,8.7,Connaught Place,28.6315,77.2167
2026-08-07 11:00:00,28.3,86,3.2,12.0,Connaught Place,28.6315,77.2167
2026-08-07 12:00:00,26.1,97,13.5,13.4,Connaught Place,28.6315,77.2167
2026-08-07 13:00:00,26.8,96,3.1,12.6,Connaught Place,28.6315,77.2167
2026-08-07 14:00:00,27.7,93,1.2,11.4,Connaught Place,28.6315,77.2167
2026-08-07 15:00:00,28.6,87,0.3,11.4,Connaught Place,28.6315,77.2167
2026-08-07 16:00:00,28.8,82,0.1,12.8,Connaught Place,28.6315,77.2167
2026-08-07 17:00:00,26.9,94,4.7,10.4,Connaught Place,28.6315,77.2167
2026-08-07 18:00:00,26.8,94,0.6,9.3,Connaught Place,28.6315,77.2167
2026-08-07 19:00:00,26.5,96,1.1,6.5,Connaught Place,28.6315,77.2167
2026-08-07 20:00:00,26.4,95,0.1,9.9,Connaught Place,28.6315,77.2167
2026-08-07 21:00:00,25.7,97,2.9,11.8,Connaught Place,28.6315,77.2167
2026-08-07 22:00:00,25.7,97,7.7,9.8,Connaught Place,28.6315,77.2167
2026-08-07 23:00:00,26.0,97,6.0,6.4,Connaught Place,28.6315,77.2167
2026-08-08 00:00:00,26.1,96,2.5,6.8,Connaught Place,28.6315,77.2167
2026-08-08 01:00:00,26.0,96,0.3,10.9,Connaught Place,28.6315,77.2167
2026-08-08 02:00:00,25.3,96,0.6,8.5,Connaught Place,28.6315,77.2167
2026-08-08 03:00:00,24.9,98,8.5,7.6,Connaught Place,28.6315,77.2167
2026-08-08 04:00:00,24.7,98,6.6,6.8,Connaught Place,28.6315,77.2167
2026-08-08 05:00:00,25.7,96,0.4,8.0,Connaught Place,28.6315,77.2167
2026-08-08 06:00:00,25.7,96,5.2,9.5,Connaught Place,28.6315,77.2167
2026-08-08 07:00:00,25.8,96,1.2,8.0,Connaught Place,28.6315,77.2167
2026-08-08 08:00:00,27.3,92,0.3,6.7,Connaught Place,28.6315,77.2167
2026-08-08 09:00:00,29.4,85,0.1,7.4,Connaught Place,28.6315,77.2167
2026-08-08 10:00:00,30.9,77,0.1,12.7,Connaught Place,28.6315,77.2167
2026-08-08 11:00:00,29.9,79,0.4,15.5,Connaught Place,28.6315,77.2167
2026-08-08 12:00:00,31.1,75,0.9,10.2,Connaught Place,28.6315,77.2167
2026-08-08 13:00:00,31.1,73,0.2,11.3,Connaught Place,28.6315,77.2167
2026-08-08 14:00:00,30.6,75,1.2,5.8,Connaught Place,28.6315,77.2167
2026-08-08 15:00:00,32.2,68,0.1,6.7,Connaught Place,28.6315,77.2167
2026-08-08 16:00:00,32.2,66,0.1,7.2,Connaught Place,28.6315,77.2167
2026-08-08 17:00:00,31.2,73,0.6,8.4,Connaught Place,28.6315,77.2167
2026-08-08 18:00:00,30.4,77,0.0,7.6,Connaught Place,28.6315,77.2167
2026-08-08 19:00:00,29.5,82,0.0,4.9,Connaught Place,28.6315,77.2167
2026-08-08 20:00:00,29.1,85,0.0,3.2,Connaught Place,28.6315,77.2167
2026-08-08 21:00:00,28.9,86,0.0,5.3,Connaught Place,28.6315,77.2167
2026-08-08 22:00:00,28.6,88,0.0,3.6,Connaught Place,28.6315,77.2167
2026-08-08 23:00:00,29.0,89,0.0,1.8,Connaught Place,28.6315,77.2167
2026-08-09 00:00:00,28.5,88,0.1,2.9,Connaught Place,28.6315,77.2167
2026-08-09 01:00:00,28.4,88,0.6,2.3,Connaught Place,28.6315,77.2167
2026-08-09 02:00:00,27.9,90,0.1,4.3,Connaught Place,28.6315,77.2167
2026-08-09 03:00:00,27.1,93,0.3,7.9,Connaught Place,28.6315,77.2167
2026-08-09 04:00:00,26.7,94,0.2,6.7,Connaught Place,28.6315,77.2167
2026-08-09 05:00:00,25.0,99,0.1,6.1,Connaught Place,28.6315,77.2167
2026-08-09 06:00:00,25.7,96,0.0,5.3,Connaught Place,28.6315,77.2167
2026-08-09 07:00:00,27.0,94,0.0,2.6,Connaught Place,28.6315,77.2167
2026-08-09 08:00:00,28.9,87,0.0,3.5,Connaught Place,28.6315,77.2167
2026-08-09 09:00:00,30.6,79,0.0,4.9,Connaught Place,28.6315,77.2167
2026-08-09 10:00:00,31.6,74,0.1,6.9,Connaught Place,28.6315,77.2167
2026-08-09 11:00:00,32.6,66,0.0,8.0,Connaught Place,28.6315,77.2167
2026-08-09 12:00:00,32.6,68,0.5,6.5,Connaught Place,28.6315,77.2167
2026-08-09 13:00:00,33.4,65,0.1,4.2,Connaught Place,28.6315,77.2167
2026-08-09 14:00:00,33.7,64,0.1,3.7,Connaught Place,28.6315,77.2167
2026-08-09 15:00:00,33.9,63,0.0,1.1,Connaught Place,28.6315,77.2167
2026-08-09 16:00:00,33.7,63,0.0,2.6,Connaught Place,28.6315,77.2167
2026-08-09 17:00:00,33.4,66,0.5,3.6,Connaught Place,28.6315,77.2167
2026-08-09 18:00:00,31.8,74,0.3,3.3,Connaught Place,28.6315,77.2167
2026-08-09 19:00:00,30.7,79,0.0,4.1,Connaught Place,28.6315,77.2167
2026-08-09 20:00:00,30.4,81,0.0,4.5,Connaught Place,28.6315,77.2167
2026-08-09 21:00:00,30.1,82,0.0,4.1,Connaught Place,28.6315,77.2167
2026-08-09 22:00:00,29.7,82,0.0,5.0,Connaught Place,28.6315,77.2167
2026-08-09 23:00:00,30.3,80,0.0,4.9,Connaught Place,28.6315,77.2167
2026-08-10 00:00:00,28.5,85,0.1,1.9,Connaught Place,28.6315,77.2167
2026-08-10 01:00:00,26.5,93,1.1,12.3,Connaught Place,28.6315,77.2167
2026-08-10 02:00:00,26.5,94,0.2,4.3,Connaught Place,28.6315,77.2167
2026-08-10 03:00:00,26.9,93,0.0,5.1,Connaught Place,28.6315,77.2167
2026-08-10 04:00:00,27.2,93,0.0,4.6,Connaught Place,28.6315,77.2167
2026-08-10 05:00:00,28.0,93,0.0,5.6,Connaught Place,28.6315,77.2167
2026-08-10 06:00:00,27.1,94,1.0,6.0,Connaught Place,28.6315,77.2167
2026-08-10 07:00:00,27.3,92,0.2,6.3,Connaught Place,28.6315,77.2167
2026-08-10 08:00:00,28.4,86,0.0,5.4,Connaught Place,28.6315,77.2167
2026-08-10 09:00:00,29.7,81,0.0,6.7,Connaught Place,28.6315,77.2167
2026-08-10 10:00:00,31.0,76,0.0,5.2,Connaught Place,28.6315,77.2167
2026-08-10 11:00:00,33.0,65,0.0,5.4,Connaught Place,28.6315,77.2167
2026-08-10 12:00:00,33.4,64,0.1,4.9,Connaught Place,28.6315,77.2167
2026-08-10 13:00:00,32.2,69,0.1,8.1,Connaught Place,28.6315,77.2167
2026-08-10 14:00:00,27.7,93,7.8,3.0,Connaught Place,28.6315,77.2167
2026-08-10 15:00:00,28.2,90,1.3,2.9,Connaught Place,28.6315,77.2167
2026-08-10 16:00:00,28.6,88,0.2,2.1,Connaught Place,28.6315,77.2167
2026-08-10 17:00:00,29.7,84,0.0,7.6,Connaught Place,28.6315,77.2167
2026-08-10 18:00:00,29.5,85,0.0,6.4,Connaught Place,28.6315,77.2167
2026-08-10 19:00:00,29.0,87,0.0,6.3,Connaught Place,28.6315,77.2167
2026-08-10 20:00:00,28.7,89,0.0,5.5,Connaught Place,28.6315,77.2167
2026-08-10 21:00:00,28.6,90,0.0,3.6,Connaught Place,28.6315,77.2167
2026-08-10 22:00:00,28.4,91,0.0,3.3,Connaught Place,28.6315,77.2167
2026-08-10 23:00:00,27.8,95,0.0,6.9,Connaught Place,28.6315,77.2167
2026-08-11 00:00:00,27.6,96,0.3,9.5,Connaught Place,28.6315,77.2167
2026-08-11 01:00:00,27.6,95,0.0,8.8,Connaught Place,28.6315,77.2167
2026-08-11 02:00:00,27.4,95,0.0,9.1,Connaught Place,28.6315,77.2167
2026-08-11 03:00:00,27.2,95,0.0,8.1,Connaught Place,28.6315,77.2167
2026-08-11 04:00:00,27.0,94,0.0,7.4,Connaught Place,28.6315,77.2167
2026-08-11 05:00:00,27.0,93,0.1,7.1,Connaught Place,28.6315,77.2167
2026-08-11 06:00:00,27.1,93,0.0,7.2,Connaught Place,28.6315,77.2167
2026-08-11 07:00:00,27.8,88,0.0,8.2,Connaught Place,28.6315,77.2167
2026-08-11 08:00:00,28.8,85,0.0,6.6,Connaught Place,28.6315,77.2167
2026-08-11 09:00:00,29.5,82,0.0,5.6,Connaught Place,28.6315,77.2167
2026-08-11 10:00:00,30.4,80,0.1,4.3,Connaught Place,28.6315,77.2167
2026-08-11 11:00:00,30.5,80,0.2,1.7,Connaught Place,28.6315,77.2167
2026-08-11 12:00:00,28.4,87,4.2,8.2,Connaught Place,28.6315,77.2167
2026-08-11 13:00:00,28.0,93,3.9,5.4,Connaught Place,28.6315,77.2167
2026-08-11 14:00:00,28.6,90,1.1,3.3,Connaught Place,28.6315,77.2167
2026-08-11 15:00:00,30.0,80,0.6,5.5,Connaught Place,28.6315,77.2167
2026-08-11 16:00:00,30.5,76,0.3,4.8,Connaught Place,28.6315,77.2167
2026-08-11 17:00:00,30.5,77,0.1,4.4,Connaught Place,28.6315,77.2167
2026-08-11 18:00:00,30.2,79,0.0,2.3,Connaught Place,28.6315,77.2167
2026-08-11 19:00:00,29.6,86,0.7,1.5,Connaught Place,28.6315,77.2167
2026-08-11 20:00:00,29.1,88,0.1,3.1,Connaught Place,28.6315,77.2167
2026-08-11 21:00:00,28.8,90,0.1,3.5,Connaught Place,28.6315,77.2167
2026-08-11 22:00:00,28.3,91,0.0,3.8,Connaught Place,28.6315,77.2167
2026-08-11 23:00:00,28.6,87,0.0,4.8,Connaught Place,28.6315,77.2167
2026-08-12 00:00:00,28.3,89,0.0,3.0,Connaught Place,28.6315,77.2167
2026-08-12 01:00:00,28.4,89,0.0,0.3,Connaught Place,28.6315,77.2167
2026-08-12 02:00:00,27.9,91,0.0,2.8,Connaught Place,28.6315,77.2167
2026-08-12 03:00:00,27.6,91,0.0,3.8,Connaught Place,28.6315,77.2167
2026-08-12 04:00:00,27.3,93,0.0,2.8,Connaught Place,28.6315,77.2167
2026-08-12 05:00:00,27.8,95,0.0,1.5,Connaught Place,28.6315,77.2167
2026-08-12 06:00:00,27.9,94,0.0,3.0,Connaught Place,28.6315,77.2167
2026-08-12 07:00:00,28.6,92,0.0,2.9,Connaught Place,28.6315,77.2167
2026-08-12 08:00:00,29.9,83,0.0,2.9,Connaught Place,28.6315,77.2167
2026-08-12 09:00:00,31.1,75,0.0,3.2,Connaught Place,28.6315,77.2167
2026-08-12 10:00:00,32.0,71,0.2,2.8,Connaught Place,28.6315,77.2167
2026-08-12 11:00:00,33.0,64,0.3,3.6,Connaught Place,28.6315,77.2167
2026-08-12 12:00:00,33.6,62,0.1,2.8,Connaught Place,28.6315,77.2167
2026-08-12 13:00:00,34.1,60,0.1,2.1,Connaught Place,28.6315,77.2167
2026-08-12 14:00:00,34.5,59,0.1,0.3,Connaught Place,28.6315,77.2167
2026-08-12 15:00:00,34.7,58,0.0,0.7,Connaught Place,28.6315,77.2167
2026-08-12 16:00:00,34.3,60,0.0,1.1,Connaught Place,28.6315,77.2167
2026-08-12 17:00:00,34.4,61,0.3,1.9,Connaught Place,28.6315,77.2167
2026-08-12 18:00:00,30.2,82,0.7,10.5,Connaught Place,28.6315,77.2167
2026-08-12 19:00:00,28.7,89,0.8,8.4,Connaught Place,28.6315,77.2167
2026-08-12 20:00:00,28.0,93,0.6,5.0,Connaught Place,28.6315,77.2167
2026-08-12 21:00:00,28.1,94,0.0,5.5,Connaught Place,28.6315,77.2167
2026-08-12 22:00:00,28.2,92,0.0,4.0,Connaught Place,28.6315,77.2167
2026-08-12 23:00:00,29.6,87,0.0,5.7,Connaught Place,28.6315,77.2167
2026-08-13 00:00:00,29.1,89,0.0,3.8,Connaught Place,28.6315,77.2167
2026-08-13 01:00:00,28.8,89,0.0,3.7,Connaught Place,28.6315,77.2167
2026-08-13 02:00:00,28.5,90,0.0,5.1,Connaught Place,28.6315,77.2167
2026-08-13 03:00:00,28.2,92,0.0,5.6,Connaught Place,28.6315,77.2167
2026-08-13 04:00:00,27.9,94,0.0,3.6,Connaught Place,28.6315,77.2167
2026-08-13 05:00:00,26.9,97,0.0,5.6,Connaught Place,28.6315,77.2167
2026-08-13 06:00:00,26.7,95,0.7,9.3,Connaught Place,28.6315,77.2167
2026-08-13 07:00:00,27.9,95,0.2,5.8,Connaught Place,28.6315,77.2167
2026-08-13 08:00:00,30.1,81,0.0,3.1,Connaught Place,28.6315,77.2167
2026-08-13 09:00:00,31.7,75,0.0,4.0,Connaught Place,28.6315,77.2167
2026-08-13 10:00:00,32.6,71,0.0,2.1,Connaught Place,28.6315,77.2167
2026-08-13 11:00:00,33.3,65,0.1,1.6,Connaught Place,28.6315,77.2167
2026-08-13 12:00:00,33.8,60,0.0,5.0,Connaught Place,28.6315,77.2167
2026-08-13 13:00:00,32.8,67,0.4,8.1,Connaught Place,28.6315,77.2167
2026-08-13 14:00:00,33.2,68,0.2,3.2,Connaught Place,28.6315,77.2167
2026-08-13 15:00:00,33.6,66,0.1,5.5,Connaught Place,28.6315,77.2167
2026-08-13 16:00:00,33.7,65,0.0,4.5,Connaught Place,28.6315,77.2167
2026-08-13 17:00:00,31.3,81,0.8,7.5,Connaught Place,28.6315,77.2167
2026-08-13 18:00:00,31.1,80,0.1,0.3,Connaught Place,28.6315,77.2167
2026-08-13 19:00:00,30.6,85,0.0,3.8,Connaught Place,28.6315,77.2167
2026-08-13 20:00:00,30.4,86,0.0,2.4,Connaught Place,28.6315,77.2167
2026-08-13 21:00:00,30.5,85,0.0,2.4,Connaught Place,28.6315,77.2167
2026-08-13 22:00:00,30.1,85,0.0,3.6,Connaught Place,28.6315,77.2167
2026-08-13 23:00:00,30.4,87,0.0,2.2,Connaught Place,28.6315,77.2167
2026-08-14 00:00:00,30.0,88,0.0,3.1,Connaught Place,28.6315,77.2167
2026-08-14 01:00:00,29.5,89,0.0,2.9,Connaught Place,28.6315,77.2167
2026-08-14 02:00:00,29.2,89,0.0,3.6,Connaught Place,28.6315,77.2167
2026-08-14 03:00:00,29.0,90,0.0,3.9,Connaught Place,28.6315,77.2167
2026-08-14 04:00:00,28.7,90,0.0,4.3,Connaught Place,28.6315,77.2167
2026-08-14 05:00:00,27.5,97,0.0,2.5,Connaught Place,28.6315,77.2167
2026-08-14 06:00:00,27.0,99,2.2,4.8,Connaught Place,28.6315,77.2167
2026-08-14 07:00:00,27.5,95,0.8,2.6,Connaught Place,28.6315,77.2167
2026-08-14 08:00:00,28.3,89,0.2,1.5,Connaught Place,28.6315,77.2167
2026-08-14 09:00:00,28.8,84,0.1,2.6,Connaught Place,28.6315,77.2167
2026-08-14 10:00:00,29.8,81,0.0,2.0,Connaught Place,28.6315,77.2167
2026-08-14 11:00:00,30.3,80,0.0,4.7,Connaught Place,28.6315,77.2167
2026-08-14 12:00:00,30.7,80,0.9,0.5,Connaught Place,28.6315,77.2167
2026-08-14 13:00:00,31.4,78,0.4,1.0,Connaught Place,28.6315,77.2167
2026-08-14 14:00:00,28.8,85,4.1,5.3,Connaught Place,28.6315,77.2167
2026-08-14 15:00:00,28.3,91,4.6,1.5,Connaught Place,28.6315,77.2167
2026-08-14 16:00:00,28.7,88,0.8,1.4,Connaught Place,28.6315,77.2167
2026-08-14 17:00:00,30.3,78,0.3,4.0,Connaught Place,28.6315,77.2167
2026-08-14 18:00:00,29.7,82,0.0,3.4,Connaught Place,28.6315,77.2167
2026-08-14 19:00:00,29.0,87,0.0,4.0,Connaught Place,28.6315,77.2167
2026-08-14 20:00:00,28.6,88,0.0,6.0,Connaught Place,28.6315,77.2167
2026-08-14 21:00:00,28.3,89,0.0,3.3,Connaught Place,28.6315,77.2167
2026-08-14 22:00:00,28.0,91,0.0,3.2,Connaught Place,28.6315,77.2167
2026-08-14 23:00:00,28.2,88,0.0,3.5,Connaught Place,28.6315,77.2167
2026-08-15 00:00:00,28.0,90,0.0,1.7,Connaught Place,28.6315,77.2167
2026-08-15 01:00:00,27.7,92,0.0,1.5,Connaught Place,28.6315,77.2167
2026-08-15 02:00:00,27.5,93,0.0,2.0,Connaught Place,28.6315,77.2167
2026-08-15 03:00:00,27.4,94,0.0,2.9,Connaught Place,28.6315,77.2167
2026-08-15 04:00:00,27.3,94,0.0,1.0,Connaught Place,28.6315,77.2167
2026-08-15 05:00:00,26.5,98,0.0,6.1,Connaught Place,28.6315,77.2167
2026-08-15 06:00:00,26.5,96,3.3,1.3,Connaught Place,28.6315,77.2167
2026-08-15 07:00:00,26.7,97,1.9,3.1,Connaught Place,28.6315,77.2167
2026-08-15 08:00:00,27.2,96,1.4,3.3,Connaught Place,28.6315,77.2167
2026-08-15 09:00:00,27.9,93,0.6,3.4,Connaught Place,28.6315,77.2167
2026-08-15 10:00:00,29.3,86,0.1,0.9,Connaught Place,28.6315,77.2167
2026-08-15 11:00:00,32.2,74,0.0,4.2,Connaught Place,28.6315,77.2167
2026-08-15 12:00:00,31.4,78,1.4,7.8,Connaught Place,28.6315,77.2167
2026-08-15 13:00:00,31.2,81,2.3,5.8,Connaught Place,28.6315,77.2167
2026-08-15 14:00:00,32.6,70,0.2,4.9,Connaught Place,28.6315,77.2167
2026-08-15 15:00:00,32.6,67,0.6,7.5,Connaught Place,28.6315,77.2167
2026-08-15 16:00:00,32.5,67,0.0,6.1,Connaught Place,28.6315,77.2167
2026-08-15 17:00:00,31.8,74,0.0,7.0,Connaught Place,28.6315,77.2167
2026-08-15 18:00:00,31.4,78,0.0,4.3,Connaught Place,28.6315,77.2167
2026-08-15 19:00:00,30.6,84,0.0,4.6,Connaught Place,28.6315,77.2167
2026-08-15 20:00:00,30.2,86,0.0,4.4,Connaught Place,28.6315,77.2167
2026-08-15 21:00:00,29.9,87,0.0,4.0,Connaught Place,28.6315,77.2167
2026-08-15 22:00:00,29.5,88,0.0,3.6,Connaught Place,28.6315,77.2167
2026-08-15 23:00:00,29.2,85,0.0,8.2,Connaught Place,28.6315,77.2167
2026-08-16 00:00:00,29.0,87,0.0,7.3,Connaught Place,28.6315,77.2167
2026-08-16 01:00:00,28.7,89,0.1,5.6,Connaught Place,28.6315,77.2167
2026-08-16 02:00:00,27.1,90,0.5,10.9,Connaught Place,28.6315,77.2167
2026-08-16 03:00:00,25.7,96,3.3,4.8,Connaught Place,28.6315,77.2167
2026-08-16 04:00:00,26.4,94,0.3,7.1,Connaught Place,28.6315,77.2167
2026-08-16 05:00:00,28.1,85,0.0,9.9,Connaught Place,28.6315,77.2167
2026-08-16 06:00:00,27.8,84,0.2,8.2,Connaught Place,28.6315,77.2167
2026-08-16 07:00:00,28.4,82,0.2,9.2,Connaught Place,28.6315,77.2167
2026-08-16 08:00:00,29.5,78,0.0,8.0,Connaught Place,28.6315,77.2167
2026-08-16 09:00:00,30.7,74,0.0,7.3,Connaught Place,28.6315,77.2167
2026-08-16 10:00:00,32.2,68,0.0,7.0,Connaught Place,28.6315,77.2167
2026-08-16 11:00:00,32.8,66,0.0,7.8,Connaught Place,28.6315,77.2167
2026-08-16 12:00:00,33.4,65,0.1,7.4,Connaught Place,28.6315,77.2167
2026-08-16 13:00:00,33.6,64,0.1,6.2,Connaught Place,28.6315,77.2167
2026-08-16 14:00:00,33.7,63,0.0,7.6,Connaught Place,28.6315,77.2167
2026-08-16 15:00:00,33.6,64,0.1,8.8,Connaught Place,28.6315,77.2167
2026-08-16 16:00:00,33.4,64,0.1,9.4,Connaught Place,28.6315,77.2167
2026-08-16 17:00:00,31.5,75,0.2,4.2,Connaught Place,28.6315,77.2167
2026-08-16 18:00:00,31.0,78,0.0,2.0,Connaught Place,28.6315,77.2167
2026-08-16 19:00:00,30.3,81,0.0,4.2,Connaught Place,28.6315,77.2167
2026-08-16 20:00:00,29.8,83,0.1,4.5,Connaught Place,28.6315,77.2167
2026-08-16 21:00:00,29.5,86,0.0,5.4,Connaught Place,28.6315,77.2167
2026-08-16 22:00:00,29.2,88,0.0,5.4,Connaught Place,28.6315,77.2167
2026-08-16 23:00:00,29.6,84,0.0,5.6,Connaught Place,28.6315,77.2167
2026-07-18 00:00:00,31.5,69,0.0,7.6,Rohini,28.7495,77.0565
2026-07-18 01:00:00,31.1,64,0.0,6.2,Rohini,28.7495,77.0565
2026-07-18 02:00:00,30.7,64,0.0,5.0,Rohini,28.7495,77.0565
2026-07-18 03:00:00,30.7,63,0.0,6.7,Rohini,28.7495,77.0565
2026-07-18 04:00:00,30.6,63,0.0,8.8,Rohini,28.7495,77.0565
2026-07-18 05:00:00,30.9,65,0.0,11.2,Rohini,28.7495,77.0565
2026-07-18 06:00:00,31.1,58,0.0,12.3,Rohini,28.7495,77.0565
2026-07-18 07:00:00,31.7,57,0.0,12.0,Rohini,28.7495,77.0565
2026-07-18 08:00:00,32.6,58,0.0,10.7,Rohini,28.7495,77.0565
2026-07-18 09:00:00,32.9,59,0.0,9.9,Rohini,28.7495,77.0565
2026-07-18 10:00:00,33.9,56,0.0,11.1,Rohini,28.7495,77.0565
2026-07-18 11:00:00,35.0,52,0.0,14.6,Rohini,28.7495,77.0565
2026-07-18 12:00:00,35.5,49,0.0,13.9,Rohini,28.7495,77.0565
2026-07-18 13:00:00,36.0,47,0.0,11.9,Rohini,28.7495,77.0565
2026-07-18 14:00:00,36.1,46,0.0,9.8,Rohini,28.7495,77.0565
2026-07-18 15:00:00,36.6,43,0.0,9.0,Rohini,28.7495,77.0565
2026-07-18 16:00:00,36.1,45,0.0,8.2,Rohini,28.7495,77.0565
2026-07-18 17:00:00,36.1,45,0.0,7.0,Rohini,28.7495,77.0565
2026-07-18 18:00:00,35.3,50,0.0,6.4,Rohini,28.7495,77.0565
2026-07-18 19:00:00,34.3,49,0.0,7.7,Rohini,28.7495,77.0565
2026-07-18 20:00:00,33.6,54,0.0,4.7,Rohini,28.7495,77.0565
2026-07-18 21:00:00,33.5,58,0.0,2.3,Rohini,28.7495,77.0565
2026-07-18 22:00:00,33.2,60,0.0,2.1,Rohini,28.7495,77.0565
2026-07-18 23:00:00,33.5,61,0.0,2.6,Rohini,28.7495,77.0565
2026-07-19 00:00:00,32.8,62,0.0,2.5,Rohini,28.7495,77.0565
2026-07-19 01:00:00,32.5,63,0.0,2.2,Rohini,28.7495,77.0565
2026-07-19 02:00:00,31.7,67,0.0,4.2,Rohini,28.7495,77.0565
2026-07-19 03:00:00,31.3,70,0.0,3.1,Rohini,28.7495,77.0565
2026-07-19 04:00:00,30.8,70,0.0,3.9,Rohini,28.7495,77.0565
2026-07-19 05:00:00,30.7,73,0.0,6.1,Rohini,28.7495,77.0565
2026-07-19 06:00:00,31.1,72,0.0,7.0,Rohini,28.7495,77.0565
2026-07-19 07:00:00,31.7,69,0.0,7.5,Rohini,28.7495,77.0565
2026-07-19 08:00:00,32.3,62,0.0,7.7,Rohini,28.7495,77.0565
2026-07-19 09:00:00,33.0,58,0.0,6.5,Rohini,28.7495,77.0565
2026-07-19 10:00:00,34.3,54,0.0,8.6,Rohini,28.7495,77.0565
2026-07-19 11:00:00,35.5,49,0.0,11.3,Rohini,28.7495,77.0565
2026-07-19 12:00:00,36.0,48,0.1,10.7,Rohini,28.7495,77.0565
2026-07-19 13:00:00,36.4,48,0.0,9.0,Rohini,28.7495,77.0565
2026-07-19 14:00:00,36.5,48,0.0,6.8,Rohini,28.7495,77.0565
2026-07-19 15:00:00,34.3,57,0.5,9.0,Rohini,28.7495,77.0565
2026-07-19 16:00:00,34.1,58,0.2,7.1,Rohini,28.7495,77.0565
2026-07-19 17:00:00,36.4,45,0.0,4.3,Rohini,28.7495,77.0565
2026-07-19 18:00:00,35.3,52,0.0,6.3,Rohini,28.7495,77.0565
2026-07-19 19:00:00,33.6,60,0.0,9.3,Rohini,28.7495,77.0565
2026-07-19 20:00:00,32.1,71,0.0,8.7,Rohini,28.7495,77.0565
2026-07-19 21:00:00,31.2,79,0.2,6.7,Rohini,28.7495,77.0565
2026-07-19 22:00:00,30.9,80,0.2,8.5,Rohini,28.7495,77.0565
2026-07-19 23:00:00,31.7,75,0.0,10.9,Rohini,28.7495,77.0565
2026-07-20 00:00:00,31.4,76,0.0,11.0,Rohini,28.7495,77.0565
2026-07-20 01:00:00,30.5,81,0.0,8.1,Rohini,28.7495,77.0565
2026-07-20 02:00:00,29.4,86,0.0,6.5,Rohini,28.7495,77.0565
2026-07-20 03:00:00,28.3,93,1.2,7.6,Rohini,28.7495,77.0565
2026-07-20 04:00:00,27.6,93,0.4,11.2,Rohini,28.7495,77.0565
2026-07-20 05:00:00,28.0,88,0.2,9.8,Rohini,28.7495,77.0565
2026-07-20 06:00:00,28.3,89,0.1,8.1,Rohini,28.7495,77.0565
2026-07-20 07:00:00,27.8,90,3.4,1.4,Rohini,28.7495,77.0565
2026-07-20 08:00:00,27.8,92,2.3,6.3,Rohini,28.7495,77.0565
2026-07-20 09:00:00,29.3,86,0.3,6.1,Rohini,28.7495,77.0565
2026-07-20 10:00:00,30.2,83,1.0,2.7,Rohini,28.7495,77.0565
2026-07-20 11:00:00,33.2,65,0.2,7.8,Rohini,28.7495,77.0565
2026-07-20 12:00:00,33.8,63,0.3,0.8,Rohini,28.7495,77.0565
2026-07-20 13:00:00,30.1,81,3.2,9.4,Rohini,28.7495,77.0565
2026-07-20 14:00:00,30.3,79,0.5,10.8,Rohini,28.7495,77.0565
2026-07-20 15:00:00,31.6,74,0.1,6.2,Rohini,28.7495,77.0565
2026-07-20 16:00:00,31.5,74,0.1,5.1,Rohini,28.7495,77.0565
2026-07-20 17:00:00,28.6,89,0.0,1.9,Rohini,28.7495,77.0565
2026-07-20 18:00:00,28.1,93,3.3,5.2,Rohini,28.7495,77.0565
2026-07-20 19:00:00,27.8,95,1.7,3.8,Rohini,28.7495,77.0565
2026-07-20 20:00:00,27.8,95,0.5,2.7,Rohini,28.7495,77.0565
2026-07-20 21:00:00,27.7,95,1.3,1.0,Rohini,28.7495,77.0565
2026-07-20 22:00:00,27.5,93,2.8,2.0,Rohini,28.7495,77.0565
2026-07-20 23:00:00,26.4,95,0.4,4.8,Rohini,28.7495,77.0565
2026-07-21 00:00:00,26.6,97,0.9,3.4,Rohini,28.7495,77.0565
2026-07-21 01:00:00,26.8,96,0.4,5.4,Rohini,28.7495,77.0565
2026-07-21 02:00:00,26.8,95,0.1,6.7,Rohini,28.7495,77.0565
2026-07-21 03:00:00,26.6,95,0.4,7.8,Rohini,28.7495,77.0565
2026-07-21 04:00:00,26.3,93,0.1,7.2,Rohini,28.7495,77.0565
2026-07-21 05:00:00,26.0,95,0.7,5.8,Rohini,28.7495,77.0565
2026-07-21 06:00:00,25.6,95,4.0,8.2,Rohini,28.7495,77.0565
2026-07-21 07:00:00,25.7,96,2.1,8.7,Rohini,28.7495,77.0565
2026-07-21 08:00:00,26.4,92,0.3,9.0,Rohini,28.7495,77.0565
2026-07-21 09:00:00,27.1,88,0.2,9.3,Rohini,28.7495,77.0565
2026-07-21 10:00:00,28.6,79,0.2,11.0,Rohini,28.7495,77.0565
2026-07-21 11:00:00,27.1,90,0.2,10.8,Rohini,28.7495,77.0565
2026-07-21 12:00:00,27.7,93,1.8,7.4,Rohini,28.7495,77.0565
2026-07-21 13:00:00,29.4,85,0.7,9.1,Rohini,28.7495,77.0565
2026-07-21 14:00:00,28.7,85,2.0,9.7,Rohini,28.7495,77.0565
2026-07-21 15:00:00,28.7,85,0.7,10.4,Rohini,28.7495,77.0565
2026-07-21 16:00:00,29.0,84,0.5,7.9,Rohini,28.7495,77.0565
2026-07-21 17:00:00,29.7,79,0.2,10.0,Rohini,28.7495,77.0565
2026-07-21 18:00:00,29.2,82,0.0,7.0,Rohini,28.7495,77.0565
2026-07-21 19:00:00,28.7,85,0.1,6.4,Rohini,28.7495,77.0565
2026-07-21 20:00:00,28.4,86,0.1,7.1,Rohini,28.7495,77.0565
2026-07-21 21:00:00,28.3,86,0.1,8.1,Rohini,28.7495,77.0565
2026-07-21 22:00:00,28.1,86,0.0,10.9,Rohini,28.7495,77.0565
2026-07-21 23:00:00,27.5,92,0.0,11.8,Rohini,28.7495,77.0565
2026-07-22 00:00:00,27.1,91,0.1,11.4,Rohini,28.7495,77.0565
2026-07-22 01:00:00,26.9,91,0.0,9.6,Rohini,28.7495,77.0565
2026-07-22 02:00:00,26.8,92,0.0,8.9,Rohini,28.7495,77.0565
2026-07-22 03:00:00,26.5,93,0.4,12.3,Rohini,28.7495,77.0565
2026-07-22 04:00:00,26.0,94,0.5,11.8,Rohini,28.7495,77.0565
2026-07-22 05:00:00,26.3,96,0.4,11.0,Rohini,28.7495,77.0565
2026-07-22 06:00:00,26.3,95,0.7,13.8,Rohini,28.7495,77.0565
2026-07-22 07:00:00,26.9,92,0.2,12.3,Rohini,28.7495,77.0565
2026-07-22 08:00:00,27.9,86,0.2,14.2,Rohini,28.7495,77.0565
2026-07-22 09:00:00,28.6,81,0.8,12.8,Rohini,28.7495,77.0565
2026-07-22 10:00:00,30.3,71,0.1,14.4,Rohini,28.7495,77.0565
2026-07-22 11:00:00,30.6,67,0.1,14.3,Rohini,28.7495,77.0565
2026-07-22 12:00:00,31.9,62,0.1,15.2,Rohini,28.7495,77.0565
2026-07-22 13:00:00,32.1,65,0.1,12.8,Rohini,28.7495,77.0565
2026-07-22 14:00:00,32.2,66,0.2,11.2,Rohini,28.7495,77.0565
2026-07-22 15:00:00,32.4,65,0.0,10.9,Rohini,28.7495,77.0565
2026-07-22 16:00:00,31.8,66,0.2,10.6,Rohini,28.7495,77.0565
2026-07-22 17:00:00,28.3,88,0.0,7.6,Rohini,28.7495,77.0565
2026-07-22 18:00:00,28.6,87,0.1,4.3,Rohini,28.7495,77.0565
2026-07-22 19:00:00,28.6,88,0.0,5.5,Rohini,28.7495,77.0565
2026-07-22 20:00:00,28.7,88,0.0,7.6,Rohini,28.7495,77.0565
2026-07-22 21:00:00,28.7,88,0.0,9.7,Rohini,28.7495,77.0565
2026-07-22 22:00:00,28.8,84,0.0,10.3,Rohini,28.7495,77.0565
2026-07-22 23:00:00,28.6,82,0.0,10.2,Rohini,28.7495,77.0565
2026-07-23 00:00:00,28.4,83,0.0,11.8,Rohini,28.7495,77.0565
2026-07-23 01:00:00,28.3,82,0.0,12.7,Rohini,28.7495,77.0565
2026-07-23 02:00:00,28.0,83,0.0,12.6,Rohini,28.7495,77.0565
2026-07-23 03:00:00,27.8,84,0.0,11.6,Rohini,28.7495,77.0565
2026-07-23 04:00:00,27.5,84,0.0,10.8,Rohini,28.7495,77.0565
2026-07-23 05:00:00,27.0,92,0.0,8.9,Rohini,28.7495,77.0565
2026-07-23 06:00:00,26.9,92,0.3,12.8,Rohini,28.7495,77.0565
2026-07-23 07:00:00,27.6,88,0.1,11.6,Rohini,28.7495,77.0565
2026-07-23 08:00:00,28.2,83,0.3,9.9,Rohini,28.7495,77.0565
2026-07-23 09:00:00,29.5,77,0.1,12.1,Rohini,28.7495,77.0565
2026-07-23 10:00:00,30.9,70,0.0,13.1,Rohini,28.7495,77.0565
2026-07-23 11:00:00,31.8,63,0.0,15.0,Rohini,28.7495,77.0565
2026-07-23 12:00:00,32.2,61,0.1,15.2,Rohini,28.7495,77.0565
2026-07-23 13:00:00,32.5,61,0.1,14.3,Rohini,28.7495,77.0565
2026-07-23 14:00:00,32.9,60,0.1,13.1,Rohini,28.7495,77.0565
2026-07-23 15:00:00,32.9,60,0.1,14.1,Rohini,28.7495,77.0565
2026-07-23 16:00:00,30.9,71,0.6,9.2,Rohini,28.7495,77.0565
2026-07-23 17:00:00,31.9,65,0.1,10.1,Rohini,28.7495,77.0565
2026-07-23 18:00:00,31.0,70,0.2,6.4,Rohini,28.7495,77.0565
2026-07-23 19:00:00,29.6,78,0.2,2.5,Rohini,28.7495,77.0565
2026-07-23 20:00:00,28.2,87,0.9,3.5,Rohini,28.7495,77.0565
2026-07-23 21:00:00,27.0,92,1.3,12.7,Rohini,28.7495,77.0565
2026-07-23 22:00:00,26.6,93,1.0,10.7,Rohini,28.7495,77.0565
2026-07-23 23:00:00,27.7,88,0.0,12.5,Rohini,28.7495,77.0565
2026-07-24 00:00:00,27.5,86,0.0,11.7,Rohini,28.7495,77.0565
2026-07-24 01:00:00,27.3,87,0.0,11.4,Rohini,28.7495,77.0565
2026-07-24 02:00:00,27.1,88,0.0,10.1,Rohini,28.7495,77.0565
2026-07-24 03:00:00,26.9,89,0.0,10.2,Rohini,28.7495,77.0565
2026-07-24 04:00:00,26.8,89,0.0,10.4,Rohini,28.7495,77.0565
2026-07-24 05:00:00,25.9,95,0.0,11.5,Rohini,28.7495,77.0565
2026-07-24 06:00:00,26.0,93,0.2,13.9,Rohini,28.7495,77.0565
2026-07-24 07:00:00,27.0,89,0.0,11.5,Rohini,28.7495,77.0565
2026-07-24 08:00:00,28.4,81,0.0,16.2,Rohini,28.7495,77.0565
2026-07-24 09:00:00,29.9,74,0.0,13.8,Rohini,28.7495,77.0565
2026-07-24 10:00:00,30.7,72,0.1,11.9,Rohini,28.7495,77.0565
2026-07-24 11:00:00,30.0,75,0.1,14.3,Rohini,28.7495,77.0565
2026-07-24 12:00:00,31.3,71,1.1,12.3,Rohini,28.7495,77.0565
2026-07-24 13:00:00,30.5,74,0.8,12.1,Rohini,28.7495,77.0565
2026-07-24 14:00:00,30.2,77,4.3,6.5,Rohini,28.7495,77.0565
2026-07-24 15:00:00,29.9,78,0.6,9.1,Rohini,28.7495,77.0565
2026-07-24 16:00:00,30.1,77,0.1,7.2,Rohini,28.7495,77.0565
2026-07-24 17:00:00,30.2,80,0.0,5.4,Rohini,28.7495,77.0565
2026-07-24 18:00:00,30.1,82,0.1,8.2,Rohini,28.7495,77.0565
2026-07-24 19:00:00,29.8,83,0.0,9.1,Rohini,28.7495,77.0565
2026-07-24 20:00:00,29.4,85,0.0,7.4,Rohini,28.7495,77.0565
2026-07-24 21:00:00,29.2,84,0.0,10.0,Rohini,28.7495,77.0565
2026-07-24 22:00:00,28.9,83,0.0,11.9,Rohini,28.7495,77.0565
2026-07-24 23:00:00,28.6,86,0.0,12.7,Rohini,28.7495,77.0565
2026-07-25 00:00:00,28.5,85,0.0,13.3,Rohini,28.7495,77.0565
2026-07-25 01:00:00,28.4,83,0.0,12.2,Rohini,28.7495,77.0565
2026-07-25 02:00:00,28.1,83,0.0,12.2,Rohini,28.7495,77.0565
2026-07-25 03:00:00,27.8,86,0.2,11.3,Rohini,28.7495,77.0565
2026-07-25 04:00:00,27.6,87,0.0,10.7,Rohini,28.7495,77.0565
2026-07-25 05:00:00,27.2,90,0.0,9.5,Rohini,28.7495,77.0565
2026-07-25 06:00:00,27.6,89,0.0,7.6,Rohini,28.7495,77.0565
2026-07-25 07:00:00,28.5,85,0.0,7.7,Rohini,28.7495,77.0565
2026-07-25 08:00:00,28.7,79,0.5,12.7,Rohini,28.7495,77.0565
2026-07-25 09:00:00,29.8,75,0.3,10.9,Rohini,28.7495,77.0565
2026-07-25 10:00:00,30.1,74,0.5,11.9,Rohini,28.7495,77.0565
2026-07-25 11:00:00,31.8,64,0.6,13.4,Rohini,28.7495,77.0565
2026-07-25 12:00:00,32.4,62,0.1,13.4,Rohini,28.7495,77.0565
2026-07-25 13:00:00,32.6,62,0.1,12.1,Rohini,28.7495,77.0565
2026-07-25 14:00:00,33.1,59,0.2,11.8,Rohini,28.7495,77.0565
2026-07-25 15:00:00,33.2,58,0.2,12.5,Rohini,28.7495,77.0565
2026-07-25 16:00:00,32.4,62,0.1,12.2,Rohini,28.7495,77.0565
2026-07-25 17:00:00,30.9,76,0.1,9.8,Rohini,28.7495,77.0565
2026-07-25 18:00:00,30.1,79,0.0,9.7,Rohini,28.7495,77.0565
2026-07-25 19:00:00,29.5,82,0.0,8.4,Rohini,28.7495,77.0565
2026-07-25 20:00:00,29.1,84,0.0,9.4,Rohini,28.7495,77.0565
2026-07-25 21:00:00,28.5,87,0.0,9.0,Rohini,28.7495,77.0565
2026-07-25 22:00:00,28.1,88,0.0,8.8,Rohini,28.7495,77.0565
2026-07-25 23:00:00,27.9,91,0.0,10.6,Rohini,28.7495,77.0565
2026-07-26 00:00:00,27.6,93,0.2,11.2,Rohini,28.7495,77.0565
2026-07-26 01:00:00,27.7,93,0.0,8.9,Rohini,28.7495,77.0565
2026-07-26 02:00:00,27.6,94,0.0,7.9,Rohini,28.7495,77.0565
2026-07-26 03:00:00,27.6,94,0.0,7.3,Rohini,28.7495,77.0565
2026-07-26 04:00:00,27.4,95,0.0,6.3,Rohini,28.7495,77.0565
2026-07-26 05:00:00,28.2,94,0.1,4.6,Rohini,28.7495,77.0565
2026-07-26 06:00:00,27.4,95,0.7,6.3,Rohini,28.7495,77.0565
2026-07-26 07:00:00,28.5,92,0.3,1.8,Rohini,28.7495,77.0565
2026-07-26 08:00:00,29.7,85,0.1,2.8,Rohini,28.7495,77.0565
2026-07-26 09:00:00,31.0,76,0.0,3.5,Rohini,28.7495,77.0565
2026-07-26 10:00:00,32.0,70,0.1,4.0,Rohini,28.7495,77.0565
2026-07-26 11:00:00,32.7,61,0.1,4.3,Rohini,28.7495,77.0565
2026-07-26 12:00:00,33.7,57,0.1,4.1,Rohini,28.7495,77.0565
2026-07-26 13:00:00,34.1,55,0.2,4.5,Rohini,28.7495,77.0565
2026-07-26 14:00:00,34.5,54,0.2,3.7,Rohini,28.7495,77.0565
2026-07-26 15:00:00,34.6,54,0.1,3.1,Rohini,28.7495,77.0565
2026-07-26 16:00:00,34.3,55,0.1,2.0,Rohini,28.7495,77.0565
2026-07-26 17:00:00,32.3,71,0.0,6.9,Rohini,28.7495,77.0565
2026-07-26 18:00:00,31.9,76,0.0,4.5,Rohini,28.7495,77.0565
2026-07-26 19:00:00,31.3,80,0.0,2.7,Rohini,28.7495,77.0565
2026-07-26 20:00:00,31.4,79,0.0,2.2,Rohini,28.7495,77.0565
2026-07-26 21:00:00,31.3,80,0.0,1.7,Rohini,28.7495,77.0565
2026-07-26 22:00:00,31.1,81,0.0,1.5,Rohini,28.7495,77.0565
2026-07-26 23:00:00,31.1,83,0.0,2.1,Rohini,28.7495,77.0565
2026-07-27 00:00:00,30.7,84,0.0,3.1,Rohini,28.7495,77.0565
2026-07-27 01:00:00,30.2,87,0.0,2.4,Rohini,28.7495,77.0565
2026-07-27 02:00:00,29.9,87,0.0,1.9,Rohini,28.7495,77.0565
2026-07-27 03:00:00,29.7,86,0.0,1.5,Rohini,28.7495,77.0565
2026-07-27 04:00:00,29.4,86,0.0,1.9,Rohini,28.7495,77.0565
2026-07-27 05:00:00,29.0,93,0.0,1.9,Rohini,28.7495,77.0565
2026-07-27 06:00:00,29.1,93,0.0,1.5,Rohini,28.7495,77.0565
2026-07-27 07:00:00,30.4,85,0.0,1.3,Rohini,28.7495,77.0565
2026-07-27 08:00:00,31.8,75,0.0,1.2,Rohini,28.7495,77.0565
2026-07-27 09:00:00,33.1,64,0.0,2.8,Rohini,28.7495,77.0565
2026-07-27 10:00:00,33.7,62,0.1,3.2,Rohini,28.7495,77.0565
2026-07-27 11:00:00,34.8,52,0.2,2.9,Rohini,28.7495,77.0565
2026-07-27 12:00:00,35.4,50,0.0,4.6,Rohini,28.7495,77.0565
2026-07-27 13:00:00,35.1,54,1.8,5.6,Rohini,28.7495,77.0565
2026-07-27 14:00:00,34.9,52,1.3,6.9,Rohini,28.7495,77.0565
2026-07-27 15:00:00,34.3,55,0.4,5.4,Rohini,28.7495,77.0565
2026-07-27 16:00:00,34.3,56,0.3,5.2,Rohini,28.7495,77.0565
2026-07-27 17:00:00,32.6,64,0.0,4.7,Rohini,28.7495,77.0565
2026-07-27 18:00:00,32.1,69,0.0,3.0,Rohini,28.7495,77.0565
2026-07-27 19:00:00,31.6,73,0.0,3.5,Rohini,28.7495,77.0565
2026-07-27 20:00:00,31.4,75,0.0,3.7,Rohini,28.7495,77.0565
2026-07-27 21:00:00,31.0,77,0.0,7.5,Rohini,28.7495,77.0565
2026-07-27 22:00:00,30.1,81,0.0,11.9,Rohini,28.7495,77.0565
2026-07-27 23:00:00,30.3,86,0.0,10.5,Rohini,28.7495,77.0565
2026-07-28 00:00:00,29.4,86,0.3,16.4,Rohini,28.7495,77.0565
2026-07-28 01:00:00,28.3,87,0.1,10.6,Rohini,28.7495,77.0565
2026-07-28 02:00:00,27.7,90,0.2,10.3,Rohini,28.7495,77.0565
2026-07-28 03:00:00,27.4,93,0.2,9.7,Rohini,28.7495,77.0565
2026-07-28 04:00:00,27.0,93,0.1,9.5,Rohini,28.7495,77.0565
2026-07-28 05:00:00,28.6,93,0.1,8.7,Rohini,28.7495,77.0565
2026-07-28 06:00:00,28.8,92,0.0,7.4,Rohini,28.7495,77.0565
2026-07-28 07:00:00,29.3,88,0.0,10.5,Rohini,28.7495,77.0565
2026-07-28 08:00:00,29.7,81,0.1,9.1,Rohini,28.7495,77.0565
2026-07-28 09:00:00,28.8,87,1.4,5.6,Rohini,28.7495,77.0565
2026-07-28 10:00:00,28.3,89,1.9,15.8,Rohini,28.7495,77.0565
2026-07-28 11:00:00,27.7,95,0.7,13.8,Rohini,28.7495,77.0565
2026-07-28 12:00:00,27.4,94,4.6,10.3,Rohini,28.7495,77.0565
2026-07-28 13:00:00,27.5,94,2.7,8.3,Rohini,28.7495,77.0565
2026-07-28 14:00:00,27.5,92,2.1,4.4,Rohini,28.7495,77.0565
2026-07-28 15:00:00,27.8,89,0.6,6.0,Rohini,28.7495,77.0565
2026-07-28 16:00:00,27.6,87,0.1,4.7,Rohini,28.7495,77.0565
2026-07-28 17:00:00,30.7,74,0.0,2.9,Rohini,28.7495,77.0565
2026-07-28 18:00:00,30.1,79,0.1,3.0,Rohini,28.7495,77.0565
2026-07-28 19:00:00,29.4,86,0.0,2.2,Rohini,28.7495,77.0565
2026-07-28 20:00:00,29.0,89,0.0,2.7,Rohini,28.7495,77.0565
2026-07-28 21:00:00,28.7,89,0.0,3.8,Rohini,28.7495,77.0565
2026-07-28 22:00:00,28.3,88,0.0,6.8,Rohini,28.7495,77.0565
2026-07-28 23:00:00,28.1,89,0.2,3.3,Rohini,28.7495,77.0565
2026-07-29 00:00:00,28.0,91,0.3,1.8,Rohini,28.7495,77.0565
2026-07-29 01:00:00,27.5,95,0.3,3.6,Rohini,28.7495,77.0565
2026-07-29 02:00:00,27.0,97,0.5,6.7,Rohini,28.7495,77.0565
2026-07-29 03:00:00,26.7,97,0.2,5.8,Rohini,28.7495,77.0565
2026-07-29 04:00:00,26.7,97,0.0,3.5,Rohini,28.7495,77.0565
2026-07-29 05:00:00,26.8,97,0.0,2.2,Rohini,28.7495,77.0565
2026-07-29 06:00:00,26.7,98,0.3,3.6,Rohini,28.7495,77.0565
2026-07-29 07:00:00,26.6,96,0.9,5.9,Rohini,28.7495,77.0565
2026-07-29 08:00:00,26.8,95,1.1,4.2,Rohini,28.7495,77.0565
2026-07-29 09:00:00,28.4,85,0.5,2.5,Rohini,28.7495,77.0565
2026-07-29 10:00:00,30.0,78,0.2,4.2,Rohini,28.7495,77.0565
2026-07-29 11:00:00,31.1,76,0.0,1.8,Rohini,28.7495,77.0565
2026-07-29 12:00:00,32.4,69,0.0,0.8,Rohini,28.7495,77.0565
2026-07-29 13:00:00,32.5,68,0.0,0.3,Rohini,28.7495,77.0565
2026-07-29 14:00:00,32.8,68,0.0,1.3,Rohini,28.7495,77.0565
2026-07-29 15:00:00,33.0,68,0.2,3.8,Rohini,28.7495,77.0565
2026-07-29 16:00:00,32.3,71,0.1,0.5,Rohini,28.7495,77.0565
2026-07-29 17:00:00,33.4,65,0.3,1.8,Rohini,28.7495,77.0565
2026-07-29 18:00:00,32.6,72,0.0,2.0,Rohini,28.7495,77.0565
2026-07-29 19:00:00,31.3,78,0.0,4.2,Rohini,28.7495,77.0565
2026-07-29 20:00:00,30.7,81,0.0,5.0,Rohini,28.7495,77.0565
2026-07-29 21:00:00,30.3,84,0.0,5.4,Rohini,28.7495,77.0565
2026-07-29 22:00:00,29.8,86,0.0,4.1,Rohini,28.7495,77.0565
2026-07-29 23:00:00,30.2,87,0.0,6.2,Rohini,28.7495,77.0565
2026-07-30 00:00:00,29.5,89,0.0,4.0,Rohini,28.7495,77.0565
2026-07-30 01:00:00,26.2,97,3.9,10.0,Rohini,28.7495,77.0565
2026-07-30 02:00:00,26.3,98,1.2,6.9,Rohini,28.7495,77.0565
2026-07-30 03:00:00,26.4,97,0.2,3.6,Rohini,28.7495,77.0565
2026-07-30 04:00:00,26.4,98,0.0,4.0,Rohini,28.7495,77.0565
2026-07-30 05:00:00,28.7,95,0.0,4.1,Rohini,28.7495,77.0565
2026-07-30 06:00:00,28.6,93,0.1,7.2,Rohini,28.7495,77.0565
2026-07-30 07:00:00,29.9,88,0.0,5.8,Rohini,28.7495,77.0565
2026-07-30 08:00:00,29.0,88,1.9,5.0,Rohini,28.7495,77.0565
2026-07-30 09:00:00,30.9,77,0.3,7.3,Rohini,28.7495,77.0565
2026-07-30 10:00:00,32.3,67,0.1,8.0,Rohini,28.7495,77.0565
2026-07-30 11:00:00,32.1,70,0.0,4.8,Rohini,28.7495,77.0565
2026-07-30 12:00:00,33.2,63,0.2,5.4,Rohini,28.7495,77.0565
2026-07-30 13:00:00,33.2,61,0.1,7.6,Rohini,28.7495,77.0565
2026-07-30 14:00:00,32.9,63,0.4,4.6,Rohini,28.7495,77.0565
2026-07-30 15:00:00,33.4,61,0.1,2.6,Rohini,28.7495,77.0565
2026-07-30 16:00:00,33.4,61,0.1,4.1,Rohini,28.7495,77.0565
2026-07-30 17:00:00,30.7,72,0.0,13.3,Rohini,28.7495,77.0565
2026-07-30 18:00:00,29.8,80,0.4,14.6,Rohini,28.7495,77.0565
2026-07-30 19:00:00,28.9,84,0.0,8.1,Rohini,28.7495,77.0565
2026-07-30 20:00:00,28.7,87,0.0,9.0,Rohini,28.7495,77.0565
2026-07-30 21:00:00,28.6,88,0.0,9.7,Rohini,28.7495,77.0565
2026-07-30 22:00:00,28.5,87,0.0,10.1,Rohini,28.7495,77.0565
2026-07-30 23:00:00,29.3,88,0.0,11.8,Rohini,28.7495,77.0565
2026-07-31 00:00:00,29.0,88,0.0,11.0,Rohini,28.7495,77.0565
2026-07-31 01:00:00,28.8,88,0.0,10.7,Rohini,28.7495,77.0565
2026-07-31 02:00:00,28.7,87,0.0,10.7,Rohini,28.7495,77.0565
2026-07-31 03:00:00,28.5,86,0.0,9.8,Rohini,28.7495,77.0565
2026-07-31 04:00:00,28.3,86,0.0,11.2,Rohini,28.7495,77.0565
2026-07-31 05:00:00,28.5,83,0.0,11.6,Rohini,28.7495,77.0565
2026-07-31 06:00:00,28.4,83,0.0,11.4,Rohini,28.7495,77.0565
2026-07-31 07:00:00,28.9,81,0.0,10.8,Rohini,28.7495,77.0565
2026-07-31 08:00:00,29.4,77,0.1,13.9,Rohini,28.7495,77.0565
2026-07-31 09:00:00,29.7,76,0.1,14.2,Rohini,28.7495,77.0565
2026-07-31 10:00:00,29.9,75,0.2,14.1,Rohini,28.7495,77.0565
2026-07-31 11:00:00,30.4,73,0.2,12.7,Rohini,28.7495,77.0565
2026-07-31 12:00:00,31.2,69,0.0,12.4,Rohini,28.7495,77.0565
2026-07-31 13:00:00,32.1,65,0.0,13.7,Rohini,28.7495,77.0565
2026-07-31 14:00:00,32.5,65,0.0,10.7,Rohini,28.7495,77.0565
2026-07-31 15:00:00,32.6,64,0.1,10.3,Rohini,28.7495,77.0565
2026-07-31 16:00:00,32.4,64,0.1,9.9,Rohini,28.7495,77.0565
2026-07-31 17:00:00,31.3,72,0.6,10.1,Rohini,28.7495,77.0565
2026-07-31 18:00:00,30.9,75,0.0,7.0,Rohini,28.7495,77.0565
2026-07-31 19:00:00,30.1,79,0.0,8.1,Rohini,28.7495,77.0565
2026-07-31 20:00:00,29.9,81,0.0,8.4,Rohini,28.7495,77.0565
2026-07-31 21:00:00,29.7,82,0.0,10.5,Rohini,28.7495,77.0565
2026-07-31 22:00:00,29.5,83,0.0,10.9,Rohini,28.7495,77.0565
2026-07-31 23:00:00,28.6,83,0.0,11.0,Rohini,28.7495,77.0565
2026-08-01 00:00:00,28.5,86,0.0,10.1,Rohini,28.7495,77.0565
2026-08-01 01:00:00,27.5,91,0.6,11.3,Rohini,28.7495,77.0565
2026-08-01 02:00:00,27.5,91,0.2,10.9,Rohini,28.7495,77.0565
2026-08-01 03:00:00,27.6,89,0.0,11.2,Rohini,28.7495,77.0565
2026-08-01 04:00:00,27.5,88,0.0,10.3,Rohini,28.7495,77.0565
2026-08-01 05:00:00,27.5,91,0.0,10.4,Rohini,28.7495,77.0565
2026-08-01 06:00:00,27.5,90,0.0,11.1,Rohini,28.7495,77.0565
2026-08-01 07:00:00,27.6,86,0.1,12.7,Rohini,28.7495,77.0565
2026-08-01 08:00:00,28.4,81,0.0,14.5,Rohini,28.7495,77.0565
2026-08-01 09:00:00,29.7,77,0.0,12.5,Rohini,28.7495,77.0565
2026-08-01 10:00:00,30.8,70,0.1,11.4,Rohini,28.7495,77.0565
2026-08-01 11:00:00,31.9,65,0.2,11.8,Rohini,28.7495,77.0565
2026-08-01 12:00:00,32.7,62,0.1,11.5,Rohini,28.7495,77.0565
2026-08-01 13:00:00,33.2,64,0.0,11.7,Rohini,28.7495,77.0565
2026-08-01 14:00:00,30.7,74,0.9,13.1,Rohini,28.7495,77.0565
2026-08-01 15:00:00,30.5,79,0.2,8.9,Rohini,28.7495,77.0565
2026-08-01 16:00:00,31.1,76,0.0,8.5,Rohini,28.7495,77.0565
2026-08-01 17:00:00,31.1,75,0.0,10.6,Rohini,28.7495,77.0565
2026-08-01 18:00:00,30.4,79,0.0,7.1,Rohini,28.7495,77.0565
2026-08-01 19:00:00,29.9,83,0.0,5.3,Rohini,28.7495,77.0565
2026-08-01 20:00:00,29.7,84,0.0,7.2,Rohini,28.7495,77.0565
2026-08-01 21:00:00,29.6,85,0.0,8.5,Rohini,28.7495,77.0565
2026-08-01 22:00:00,29.3,85,0.0,10.5,Rohini,28.7495,77.0565
2026-08-01 23:00:00,27.6,88,0.0,13.0,Rohini,28.7495,77.0565
2026-08-02 00:00:00,27.3,87,0.2,10.9,Rohini,28.7495,77.0565
2026-08-02 01:00:00,27.2,89,0.1,8.1,Rohini,28.7495,77.0565
2026-08-02 02:00:00,27.2,90,0.1,6.1,Rohini,28.7495,77.0565
2026-08-02 03:00:00,27.0,92,0.0,6.5,Rohini,28.7495,77.0565
2026-08-02 04:00:00,27.0,93,0.0,6.5,Rohini,28.7495,77.0565
2026-08-02 05:00:00,27.6,95,0.0,6.5,Rohini,28.7495,77.0565
2026-08-02 06:00:00,27.3,95,0.1,13.2,Rohini,28.7495,77.0565
2026-08-02 07:00:00,27.5,92,0.0,9.9,Rohini,28.7495,77.0565
2026-08-02 08:00:00,28.9,84,0.0,9.5,Rohini,28.7495,77.0565
2026-08-02 09:00:00,30.5,77,0.0,9.0,Rohini,28.7495,77.0565
2026-08-02 10:00:00,32.0,69,0.1,8.7,Rohini,28.7495,77.0565
2026-08-02 11:00:00,33.8,56,0.1,7.7,Rohini,28.7495,77.0565
2026-08-02 12:00:00,34.0,57,0.2,8.6,Rohini,28.7495,77.0565
2026-08-02 13:00:00,33.6,58,0.5,10.7,Rohini,28.7495,77.0565
2026-08-02 14:00:00,33.0,64,0.9,9.2,Rohini,28.7495,77.0565
2026-08-02 15:00:00,33.2,62,0.2,8.2,Rohini,28.7495,77.0565
2026-08-02 16:00:00,33.3,62,0.1,8.1,Rohini,28.7495,77.0565
2026-08-02 17:00:00,30.1,80,0.1,10.5,Rohini,28.7495,77.0565
2026-08-02 18:00:00,29.0,85,0.1,10.3,Rohini,28.7495,77.0565
2026-08-02 19:00:00,26.9,95,4.4,7.9,Rohini,28.7495,77.0565
2026-08-02 20:00:00,27.3,95,0.9,6.9,Rohini,28.7495,77.0565
2026-08-02 21:00:00,27.6,95,0.2,7.2,Rohini,28.7495,77.0565
2026-08-02 22:00:00,27.6,96,0.0,7.9,Rohini,28.7495,77.0565
2026-08-02 23:00:00,28.9,93,0.0,5.6,Rohini,28.7495,77.0565
2026-08-03 00:00:00,28.6,94,0.0,7.0,Rohini,28.7495,77.0565
2026-08-03 01:00:00,28.4,95,0.0,6.7,Rohini,28.7495,77.0565
2026-08-03 02:00:00,28.1,95,0.0,8.8,Rohini,28.7495,77.0565
2026-08-03 03:00:00,27.8,94,0.0,7.0,Rohini,28.7495,77.0565
2026-08-03 04:00:00,27.5,94,0.0,7.5,Rohini,28.7495,77.0565
2026-08-03 05:00:00,27.2,94,0.0,7.1,Rohini,28.7495,77.0565
2026-08-03 06:00:00,25.7,98,2.6,7.2,Rohini,28.7495,77.0565
2026-08-03 07:00:00,26.1,97,1.4,3.7,Rohini,28.7495,77.0565
2026-08-03 08:00:00,27.3,93,0.9,3.8,Rohini,28.7495,77.0565
2026-08-03 09:00:00,28.9,88,0.4,4.5,Rohini,28.7495,77.0565
2026-08-03 10:00:00,30.2,83,0.2,5.0,Rohini,28.7495,77.0565
2026-08-03 11:00:00,32.1,71,0.2,6.5,Rohini,28.7495,77.0565
2026-08-03 12:00:00,33.1,66,0.1,7.8,Rohini,28.7495,77.0565
2026-08-03 13:00:00,33.4,66,0.0,7.7,Rohini,28.7495,77.0565
2026-08-03 14:00:00,33.5,65,0.0,7.3,Rohini,28.7495,77.0565
2026-08-03 15:00:00,29.0,85,4.6,3.8,Rohini,28.7495,77.0565
2026-08-03 16:00:00,29.7,83,0.6,1.9,Rohini,28.7495,77.0565
2026-08-03 17:00:00,32.9,69,0.1,8.7,Rohini,28.7495,77.0565
2026-08-03 18:00:00,27.8,92,7.4,10.3,Rohini,28.7495,77.0565
2026-08-03 19:00:00,27.6,96,3.3,4.1,Rohini,28.7495,77.0565
2026-08-03 20:00:00,27.7,93,1.2,5.2,Rohini,28.7495,77.0565
2026-08-03 21:00:00,27.1,94,5.4,2.8,Rohini,28.7495,77.0565
2026-08-03 22:00:00,26.9,96,1.8,5.0,Rohini,28.7495,77.0565
2026-08-03 23:00:00,26.7,96,0.6,7.8,Rohini,28.7495,77.0565
2026-08-04 00:00:00,26.8,96,0.9,6.6,Rohini,28.7495,77.0565
2026-08-04 01:00:00,26.9,97,0.4,7.5,Rohini,28.7495,77.0565
2026-08-04 02:00:00,26.9,97,0.2,5.6,Rohini,28.7495,77.0565
2026-08-04 03:00:00,26.9,97,0.1,4.8,Rohini,28.7495,77.0565
2026-08-04 04:00:00,26.9,97,0.1,4.8,Rohini,28.7495,77.0565
2026-08-04 05:00:00,26.6,96,0.0,4.5,Rohini,28.7495,77.0565
2026-08-04 06:00:00,26.4,97,2.4,8.5,Rohini,28.7495,77.0565
2026-08-04 07:00:00,26.7,95,2.2,4.5,Rohini,28.7495,77.0565
2026-08-04 08:00:00,27.1,95,1.1,5.8,Rohini,28.7495,77.0565
2026-08-04 09:00:00,28.1,88,0.7,4.6,Rohini,28.7495,77.0565
2026-08-04 10:00:00,28.7,86,0.8,4.3,Rohini,28.7495,77.0565
2026-08-04 11:00:00,27.1,94,3.4,1.0,Rohini,28.7495,77.0565
2026-08-04 12:00:00,27.5,93,1.6,8.0,Rohini,28.7495,77.0565
2026-08-04 13:00:00,27.5,93,1.0,7.0,Rohini,28.7495,77.0565
2026-08-04 14:00:00,27.9,91,0.5,6.3,Rohini,28.7495,77.0565
2026-08-04 15:00:00,29.0,85,0.3,4.8,Rohini,28.7495,77.0565
2026-08-04 16:00:00,29.8,80,0.1,3.6,Rohini,28.7495,77.0565
2026-08-04 17:00:00,27.7,94,0.0,4.2,Rohini,28.7495,77.0565
2026-08-04 18:00:00,27.6,95,1.3,2.7,Rohini,28.7495,77.0565
2026-08-04 19:00:00,27.4,96,0.5,0.7,Rohini,28.7495,77.0565
2026-08-04 20:00:00,27.4,96,0.2,0.6,Rohini,28.7495,77.0565
2026-08-04 21:00:00,27.4,97,0.1,0.5,Rohini,28.7495,77.0565
2026-08-04 22:00:00,27.3,97,0.0,0.8,Rohini,28.7495,77.0565
2026-08-04 23:00:00,27.8,95,0.0,1.5,Rohini,28.7495,77.0565
2026-08-05 00:00:00,27.3,98,0.0,1.7,Rohini,28.7495,77.0565
2026-08-05 01:00:00,27.3,98,0.0,1.3,Rohini,28.7495,77.0565
2026-08-05 02:00:00,27.2,98,0.0,1.2,Rohini,28.7495,77.0565
2026-08-05 03:00:00,27.0,95,0.0,1.5,Rohini,28.7495,77.0565
2026-08-05 04:00:00,26.7,96,0.3,1.6,Rohini,28.7495,77.0565
2026-08-05 05:00:00,26.2,96,0.1,2.3,Rohini,28.7495,77.0565
2026-08-05 06:00:00,26.6,95,0.2,0.8,Rohini,28.7495,77.0565
2026-08-05 07:00:00,27.2,92,0.0,0.5,Rohini,28.7495,77.0565
2026-08-05 08:00:00,28.6,85,0.0,1.7,Rohini,28.7495,77.0565
2026-08-05 09:00:00,30.4,74,0.0,4.4,Rohini,28.7495,77.0565
2026-08-05 10:00:00,31.6,66,0.0,5.7,Rohini,28.7495,77.0565
2026-08-05 11:00:00,32.5,64,0.1,5.2,Rohini,28.7495,77.0565
2026-08-05 12:00:00,31.8,65,0.0,5.8,Rohini,28.7495,77.0565
2026-08-05 13:00:00,32.4,63,0.0,6.1,Rohini,28.7495,77.0565
2026-08-05 14:00:00,32.9,60,0.0,6.9,Rohini,28.7495,77.0565
2026-08-05 15:00:00,33.5,59,0.0,6.4,Rohini,28.7495,77.0565
2026-08-05 16:00:00,33.3,60,0.0,5.6,Rohini,28.7495,77.0565
2026-08-05 17:00:00,30.8,78,0.2,6.6,Rohini,28.7495,77.0565
2026-08-05 18:00:00,29.1,86,0.2,7.2,Rohini,28.7495,77.0565
2026-08-05 19:00:00,28.6,89,0.0,7.2,Rohini,28.7495,77.0565
2026-08-05 20:00:00,28.5,89,0.0,6.7,Rohini,28.7495,77.0565
2026-08-05 21:00:00,28.3,90,0.0,6.3,Rohini,28.7495,77.0565
2026-08-05 22:00:00,28.2,91,0.0,4.9,Rohini,28.7495,77.0565
2026-08-05 23:00:00,27.8,97,0.0,4.8,Rohini,28.7495,77.0565
2026-08-06 00:00:00,27.8,96,1.7,8.0,Rohini,28.7495,77.0565
2026-08-06 01:00:00,27.2,95,1.8,7.0,Rohini,28.7495,77.0565
2026-08-06 02:00:00,27.0,96,0.5,4.4,Rohini,28.7495,77.0565
2026-08-06 03:00:00,26.7,97,0.0,5.6,Rohini,28.7495,77.0565
2026-08-06 04:00:00,26.5,95,0.0,8.5,Rohini,28.7495,77.0565
2026-08-06 05:00:00,27.3,94,0.0,5.5,Rohini,28.7495,77.0565
2026-08-06 06:00:00,27.3,94,0.7,4.1,Rohini,28.7495,77.0565
2026-08-06 07:00:00,27.9,90,0.1,5.1,Rohini,28.7495,77.0565
2026-08-06 08:00:00,28.5,82,0.1,6.8,Rohini,28.7495,77.0565
2026-08-06 09:00:00,27.7,88,1.9,5.9,Rohini,28.7495,77.0565
2026-08-06 10:00:00,27.3,89,2.2,6.3,Rohini,28.7495,77.0565
2026-08-06 11:00:00,27.4,83,1.6,5.1,Rohini,28.7495,77.0565
2026-08-06 12:00:00,27.1,86,1.3,1.6,Rohini,28.7495,77.0565
2026-08-06 13:00:00,27.2,87,1.0,1.3,Rohini,28.7495,77.0565
2026-08-06 14:00:00,27.3,87,0.3,4.0,Rohini,28.7495,77.0565
2026-08-06 15:00:00,27.3,86,0.0,4.2,Rohini,28.7495,77.0565
2026-08-06 16:00:00,27.3,84,0.1,4.7,Rohini,28.7495,77.0565
2026-08-06 17:00:00,28.2,82,0.0,7.8,Rohini,28.7495,77.0565
2026-08-06 18:00:00,27.6,90,0.5,6.9,Rohini,28.7495,77.0565
2026-08-06 19:00:00,27.2,94,0.4,5.8,Rohini,28.7495,77.0565
2026-08-06 20:00:00,26.9,95,0.0,6.6,Rohini,28.7495,77.0565
2026-08-06 21:00:00,26.9,95,0.0,6.4,Rohini,28.7495,77.0565
2026-08-06 22:00:00,26.8,95,0.0,3.4,Rohini,28.7495,77.0565
2026-08-06 23:00:00,27.0,93,0.0,8.4,Rohini,28.7495,77.0565
2026-08-07 00:00:00,26.2,95,0.5,8.8,Rohini,28.7495,77.0565
2026-08-07 01:00:00,26.0,96,1.1,5.4,Rohini,28.7495,77.0565
2026-08-07 02:00:00,26.0,97,0.6,5.1,Rohini,28.7495,77.0565
2026-08-07 03:00:00,26.0,97,0.0,4.2,Rohini,28.7495,77.0565
2026-08-07 04:00:00,25.8,98,0.0,5.6,Rohini,28.7495,77.0565
2026-08-07 05:00:00,26.8,96,1.0,6.0,Rohini,28.7495,77.0565
2026-08-07 06:00:00,26.7,97,1.1,6.7,Rohini,28.7495,77.0565
2026-08-07 07:00:00,26.3,95,2.0,5.4,Rohini,28.7495,77.0565
2026-08-07 08:00:00,26.9,95,3.9,7.8,Rohini,28.7495,77.0565
2026-08-07 09:00:00,27.0,94,3.4,8.4,Rohini,28.7495,77.0565
2026-08-07 10:00:00,27.7,92,1.4,8.1,Rohini,28.7495,77.0565
2026-08-07 11:00:00,28.5,83,7.1,11.5,Rohini,28.7495,77.0565
2026-08-07 12:00:00,26.8,91,9.5,14.8,Rohini,28.7495,77.0565
2026-08-07 13:00:00,26.7,95,6.5,12.3,Rohini,28.7495,77.0565
2026-08-07 14:00:00,27.2,95,1.1,14.1,Rohini,28.7495,77.0565
2026-08-07 15:00:00,27.4,92,0.5,13.3,Rohini,28.7495,77.0565
2026-08-07 16:00:00,27.5,89,1.3,14.1,Rohini,28.7495,77.0565
2026-08-07 17:00:00,26.9,94,2.0,10.2,Rohini,28.7495,77.0565
2026-08-07 18:00:00,26.8,94,0.9,10.2,Rohini,28.7495,77.0565
2026-08-07 19:00:00,26.2,95,0.6,8.1,Rohini,28.7495,77.0565
2026-08-07 20:00:00,26.3,95,1.4,8.9,Rohini,28.7495,77.0565
2026-08-07 21:00:00,26.0,96,1.8,12.1,Rohini,28.7495,77.0565
2026-08-07 22:00:00,25.9,97,5.2,10.6,Rohini,28.7495,77.0565
2026-08-07 23:00:00,26.3,97,6.3,7.2,Rohini,28.7495,77.0565
2026-08-08 00:00:00,26.1,97,5.5,8.0,Rohini,28.7495,77.0565
2026-08-08 01:00:00,25.8,96,1.5,10.7,Rohini,28.7495,77.0565
2026-08-08 02:00:00,25.5,96,0.5,9.9,Rohini,28.7495,77.0565
2026-08-08 03:00:00,25.1,97,8.5,8.1,Rohini,28.7495,77.0565
2026-08-08 04:00:00,24.8,98,9.6,7.1,Rohini,28.7495,77.0565
2026-08-08 05:00:00,26.1,95,2.1,5.4,Rohini,28.7495,77.0565
2026-08-08 06:00:00,25.5,96,5.1,7.6,Rohini,28.7495,77.0565
2026-08-08 07:00:00,25.8,96,0.8,9.4,Rohini,28.7495,77.0565
2026-08-08 08:00:00,27.4,92,0.3,7.3,Rohini,28.7495,77.0565
2026-08-08 09:00:00,29.4,84,0.1,8.3,Rohini,28.7495,77.0565
2026-08-08 10:00:00,30.9,78,0.1,13.1,Rohini,28.7495,77.0565
2026-08-08 11:00:00,31.0,77,0.1,10.5,Rohini,28.7495,77.0565
2026-08-08 12:00:00,30.5,77,1.2,9.0,Rohini,28.7495,77.0565
2026-08-08 13:00:00,32.2,70,0.0,10.9,Rohini,28.7495,77.0565
2026-08-08 14:00:00,29.9,79,1.3,9.0,Rohini,28.7495,77.0565
2026-08-08 15:00:00,32.0,69,0.0,5.0,Rohini,28.7495,77.0565
2026-08-08 16:00:00,32.0,69,0.1,6.8,Rohini,28.7495,77.0565
2026-08-08 17:00:00,30.7,80,0.2,5.1,Rohini,28.7495,77.0565
2026-08-08 18:00:00,30.4,78,0.0,7.1,Rohini,28.7495,77.0565
2026-08-08 19:00:00,29.4,83,0.0,4.2,Rohini,28.7495,77.0565
2026-08-08 20:00:00,28.9,87,0.0,2.7,Rohini,28.7495,77.0565
2026-08-08 21:00:00,28.6,89,0.0,2.4,Rohini,28.7495,77.0565
2026-08-08 22:00:00,28.3,90,0.0,3.6,Rohini,28.7495,77.0565
2026-08-08 23:00:00,28.3,92,0.0,5.5,Rohini,28.7495,77.0565
2026-08-09 00:00:00,27.8,93,0.3,4.3,Rohini,28.7495,77.0565
2026-08-09 01:00:00,27.6,93,0.2,5.8,Rohini,28.7495,77.0565
2026-08-09 02:00:00,27.6,93,0.1,7.7,Rohini,28.7495,77.0565
2026-08-09 03:00:00,27.0,92,0.1,11.1,Rohini,28.7495,77.0565
2026-08-09 04:00:00,26.7,92,0.0,9.2,Rohini,28.7495,77.0565
2026-08-09 05:00:00,25.3,95,0.0,6.7,Rohini,28.7495,77.0565
2026-08-09 06:00:00,25.8,94,0.1,6.4,Rohini,28.7495,77.0565
2026-08-09 07:00:00,27.1,92,0.0,3.3,Rohini,28.7495,77.0565
2026-08-09 08:00:00,28.9,85,0.0,4.4,Rohini,28.7495,77.0565
2026-08-09 09:00:00,30.7,77,0.0,5.8,Rohini,28.7495,77.0565
2026-08-09 10:00:00,31.9,73,0.1,7.5,Rohini,28.7495,77.0565
2026-08-09 11:00:00,32.9,63,0.0,8.9,Rohini,28.7495,77.0565
2026-08-09 12:00:00,32.9,66,0.1,7.6,Rohini,28.7495,77.0565
2026-08-09 13:00:00,33.2,65,0.1,5.7,Rohini,28.7495,77.0565
2026-08-09 14:00:00,33.7,62,0.1,3.6,Rohini,28.7495,77.0565
2026-08-09 15:00:00,33.7,63,0.1,1.3,Rohini,28.7495,77.0565
2026-08-09 16:00:00,33.7,62,0.0,2.4,Rohini,28.7495,77.0565
2026-08-09 17:00:00,34.0,60,0.4,1.5,Rohini,28.7495,77.0565
2026-08-09 18:00:00,31.9,75,0.1,6.7,Rohini,28.7495,77.0565
2026-08-09 19:00:00,30.6,77,0.0,7.2,Rohini,28.7495,77.0565
2026-08-09 20:00:00,30.1,81,0.0,4.3,Rohini,28.7495,77.0565
2026-08-09 21:00:00,30.0,82,0.0,4.9,Rohini,28.7495,77.0565
2026-08-09 22:00:00,29.8,83,0.0,5.9,Rohini,28.7495,77.0565
2026-08-09 23:00:00,30.3,81,0.0,6.5,Rohini,28.7495,77.0565
2026-08-10 00:00:00,28.2,89,0.4,5.9,Rohini,28.7495,77.0565
2026-08-10 01:00:00,26.5,94,1.4,10.3,Rohini,28.7495,77.0565
2026-08-10 02:00:00,26.7,93,0.1,7.6,Rohini,28.7495,77.0565
2026-08-10 03:00:00,26.9,93,0.0,4.0,Rohini,28.7495,77.0565
2026-08-10 04:00:00,27.0,93,0.2,6.1,Rohini,28.7495,77.0565
2026-08-10 05:00:00,27.2,94,0.4,5.2,Rohini,28.7495,77.0565
2026-08-10 06:00:00,26.8,95,1.7,8.0,Rohini,28.7495,77.0565
2026-08-10 07:00:00,27.3,94,0.3,9.0,Rohini,28.7495,77.0565
2026-08-10 08:00:00,28.4,86,0.0,5.0,Rohini,28.7495,77.0565
2026-08-10 09:00:00,29.7,80,0.0,7.1,Rohini,28.7495,77.0565
2026-08-10 10:00:00,31.1,75,0.0,5.8,Rohini,28.7495,77.0565
2026-08-10 11:00:00,32.2,70,0.1,5.8,Rohini,28.7495,77.0565
2026-08-10 12:00:00,33.5,66,0.2,2.9,Rohini,28.7495,77.0565
2026-08-10 13:00:00,33.1,69,0.5,2.2,Rohini,28.7495,77.0565
2026-08-10 14:00:00,27.4,91,13.6,7.3,Rohini,28.7495,77.0565
2026-08-10 15:00:00,26.9,93,5.6,2.5,Rohini,28.7495,77.0565
2026-08-10 16:00:00,27.7,92,1.2,1.6,Rohini,28.7495,77.0565
2026-08-10 17:00:00,29.8,82,0.0,9.5,Rohini,28.7495,77.0565
2026-08-10 18:00:00,29.5,84,0.0,6.8,Rohini,28.7495,77.0565
2026-08-10 19:00:00,29.0,87,0.0,7.2,Rohini,28.7495,77.0565
2026-08-10 20:00:00,28.8,89,0.0,6.3,Rohini,28.7495,77.0565
2026-08-10 21:00:00,28.7,89,0.0,5.4,Rohini,28.7495,77.0565
2026-08-10 22:00:00,28.4,90,0.0,5.2,Rohini,28.7495,77.0565
2026-08-10 23:00:00,28.2,95,0.2,8.7,Rohini,28.7495,77.0565
2026-08-11 00:00:00,27.7,95,0.2,9.9,Rohini,28.7495,77.0565
2026-08-11 01:00:00,27.7,94,0.1,10.1,Rohini,28.7495,77.0565
2026-08-11 02:00:00,27.5,94,0.1,10.6,Rohini,28.7495,77.0565
2026-08-11 03:00:00,27.3,95,0.1,9.6,Rohini,28.7495,77.0565
2026-08-11 04:00:00,27.0,96,0.0,7.3,Rohini,28.7495,77.0565
2026-08-11 05:00:00,27.3,91,0.0,7.9,Rohini,28.7495,77.0565
2026-08-11 06:00:00,27.3,91,0.0,7.3,Rohini,28.7495,77.0565
2026-08-11 07:00:00,28.0,88,0.0,8.7,Rohini,28.7495,77.0565
2026-08-11 08:00:00,29.0,83,0.0,8.0,Rohini,28.7495,77.0565
2026-08-11 09:00:00,29.9,79,0.1,6.4,Rohini,28.7495,77.0565
2026-08-11 10:00:00,30.6,78,0.0,5.4,Rohini,28.7495,77.0565
2026-08-11 11:00:00,30.6,77,0.1,1.3,Rohini,28.7495,77.0565
2026-08-11 12:00:00,28.9,83,2.7,5.6,Rohini,28.7495,77.0565
2026-08-11 13:00:00,27.9,93,2.0,6.9,Rohini,28.7495,77.0565
2026-08-11 14:00:00,28.0,92,2.4,5.6,Rohini,28.7495,77.0565
2026-08-11 15:00:00,28.6,90,0.6,5.9,Rohini,28.7495,77.0565
2026-08-11 16:00:00,29.7,82,0.2,6.3,Rohini,28.7495,77.0565
2026-08-11 17:00:00,30.9,74,0.0,5.7,Rohini,28.7495,77.0565
2026-08-11 18:00:00,30.3,79,0.0,2.9,Rohini,28.7495,77.0565
2026-08-11 19:00:00,29.5,84,0.1,2.0,Rohini,28.7495,77.0565
2026-08-11 20:00:00,29.1,87,0.1,2.8,Rohini,28.7495,77.0565
2026-08-11 21:00:00,28.8,90,0.2,4.0,Rohini,28.7495,77.0565
2026-08-11 22:00:00,28.4,92,0.0,4.8,Rohini,28.7495,77.0565
2026-08-11 23:00:00,28.7,88,0.0,4.3,Rohini,28.7495,77.0565
2026-08-12 00:00:00,28.1,91,0.0,3.0,Rohini,28.7495,77.0565
2026-08-12 01:00:00,28.3,90,0.0,0.4,Rohini,28.7495,77.0565
2026-08-12 02:00:00,27.9,92,0.1,3.1,Rohini,28.7495,77.0565
2026-08-12 03:00:00,27.5,92,0.0,4.9,Rohini,28.7495,77.0565
2026-08-12 04:00:00,27.2,93,0.0,4.2,Rohini,28.7495,77.0565
2026-08-12 05:00:00,27.8,95,0.0,1.8,Rohini,28.7495,77.0565
2026-08-12 06:00:00,27.7,95,0.0,3.8,Rohini,28.7495,77.0565
2026-08-12 07:00:00,28.6,92,0.0,3.2,Rohini,28.7495,77.0565
2026-08-12 08:00:00,30.0,82,0.0,2.9,Rohini,28.7495,77.0565
2026-08-12 09:00:00,31.2,75,0.2,3.2,Rohini,28.7495,77.0565
2026-08-12 10:00:00,32.0,71,0.2,2.9,Rohini,28.7495,77.0565
2026-08-12 11:00:00,33.0,64,0.3,4.1,Rohini,28.7495,77.0565
2026-08-12 12:00:00,33.5,62,0.1,2.3,Rohini,28.7495,77.0565
2026-08-12 13:00:00,34.2,60,0.1,1.9,Rohini,28.7495,77.0565
2026-08-12 14:00:00,34.6,59,0.1,0.7,Rohini,28.7495,77.0565
2026-08-12 15:00:00,34.7,59,0.0,0.9,Rohini,28.7495,77.0565
2026-08-12 16:00:00,34.3,60,0.0,1.3,Rohini,28.7495,77.0565
2026-08-12 17:00:00,33.7,63,0.0,4.2,Rohini,28.7495,77.0565
2026-08-12 18:00:00,29.9,83,0.3,12.2,Rohini,28.7495,77.0565
2026-08-12 19:00:00,28.4,90,0.4,11.0,Rohini,28.7495,77.0565
2026-08-12 20:00:00,27.6,94,0.4,7.4,Rohini,28.7495,77.0565
2026-08-12 21:00:00,27.7,95,0.0,6.3,Rohini,28.7495,77.0565
2026-08-12 22:00:00,27.6,96,0.0,4.9,Rohini,28.7495,77.0565
2026-08-12 23:00:00,29.4,88,0.0,5.8,Rohini,28.7495,77.0565
2026-08-13 00:00:00,28.9,90,0.0,3.8,Rohini,28.7495,77.0565
2026-08-13 01:00:00,28.6,91,0.0,3.5,Rohini,28.7495,77.0565
2026-08-13 02:00:00,28.3,92,0.0,5.9,Rohini,28.7495,77.0565
2026-08-13 03:00:00,28.1,93,0.0,6.8,Rohini,28.7495,77.0565
2026-08-13 04:00:00,27.7,94,0.0,5.1,Rohini,28.7495,77.0565
2026-08-13 05:00:00,27.6,94,0.0,5.0,Rohini,28.7495,77.0565
2026-08-13 06:00:00,27.3,95,0.2,8.2,Rohini,28.7495,77.0565
2026-08-13 07:00:00,28.2,94,0.4,4.8,Rohini,28.7495,77.0565
2026-08-13 08:00:00,30.3,83,0.0,3.5,Rohini,28.7495,77.0565
2026-08-13 09:00:00,31.7,76,0.0,5.3,Rohini,28.7495,77.0565
2026-08-13 10:00:00,32.7,71,0.0,1.9,Rohini,28.7495,77.0565
2026-08-13 11:00:00,33.4,69,0.1,1.8,Rohini,28.7495,77.0565
2026-08-13 12:00:00,31.2,77,0.8,9.5,Rohini,28.7495,77.0565
2026-08-13 13:00:00,32.5,73,0.8,1.8,Rohini,28.7495,77.0565
2026-08-13 14:00:00,33.3,69,0.0,2.5,Rohini,28.7495,77.0565
2026-08-13 15:00:00,33.8,67,0.1,3.4,Rohini,28.7495,77.0565
2026-08-13 16:00:00,33.8,67,0.0,5.8,Rohini,28.7495,77.0565
2026-08-13 17:00:00,31.4,76,0.0,8.4,Rohini,28.7495,77.0565
2026-08-13 18:00:00,31.0,79,0.0,3.7,Rohini,28.7495,77.0565
2026-08-13 19:00:00,30.4,84,0.0,4.8,Rohini,28.7495,77.0565
2026-08-13 20:00:00,30.3,84,0.0,3.6,Rohini,28.7495,77.0565
2026-08-13 21:00:00,30.2,84,0.0,3.2,Rohini,28.7495,77.0565
2026-08-13 22:00:00,30.0,84,0.0,4.8,Rohini,28.7495,77.0565
2026-08-13 23:00:00,30.2,87,0.0,2.8,Rohini,28.7495,77.0565
2026-08-14 00:00:00,29.7,88,0.0,3.6,Rohini,28.7495,77.0565
2026-08-14 01:00:00,29.4,89,0.0,3.3,Rohini,28.7495,77.0565
2026-08-14 02:00:00,29.0,90,0.0,4.1,Rohini,28.7495,77.0565
2026-08-14 03:00:00,28.7,91,0.0,4.1,Rohini,28.7495,77.0565
2026-08-14 04:00:00,28.5,91,0.0,5.1,Rohini,28.7495,77.0565
2026-08-14 05:00:00,27.6,94,0.0,8.8,Rohini,28.7495,77.0565
2026-08-14 06:00:00,27.5,92,1.1,4.4,Rohini,28.7495,77.0565
2026-08-14 07:00:00,27.1,95,1.7,2.8,Rohini,28.7495,77.0565
2026-08-14 08:00:00,27.3,91,2.8,3.4,Rohini,28.7495,77.0565
2026-08-14 09:00:00,28.2,89,1.1,3.3,Rohini,28.7495,77.0565
2026-08-14 10:00:00,29.5,83,0.2,2.2,Rohini,28.7495,77.0565
2026-08-14 11:00:00,30.6,79,0.0,3.8,Rohini,28.7495,77.0565
2026-08-14 12:00:00,31.3,77,0.4,2.8,Rohini,28.7495,77.0565
2026-08-14 13:00:00,30.6,80,0.5,4.0,Rohini,28.7495,77.0565
2026-08-14 14:00:00,28.2,90,6.6,2.3,Rohini,28.7495,77.0565
2026-08-14 15:00:00,28.2,92,1.3,4.8,Rohini,28.7495,77.0565
2026-08-14 16:00:00,28.6,89,0.6,2.3,Rohini,28.7495,77.0565
2026-08-14 17:00:00,30.8,78,0.2,4.2,Rohini,28.7495,77.0565
2026-08-14 18:00:00,30.3,81,0.0,2.7,Rohini,28.7495,77.0565
2026-08-14 19:00:00,29.3,87,0.0,5.2,Rohini,28.7495,77.0565
2026-08-14 20:00:00,28.9,88,0.0,6.3,Rohini,28.7495,77.0565
2026-08-14 21:00:00,28.7,89,0.0,5.0,Rohini,28.7495,77.0565
2026-08-14 22:00:00,28.4,90,0.0,3.4,Rohini,28.7495,77.0565
2026-08-14 23:00:00,28.4,90,0.0,4.6,Rohini,28.7495,77.0565
2026-08-15 00:00:00,28.1,92,0.0,2.1,Rohini,28.7495,77.0565
2026-08-15 01:00:00,27.8,93,0.0,2.3,Rohini,28.7495,77.0565
2026-08-15 02:00:00,27.6,93,0.0,2.7,Rohini,28.7495,77.0565
2026-08-15 03:00:00,27.4,94,0.0,3.6,Rohini,28.7495,77.0565
2026-08-15 04:00:00,27.3,95,0.0,2.4,Rohini,28.7495,77.0565
2026-08-15 05:00:00,26.7,96,0.0,4.5,Rohini,28.7495,77.0565
2026-08-15 06:00:00,26.9,96,1.6,4.6,Rohini,28.7495,77.0565
2026-08-15 07:00:00,26.9,97,1.1,3.8,Rohini,28.7495,77.0565
2026-08-15 08:00:00,27.1,97,1.2,4.4,Rohini,28.7495,77.0565
2026-08-15 09:00:00,28.1,93,0.4,4.1,Rohini,28.7495,77.0565
2026-08-15 10:00:00,29.4,86,0.0,2.7,Rohini,28.7495,77.0565
2026-08-15 11:00:00,32.2,75,0.1,5.3,Rohini,28.7495,77.0565
2026-08-15 12:00:00,32.0,73,0.3,8.1,Rohini,28.7495,77.0565
2026-08-15 13:00:00,32.4,69,0.2,7.2,Rohini,28.7495,77.0565
2026-08-15 14:00:00,31.7,73,0.1,8.8,Rohini,28.7495,77.0565
2026-08-15 15:00:00,32.5,69,0.3,7.0,Rohini,28.7495,77.0565
2026-08-15 16:00:00,32.6,66,0.0,6.9,Rohini,28.7495,77.0565
2026-08-15 17:00:00,32.1,73,0.0,6.3,Rohini,28.7495,77.0565
2026-08-15 18:00:00,31.3,78,0.0,5.6,Rohini,28.7495,77.0565
2026-08-15 19:00:00,30.3,84,0.0,4.5,Rohini,28.7495,77.0565
2026-08-15 20:00:00,29.8,86,0.0,5.1,Rohini,28.7495,77.0565
2026-08-15 21:00:00,29.5,87,0.0,4.6,Rohini,28.7495,77.0565
2026-08-15 22:00:00,29.2,87,0.0,4.6,Rohini,28.7495,77.0565
2026-08-15 23:00:00,29.3,86,0.0,8.9,Rohini,28.7495,77.0565
2026-08-16 00:00:00,29.0,88,0.0,8.6,Rohini,28.7495,77.0565
2026-08-16 01:00:00,28.7,89,0.1,7.9,Rohini,28.7495,77.0565
2026-08-16 02:00:00,26.2,92,3.4,13.5,Rohini,28.7495,77.0565
2026-08-16 03:00:00,25.5,98,1.4,5.1,Rohini,28.7495,77.0565
2026-08-16 04:00:00,26.4,94,0.1,6.0,Rohini,28.7495,77.0565
2026-08-16 05:00:00,27.7,85,0.0,12.3,Rohini,28.7495,77.0565
2026-08-16 06:00:00,27.6,84,0.1,6.7,Rohini,28.7495,77.0565
2026-08-16 07:00:00,28.2,83,0.1,9.3,Rohini,28.7495,77.0565
2026-08-16 08:00:00,29.7,77,0.0,7.8,Rohini,28.7495,77.0565
2026-08-16 09:00:00,31.3,71,0.0,9.2,Rohini,28.7495,77.0565
2026-08-16 10:00:00,32.6,66,0.0,8.5,Rohini,28.7495,77.0565
2026-08-16 11:00:00,33.2,64,0.0,10.1,Rohini,28.7495,77.0565
2026-08-16 12:00:00,33.6,63,0.3,9.8,Rohini,28.7495,77.0565
2026-08-16 13:00:00,34.1,60,0.1,8.1,Rohini,28.7495,77.0565
2026-08-16 14:00:00,34.1,60,0.1,8.8,Rohini,28.7495,77.0565
2026-08-16 15:00:00,33.8,62,0.1,9.8,Rohini,28.7495,77.0565
2026-08-16 16:00:00,33.5,63,0.1,9.4,Rohini,28.7495,77.0565
2026-08-16 17:00:00,29.7,90,0.0,5.1,Rohini,28.7495,77.0565
2026-08-16 18:00:00,29.9,90,0.0,3.5,Rohini,28.7495,77.0565
2026-08-16 19:00:00,29.5,87,0.0,4.4,Rohini,28.7495,77.0565
2026-08-16 20:00:00,29.3,87,0.4,4.0,Rohini,28.7495,77.0565
2026-08-16 21:00:00,29.1,88,0.0,5.4,Rohini,28.7495,77.0565
2026-08-16 22:00:00,29.1,89,0.0,6.3,Rohini,28.7495,77.0565
2026-08-16 23:00:00,29.1,89,0.0,5.8,Rohini,28.7495,77.0565
2026-07-18 00:00:00,31.5,64,0.0,5.7,Dwarka,28.5921,77.046
2026-07-18 01:00:00,31.1,66,0.0,3.2,Dwarka,28.5921,77.046
2026-07-18 02:00:00,31.2,65,0.0,2.2,Dwarka,28.5921,77.046
2026-07-18 03:00:00,31.1,63,0.0,4.7,Dwarka,28.5921,77.046
2026-07-18 04:00:00,30.7,62,0.0,6.4,Dwarka,28.5921,77.046
2026-07-18 05:00:00,30.6,66,0.0,10.1,Dwarka,28.5921,77.046
2026-07-18 06:00:00,30.7,61,0.0,11.6,Dwarka,28.5921,77.046
2026-07-18 07:00:00,31.5,59,0.0,10.8,Dwarka,28.5921,77.046
2026-07-18 08:00:00,32.0,60,0.0,10.3,Dwarka,28.5921,77.046
2026-07-18 09:00:00,32.9,58,0.0,11.5,Dwarka,28.5921,77.046
2026-07-18 10:00:00,34.2,54,0.0,13.2,Dwarka,28.5921,77.046
2026-07-18 11:00:00,35.1,51,0.0,15.0,Dwarka,28.5921,77.046
2026-07-18 12:00:00,35.4,50,0.0,14.0,Dwarka,28.5921,77.046
2026-07-18 13:00:00,35.6,49,0.0,12.2,Dwarka,28.5921,77.046
2026-07-18 14:00:00,35.6,48,0.0,10.1,Dwarka,28.5921,77.046
2026-07-18 15:00:00,36.1,46,0.0,9.7,Dwarka,28.5921,77.046
2026-07-18 16:00:00,35.4,49,0.0,7.7,Dwarka,28.5921,77.046
2026-07-18 17:00:00,35.8,46,0.0,6.0,Dwarka,28.5921,77.046
2026-07-18 18:00:00,35.5,48,0.0,4.2,Dwarka,28.5921,77.046
2026-07-18 19:00:00,34.7,53,0.0,0.5,Dwarka,28.5921,77.046
2026-07-18 20:00:00,34.0,57,0.0,0.7,Dwarka,28.5921,77.046
2026-07-18 21:00:00,33.2,57,0.0,3.9,Dwarka,28.5921,77.046
2026-07-18 22:00:00,32.7,58,0.0,6.0,Dwarka,28.5921,77.046
2026-07-18 23:00:00,32.7,60,0.0,7.5,Dwarka,28.5921,77.046
2026-07-19 00:00:00,31.5,68,0.0,5.2,Dwarka,28.5921,77.046
2026-07-19 01:00:00,31.1,71,0.0,4.2,Dwarka,28.5921,77.046
2026-07-19 02:00:00,30.6,71,0.0,5.3,Dwarka,28.5921,77.046
2026-07-19 03:00:00,30.4,69,0.0,7.0,Dwarka,28.5921,77.046
2026-07-19 04:00:00,30.0,69,0.0,6.5,Dwarka,28.5921,77.046
2026-07-19 05:00:00,29.7,84,0.0,2.9,Dwarka,28.5921,77.046
2026-07-19 06:00:00,30.3,81,0.0,5.0,Dwarka,28.5921,77.046
2026-07-19 07:00:00,31.3,70,0.0,7.4,Dwarka,28.5921,77.046
2026-07-19 08:00:00,32.1,64,0.0,7.2,Dwarka,28.5921,77.046
2026-07-19 09:00:00,32.8,60,0.0,6.7,Dwarka,28.5921,77.046
2026-07-19 10:00:00,33.9,55,0.0,8.2,Dwarka,28.5921,77.046
2026-07-19 11:00:00,35.2,49,0.0,11.4,Dwarka,28.5921,77.046
2026-07-19 12:00:00,35.6,48,0.0,11.3,Dwarka,28.5921,77.046
2026-07-19 13:00:00,35.2,51,0.0,6.3,Dwarka,28.5921,77.046
2026-07-19 14:00:00,35.2,51,0.0,3.8,Dwarka,28.5921,77.046
2026-07-19 15:00:00,35.0,53,0.0,4.1,Dwarka,28.5921,77.046
2026-07-19 16:00:00,34.3,56,0.4,5.8,Dwarka,28.5921,77.046
2026-07-19 17:00:00,36.2,45,0.0,1.6,Dwarka,28.5921,77.046
2026-07-19 18:00:00,35.2,54,0.0,3.6,Dwarka,28.5921,77.046
2026-07-19 19:00:00,32.7,68,0.0,11.8,Dwarka,28.5921,77.046
2026-07-19 20:00:00,31.2,80,0.0,11.4,Dwarka,28.5921,77.046
2026-07-19 21:00:00,31.1,80,0.1,7.2,Dwarka,28.5921,77.046
2026-07-19 22:00:00,30.9,80,0.0,7.7,Dwarka,28.5921,77.046
2026-07-19 23:00:00,31.4,76,0.0,9.3,Dwarka,28.5921,77.046
2026-07-20 00:00:00,31.1,77,0.0,7.9,Dwarka,28.5921,77.046
2026-07-20 01:00:00,30.3,80,0.0,9.7,Dwarka,28.5921,77.046
2026-07-20 02:00:00,29.3,85,0.0,8.5,Dwarka,28.5921,77.046
2026-07-20 03:00:00,28.4,90,0.2,6.8,Dwarka,28.5921,77.046
2026-07-20 04:00:00,26.7,96,6.7,9.2,Dwarka,28.5921,77.046
2026-07-20 05:00:00,28.0,89,0.8,6.6,Dwarka,28.5921,77.046
2026-07-20 06:00:00,27.8,90,0.3,8.8,Dwarka,28.5921,77.046
2026-07-20 07:00:00,27.7,93,0.9,9.9,Dwarka,28.5921,77.046
2026-07-20 08:00:00,27.8,94,1.1,5.5,Dwarka,28.5921,77.046
2026-07-20 09:00:00,29.2,87,0.5,6.2,Dwarka,28.5921,77.046
2026-07-20 10:00:00,30.2,83,0.8,3.9,Dwarka,28.5921,77.046
2026-07-20 11:00:00,32.3,69,0.2,5.3,Dwarka,28.5921,77.046
2026-07-20 12:00:00,33.6,63,0.2,2.4,Dwarka,28.5921,77.046
2026-07-20 13:00:00,29.8,82,6.8,11.1,Dwarka,28.5921,77.046
2026-07-20 14:00:00,28.4,89,2.2,9.6,Dwarka,28.5921,77.046
2026-07-20 15:00:00,30.2,80,0.1,4.9,Dwarka,28.5921,77.046
2026-07-20 16:00:00,30.6,77,0.0,4.5,Dwarka,28.5921,77.046
2026-07-20 17:00:00,28.9,85,0.0,4.0,Dwarka,28.5921,77.046
2026-07-20 18:00:00,28.1,92,5.1,2.2,Dwarka,28.5921,77.046
2026-07-20 19:00:00,27.7,94,2.8,5.0,Dwarka,28.5921,77.046
2026-07-20 20:00:00,27.6,94,0.6,5.0,Dwarka,28.5921,77.046
2026-07-20 21:00:00,27.5,94,0.5,2.8,Dwarka,28.5921,77.046
2026-07-20 22:00:00,27.2,95,1.1,4.4,Dwarka,28.5921,77.046
2026-07-20 23:00:00,26.5,95,1.2,2.6,Dwarka,28.5921,77.046
2026-07-21 00:00:00,26.6,96,0.9,4.6,Dwarka,28.5921,77.046
2026-07-21 01:00:00,26.5,96,0.3,8.2,Dwarka,28.5921,77.046
2026-07-21 02:00:00,26.6,96,0.3,6.7,Dwarka,28.5921,77.046
2026-07-21 03:00:00,26.5,91,0.1,7.6,Dwarka,28.5921,77.046
2026-07-21 04:00:00,26.3,91,0.1,4.2,Dwarka,28.5921,77.046
2026-07-21 05:00:00,26.2,93,0.7,5.6,Dwarka,28.5921,77.046
2026-07-21 06:00:00,25.6,96,4.7,5.8,Dwarka,28.5921,77.046
2026-07-21 07:00:00,25.9,95,1.9,7.3,Dwarka,28.5921,77.046
2026-07-21 08:00:00,26.4,93,0.3,8.1,Dwarka,28.5921,77.046
2026-07-21 09:00:00,26.9,89,0.1,7.8,Dwarka,28.5921,77.046
2026-07-21 10:00:00,27.9,84,0.2,8.1,Dwarka,28.5921,77.046
2026-07-21 11:00:00,26.5,94,0.0,12.6,Dwarka,28.5921,77.046
2026-07-21 12:00:00,27.4,94,1.3,8.6,Dwarka,28.5921,77.046
2026-07-21 13:00:00,28.8,89,1.0,8.1,Dwarka,28.5921,77.046
2026-07-21 14:00:00,29.2,88,0.7,8.1,Dwarka,28.5921,77.046
2026-07-21 15:00:00,27.5,90,2.9,10.4,Dwarka,28.5921,77.046
2026-07-21 16:00:00,28.3,88,0.7,7.1,Dwarka,28.5921,77.046
2026-07-21 17:00:00,29.4,79,0.2,6.0,Dwarka,28.5921,77.046
2026-07-21 18:00:00,28.7,85,0.9,5.9,Dwarka,28.5921,77.046
2026-07-21 19:00:00,28.3,88,0.2,3.8,Dwarka,28.5921,77.046
2026-07-21 20:00:00,28.0,89,0.0,8.1,Dwarka,28.5921,77.046
2026-07-21 21:00:00,28.0,88,0.0,7.9,Dwarka,28.5921,77.046
2026-07-21 22:00:00,27.9,88,0.0,10.6,Dwarka,28.5921,77.046
2026-07-21 23:00:00,26.9,94,0.1,11.9,Dwarka,28.5921,77.046
2026-07-22 00:00:00,26.6,94,0.1,11.1,Dwarka,28.5921,77.046
2026-07-22 01:00:00,26.5,93,0.0,9.5,Dwarka,28.5921,77.046
2026-07-22 02:00:00,26.4,94,0.0,8.4,Dwarka,28.5921,77.046
2026-07-22 03:00:00,26.2,94,0.3,11.2,Dwarka,28.5921,77.046
2026-07-22 04:00:00,26.1,94,0.5,11.5,Dwarka,28.5921,77.046
2026-07-22 05:00:00,25.8,96,0.7,11.0,Dwarka,28.5921,77.046
2026-07-22 06:00:00,26.0,94,0.5,12.7,Dwarka,28.5921,77.046
2026-07-22 07:00:00,26.7,90,0.1,12.9,Dwarka,28.5921,77.046
2026-07-22 08:00:00,27.6,81,0.3,17.4,Dwarka,28.5921,77.046
2026-07-22 09:00:00,28.7,78,0.3,14.3,Dwarka,28.5921,77.046
2026-07-22 10:00:00,30.0,72,0.3,14.1,Dwarka,28.5921,77.046
2026-07-22 11:00:00,30.6,67,0.2,14.2,Dwarka,28.5921,77.046
2026-07-22 12:00:00,31.6,64,0.1,14.3,Dwarka,28.5921,77.046
2026-07-22 13:00:00,32.0,65,0.0,12.1,Dwarka,28.5921,77.046
2026-07-22 14:00:00,31.9,67,0.2,11.7,Dwarka,28.5921,77.046
2026-07-22 15:00:00,31.7,68,0.1,10.7,Dwarka,28.5921,77.046
2026-07-22 16:00:00,31.0,72,0.9,8.0,Dwarka,28.5921,77.046
2026-07-22 17:00:00,28.4,87,0.0,6.5,Dwarka,28.5921,77.046
2026-07-22 18:00:00,28.7,86,0.1,3.6,Dwarka,28.5921,77.046
2026-07-22 19:00:00,28.6,88,0.0,5.0,Dwarka,28.5921,77.046
2026-07-22 20:00:00,28.7,88,0.0,7.7,Dwarka,28.5921,77.046
2026-07-22 21:00:00,28.8,88,0.0,9.0,Dwarka,28.5921,77.046
2026-07-22 22:00:00,28.8,84,0.0,9.7,Dwarka,28.5921,77.046
2026-07-22 23:00:00,28.4,83,0.0,10.2,Dwarka,28.5921,77.046
2026-07-23 00:00:00,28.3,84,0.0,11.5,Dwarka,28.5921,77.046
2026-07-23 01:00:00,28.1,84,0.0,11.6,Dwarka,28.5921,77.046
2026-07-23 02:00:00,27.9,84,0.0,11.8,Dwarka,28.5921,77.046
2026-07-23 03:00:00,27.5,85,0.0,10.9,Dwarka,28.5921,77.046
2026-07-23 04:00:00,27.3,85,0.0,10.6,Dwarka,28.5921,77.046
2026-07-23 05:00:00,26.8,93,0.0,9.6,Dwarka,28.5921,77.046
2026-07-23 06:00:00,26.3,94,0.7,11.6,Dwarka,28.5921,77.046
2026-07-23 07:00:00,27.2,88,0.2,12.4,Dwarka,28.5921,77.046
2026-07-23 08:00:00,27.9,84,0.3,11.1,Dwarka,28.5921,77.046
2026-07-23 09:00:00,28.7,81,0.2,10.5,Dwarka,28.5921,77.046
2026-07-23 10:00:00,30.4,73,0.1,12.8,Dwarka,28.5921,77.046
2026-07-23 11:00:00,31.3,66,0.0,14.7,Dwarka,28.5921,77.046
2026-07-23 12:00:00,31.8,64,0.1,15.3,Dwarka,28.5921,77.046
2026-07-23 13:00:00,32.0,64,0.1,14.0,Dwarka,28.5921,77.046
2026-07-23 14:00:00,32.4,63,0.1,13.3,Dwarka,28.5921,77.046
2026-07-23 15:00:00,30.6,73,0.9,15.8,Dwarka,28.5921,77.046
2026-07-23 16:00:00,30.2,75,0.6,7.8,Dwarka,28.5921,77.046
2026-07-23 17:00:00,30.9,76,0.1,6.7,Dwarka,28.5921,77.046
2026-07-23 18:00:00,29.9,79,0.3,7.4,Dwarka,28.5921,77.046
2026-07-23 19:00:00,29.5,81,0.0,4.5,Dwarka,28.5921,77.046
2026-07-23 20:00:00,28.4,88,1.4,5.2,Dwarka,28.5921,77.046
2026-07-23 21:00:00,26.4,94,2.6,9.7,Dwarka,28.5921,77.046
2026-07-23 22:00:00,26.2,95,1.6,10.8,Dwarka,28.5921,77.046
2026-07-23 23:00:00,27.7,88,0.1,13.1,Dwarka,28.5921,77.046
2026-07-24 00:00:00,27.2,88,0.0,11.1,Dwarka,28.5921,77.046
2026-07-24 01:00:00,27.0,89,0.0,10.9,Dwarka,28.5921,77.046
2026-07-24 02:00:00,26.9,89,0.0,9.6,Dwarka,28.5921,77.046
2026-07-24 03:00:00,26.8,89,0.0,9.9,Dwarka,28.5921,77.046
2026-07-24 04:00:00,26.7,90,0.0,10.4,Dwarka,28.5921,77.046
2026-07-24 05:00:00,26.0,95,0.1,10.2,Dwarka,28.5921,77.046
2026-07-24 06:00:00,26.1,94,0.0,12.8,Dwarka,28.5921,77.046
2026-07-24 07:00:00,27.0,88,0.0,12.2,Dwarka,28.5921,77.046
2026-07-24 08:00:00,28.5,80,0.0,15.4,Dwarka,28.5921,77.046
2026-07-24 09:00:00,29.5,76,0.1,13.7,Dwarka,28.5921,77.046
2026-07-24 10:00:00,30.5,73,0.1,12.4,Dwarka,28.5921,77.046
2026-07-24 11:00:00,30.5,74,0.1,13.2,Dwarka,28.5921,77.046
2026-07-24 12:00:00,30.9,73,0.7,12.7,Dwarka,28.5921,77.046
2026-07-24 13:00:00,28.6,86,1.7,13.5,Dwarka,28.5921,77.046
2026-07-24 14:00:00,29.1,84,0.5,4.6,Dwarka,28.5921,77.046
2026-07-24 15:00:00,30.1,79,0.2,8.1,Dwarka,28.5921,77.046
2026-07-24 16:00:00,30.7,75,0.1,7.0,Dwarka,28.5921,77.046
2026-07-24 17:00:00,29.9,83,0.1,6.6,Dwarka,28.5921,77.046
2026-07-24 18:00:00,29.8,83,0.0,8.4,Dwarka,28.5921,77.046
2026-07-24 19:00:00,29.3,86,0.2,9.5,Dwarka,28.5921,77.046
2026-07-24 20:00:00,29.4,86,0.1,9.2,Dwarka,28.5921,77.046
2026-07-24 21:00:00,29.1,85,0.0,10.8,Dwarka,28.5921,77.046
2026-07-24 22:00:00,28.7,85,0.0,11.3,Dwarka,28.5921,77.046
2026-07-24 23:00:00,28.4,85,0.0,12.3,Dwarka,28.5921,77.046
2026-07-25 00:00:00,28.2,85,0.0,13.0,Dwarka,28.5921,77.046
2026-07-25 01:00:00,28.1,83,0.0,12.4,Dwarka,28.5921,77.046
2026-07-25 02:00:00,27.8,83,0.1,12.1,Dwarka,28.5921,77.046
2026-07-25 03:00:00,27.4,84,0.3,10.3,Dwarka,28.5921,77.046
2026-07-25 04:00:00,27.3,86,0.1,10.2,Dwarka,28.5921,77.046
2026-07-25 05:00:00,27.5,87,0.0,9.5,Dwarka,28.5921,77.046
2026-07-25 06:00:00,27.7,87,0.0,7.4,Dwarka,28.5921,77.046
2026-07-25 07:00:00,28.3,85,0.0,7.8,Dwarka,28.5921,77.046
2026-07-25 08:00:00,29.1,79,0.1,11.5,Dwarka,28.5921,77.046
2026-07-25 09:00:00,30.1,72,0.0,10.6,Dwarka,28.5921,77.046
2026-07-25 10:00:00,30.7,69,0.1,11.5,Dwarka,28.5921,77.046
2026-07-25 11:00:00,31.6,64,0.2,13.4,Dwarka,28.5921,77.046
2026-07-25 12:00:00,31.7,64,0.3,14.0,Dwarka,28.5921,77.046
2026-07-25 13:00:00,32.2,64,0.1,11.6,Dwarka,28.5921,77.046
2026-07-25 14:00:00,32.6,62,0.3,12.1,Dwarka,28.5921,77.046
2026-07-25 15:00:00,32.4,63,0.3,11.9,Dwarka,28.5921,77.046
2026-07-25 16:00:00,31.8,65,0.3,11.2,Dwarka,28.5921,77.046
2026-07-25 17:00:00,30.3,80,0.1,11.4,Dwarka,28.5921,77.046
2026-07-25 18:00:00,30.1,80,0.0,11.0,Dwarka,28.5921,77.046
2026-07-25 19:00:00,29.2,82,0.0,8.9,Dwarka,28.5921,77.046
2026-07-25 20:00:00,28.7,84,0.0,9.4,Dwarka,28.5921,77.046
2026-07-25 21:00:00,28.3,87,0.0,8.9,Dwarka,28.5921,77.046
2026-07-25 22:00:00,28.0,88,0.0,8.5,Dwarka,28.5921,77.046
2026-07-25 23:00:00,27.9,90,0.0,10.3,Dwarka,28.5921,77.046
2026-07-26 00:00:00,27.7,91,0.0,9.8,Dwarka,28.5921,77.046
2026-07-26 01:00:00,27.7,92,0.0,8.5,Dwarka,28.5921,77.046
2026-07-26 02:00:00,27.7,93,0.0,7.9,Dwarka,28.5921,77.046
2026-07-26 03:00:00,27.5,93,0.0,7.6,Dwarka,28.5921,77.046
2026-07-26 04:00:00,27.4,93,0.0,5.4,Dwarka,28.5921,77.046
2026-07-26 05:00:00,28.2,93,0.1,4.2,Dwarka,28.5921,77.046
2026-07-26 06:00:00,27.5,96,0.4,6.0,Dwarka,28.5921,77.046
2026-07-26 07:00:00,28.4,91,0.1,4.3,Dwarka,28.5921,77.046
2026-07-26 08:00:00,29.7,83,0.0,3.0,Dwarka,28.5921,77.046
2026-07-26 09:00:00,31.0,74,0.0,3.8,Dwarka,28.5921,77.046
2026-07-26 10:00:00,31.9,68,0.3,4.2,Dwarka,28.5921,77.046
2026-07-26 11:00:00,32.3,65,0.3,4.0,Dwarka,28.5921,77.046
2026-07-26 12:00:00,33.1,62,0.1,4.0,Dwarka,28.5921,77.046
2026-07-26 13:00:00,33.5,61,0.2,4.3,Dwarka,28.5921,77.046
2026-07-26 14:00:00,33.7,60,0.2,4.2,Dwarka,28.5921,77.046
2026-07-26 15:00:00,33.8,59,0.1,3.1,Dwarka,28.5921,77.046
2026-07-26 16:00:00,33.7,59,0.0,2.3,Dwarka,28.5921,77.046
2026-07-26 17:00:00,34.1,58,0.0,3.6,Dwarka,28.5921,77.046
2026-07-26 18:00:00,32.9,68,0.0,3.2,Dwarka,28.5921,77.046
2026-07-26 19:00:00,31.7,77,0.0,2.9,Dwarka,28.5921,77.046
2026-07-26 20:00:00,31.4,82,0.0,0.8,Dwarka,28.5921,77.046
2026-07-26 21:00:00,31.3,81,0.0,0.3,Dwarka,28.5921,77.046
2026-07-26 22:00:00,31.0,82,0.0,0.6,Dwarka,28.5921,77.046
2026-07-26 23:00:00,30.6,85,0.0,1.4,Dwarka,28.5921,77.046
2026-07-27 00:00:00,30.0,85,0.0,1.9,Dwarka,28.5921,77.046
2026-07-27 01:00:00,29.7,86,0.0,1.8,Dwarka,28.5921,77.046
2026-07-27 02:00:00,29.3,83,0.0,3.1,Dwarka,28.5921,77.046
2026-07-27 03:00:00,29.2,83,0.0,2.4,Dwarka,28.5921,77.046
2026-07-27 04:00:00,29.1,83,0.0,2.3,Dwarka,28.5921,77.046
2026-07-27 05:00:00,29.7,83,0.0,2.4,Dwarka,28.5921,77.046
2026-07-27 06:00:00,29.9,80,0.0,2.9,Dwarka,28.5921,77.046
2026-07-27 07:00:00,30.5,78,0.0,2.0,Dwarka,28.5921,77.046
2026-07-27 08:00:00,31.5,75,0.0,2.2,Dwarka,28.5921,77.046
2026-07-27 09:00:00,32.6,67,0.1,3.4,Dwarka,28.5921,77.046
2026-07-27 10:00:00,33.3,63,0.2,2.6,Dwarka,28.5921,77.046
2026-07-27 11:00:00,34.5,55,0.1,2.5,Dwarka,28.5921,77.046
2026-07-27 12:00:00,34.9,55,0.0,5.6,Dwarka,28.5921,77.046
2026-07-27 13:00:00,35.2,54,0.0,4.5,Dwarka,28.5921,77.046
2026-07-27 14:00:00,35.1,53,0.0,6.5,Dwarka,28.5921,77.046
2026-07-27 15:00:00,34.3,56,0.0,4.6,Dwarka,28.5921,77.046
2026-07-27 16:00:00,33.7,58,0.0,1.6,Dwarka,28.5921,77.046
2026-07-27 17:00:00,32.5,67,0.0,2.0,Dwarka,28.5921,77.046
2026-07-27 18:00:00,31.9,74,0.0,2.3,Dwarka,28.5921,77.046
2026-07-27 19:00:00,31.5,77,0.0,1.6,Dwarka,28.5921,77.046
2026-07-27 20:00:00,31.2,78,0.0,5.0,Dwarka,28.5921,77.046
2026-07-27 21:00:00,30.6,80,0.0,9.0,Dwarka,28.5921,77.046
2026-07-27 22:00:00,29.6,82,0.0,13.0,Dwarka,28.5921,77.046
2026-07-27 23:00:00,30.2,85,0.0,10.3,Dwarka,28.5921,77.046
2026-07-28 00:00:00,28.4,88,0.0,14.1,Dwarka,28.5921,77.046
2026-07-28 01:00:00,27.6,89,0.1,8.9,Dwarka,28.5921,77.046
2026-07-28 02:00:00,27.4,93,0.3,11.1,Dwarka,28.5921,77.046
2026-07-28 03:00:00,26.9,96,0.3,9.4,Dwarka,28.5921,77.046
2026-07-28 04:00:00,26.5,97,0.4,10.4,Dwarka,28.5921,77.046
2026-07-28 05:00:00,28.4,94,0.3,8.7,Dwarka,28.5921,77.046
2026-07-28 06:00:00,28.5,92,0.0,8.6,Dwarka,28.5921,77.046
2026-07-28 07:00:00,28.0,93,1.1,11.0,Dwarka,28.5921,77.046
2026-07-28 08:00:00,28.8,92,0.5,10.4,Dwarka,28.5921,77.046
2026-07-28 09:00:00,29.5,84,0.0,8.5,Dwarka,28.5921,77.046
2026-07-28 10:00:00,27.6,92,4.1,11.8,Dwarka,28.5921,77.046
2026-07-28 11:00:00,28.3,92,1.3,9.8,Dwarka,28.5921,77.046
2026-07-28 12:00:00,27.3,95,3.8,11.5,Dwarka,28.5921,77.046
2026-07-28 13:00:00,27.0,94,2.6,8.6,Dwarka,28.5921,77.046
2026-07-28 14:00:00,26.9,95,2.7,4.6,Dwarka,28.5921,77.046
2026-07-28 15:00:00,27.2,92,1.4,5.4,Dwarka,28.5921,77.046
2026-07-28 16:00:00,27.1,93,0.6,4.1,Dwarka,28.5921,77.046
2026-07-28 17:00:00,31.1,70,0.3,4.1,Dwarka,28.5921,77.046
2026-07-28 18:00:00,30.3,77,0.3,4.6,Dwarka,28.5921,77.046
2026-07-28 19:00:00,29.6,83,0.0,1.1,Dwarka,28.5921,77.046
2026-07-28 20:00:00,29.2,87,0.0,1.9,Dwarka,28.5921,77.046
2026-07-28 21:00:00,29.0,88,0.0,2.9,Dwarka,28.5921,77.046
2026-07-28 22:00:00,28.6,89,0.0,6.0,Dwarka,28.5921,77.046
2026-07-28 23:00:00,28.2,89,0.0,3.3,Dwarka,28.5921,77.046
2026-07-29 00:00:00,27.9,91,0.0,2.2,Dwarka,28.5921,77.046
2026-07-29 01:00:00,27.8,92,0.0,1.9,Dwarka,28.5921,77.046
2026-07-29 02:00:00,27.5,93,0.2,4.8,Dwarka,28.5921,77.046
2026-07-29 03:00:00,27.1,92,0.3,4.5,Dwarka,28.5921,77.046
2026-07-29 04:00:00,27.0,94,0.0,2.5,Dwarka,28.5921,77.046
2026-07-29 05:00:00,26.6,98,0.0,2.7,Dwarka,28.5921,77.046
2026-07-29 06:00:00,26.6,96,0.3,3.6,Dwarka,28.5921,77.046
2026-07-29 07:00:00,26.7,96,0.4,5.4,Dwarka,28.5921,77.046
2026-07-29 08:00:00,27.2,92,0.3,3.8,Dwarka,28.5921,77.046
2026-07-29 09:00:00,28.5,86,0.3,3.3,Dwarka,28.5921,77.046
2026-07-29 10:00:00,29.6,82,0.2,3.9,Dwarka,28.5921,77.046
2026-07-29 11:00:00,31.0,77,0.1,1.7,Dwarka,28.5921,77.046
2026-07-29 12:00:00,32.1,72,0.0,1.2,Dwarka,28.5921,77.046
2026-07-29 13:00:00,32.2,70,0.0,1.8,Dwarka,28.5921,77.046
2026-07-29 14:00:00,32.5,70,0.1,3.1,Dwarka,28.5921,77.046
2026-07-29 15:00:00,32.6,70,0.2,1.5,Dwarka,28.5921,77.046
2026-07-29 16:00:00,32.2,72,0.0,2.4,Dwarka,28.5921,77.046
2026-07-29 17:00:00,32.7,67,0.1,5.0,Dwarka,28.5921,77.046
2026-07-29 18:00:00,31.7,76,0.0,5.0,Dwarka,28.5921,77.046
2026-07-29 19:00:00,30.7,83,0.0,5.0,Dwarka,28.5921,77.046
2026-07-29 20:00:00,30.3,84,0.0,5.7,Dwarka,28.5921,77.046
2026-07-29 21:00:00,29.9,85,0.0,5.2,Dwarka,28.5921,77.046
2026-07-29 22:00:00,29.5,87,0.0,4.0,Dwarka,28.5921,77.046
2026-07-29 23:00:00,30.1,87,0.0,6.7,Dwarka,28.5921,77.046
2026-07-30 00:00:00,29.4,89,0.0,7.8,Dwarka,28.5921,77.046
2026-07-30 01:00:00,27.2,93,1.9,9.4,Dwarka,28.5921,77.046
2026-07-30 02:00:00,25.5,98,5.0,7.5,Dwarka,28.5921,77.046
2026-07-30 03:00:00,26.1,95,0.6,3.0,Dwarka,28.5921,77.046
2026-07-30 04:00:00,26.3,97,0.1,4.0,Dwarka,28.5921,77.046
2026-07-30 05:00:00,27.7,93,0.0,0.9,Dwarka,28.5921,77.046
2026-07-30 06:00:00,27.9,95,0.1,6.8,Dwarka,28.5921,77.046
2026-07-30 07:00:00,29.0,85,0.3,10.4,Dwarka,28.5921,77.046
2026-07-30 08:00:00,29.6,83,0.3,7.9,Dwarka,28.5921,77.046
2026-07-30 09:00:00,30.6,77,0.1,8.0,Dwarka,28.5921,77.046
2026-07-30 10:00:00,31.7,71,0.0,6.7,Dwarka,28.5921,77.046
2026-07-30 11:00:00,32.8,64,0.0,5.0,Dwarka,28.5921,77.046
2026-07-30 12:00:00,33.2,62,0.1,6.7,Dwarka,28.5921,77.046
2026-07-30 13:00:00,31.8,68,1.0,9.0,Dwarka,28.5921,77.046
2026-07-30 14:00:00,32.9,63,0.1,3.4,Dwarka,28.5921,77.046
2026-07-30 15:00:00,33.2,61,0.1,4.9,Dwarka,28.5921,77.046
2026-07-30 16:00:00,33.3,60,0.0,6.1,Dwarka,28.5921,77.046
2026-07-30 17:00:00,32.1,69,0.0,9.1,Dwarka,28.5921,77.046
2026-07-30 18:00:00,29.8,80,0.4,14.9,Dwarka,28.5921,77.046
2026-07-30 19:00:00,28.7,85,0.0,8.7,Dwarka,28.5921,77.046
2026-07-30 20:00:00,28.6,86,0.0,8.2,Dwarka,28.5921,77.046
2026-07-30 21:00:00,28.6,88,0.0,8.4,Dwarka,28.5921,77.046
2026-07-30 22:00:00,28.4,90,0.0,9.4,Dwarka,28.5921,77.046
2026-07-30 23:00:00,29.0,89,0.0,11.6,Dwarka,28.5921,77.046
2026-07-31 00:00:00,28.7,88,0.0,11.8,Dwarka,28.5921,77.046
2026-07-31 01:00:00,28.5,89,0.0,11.3,Dwarka,28.5921,77.046
2026-07-31 02:00:00,28.4,87,0.0,10.6,Dwarka,28.5921,77.046
2026-07-31 03:00:00,28.2,87,0.0,10.1,Dwarka,28.5921,77.046
2026-07-31 04:00:00,28.1,86,0.0,11.0,Dwarka,28.5921,77.046
2026-07-31 05:00:00,28.2,84,0.0,12.5,Dwarka,28.5921,77.046
2026-07-31 06:00:00,28.2,84,0.0,11.2,Dwarka,28.5921,77.046
2026-07-31 07:00:00,28.8,81,0.0,11.5,Dwarka,28.5921,77.046
2026-07-31 08:00:00,29.2,78,0.1,14.3,Dwarka,28.5921,77.046
2026-07-31 09:00:00,29.7,76,0.1,14.7,Dwarka,28.5921,77.046
2026-07-31 10:00:00,30.0,74,0.1,14.5,Dwarka,28.5921,77.046
2026-07-31 11:00:00,30.5,72,0.3,12.3,Dwarka,28.5921,77.046
2026-07-31 12:00:00,31.4,67,0.1,13.3,Dwarka,28.5921,77.046
2026-07-31 13:00:00,32.3,64,0.0,13.9,Dwarka,28.5921,77.046
2026-07-31 14:00:00,32.7,62,0.2,12.4,Dwarka,28.5921,77.046
2026-07-31 15:00:00,32.6,63,0.1,12.2,Dwarka,28.5921,77.046
2026-07-31 16:00:00,30.5,72,0.9,11.1,Dwarka,28.5921,77.046
2026-07-31 17:00:00,31.5,72,0.7,8.1,Dwarka,28.5921,77.046
2026-07-31 18:00:00,31.0,75,0.0,7.7,Dwarka,28.5921,77.046
2026-07-31 19:00:00,30.2,78,0.0,9.0,Dwarka,28.5921,77.046
2026-07-31 20:00:00,29.8,82,0.0,8.9,Dwarka,28.5921,77.046
2026-07-31 21:00:00,29.4,83,0.2,12.3,Dwarka,28.5921,77.046
2026-07-31 22:00:00,28.9,85,0.1,11.5,Dwarka,28.5921,77.046
2026-07-31 23:00:00,28.4,85,0.0,10.1,Dwarka,28.5921,77.046
2026-08-01 00:00:00,27.9,88,0.0,10.7,Dwarka,28.5921,77.046
2026-08-01 01:00:00,26.8,94,1.8,9.2,Dwarka,28.5921,77.046
2026-08-01 02:00:00,27.1,93,0.0,11.7,Dwarka,28.5921,77.046
2026-08-01 03:00:00,27.1,91,0.0,11.9,Dwarka,28.5921,77.046
2026-08-01 04:00:00,27.2,91,0.0,11.0,Dwarka,28.5921,77.046
2026-08-01 05:00:00,27.0,93,0.0,10.5,Dwarka,28.5921,77.046
2026-08-01 06:00:00,27.2,92,0.0,9.9,Dwarka,28.5921,77.046
2026-08-01 07:00:00,27.4,89,0.1,12.8,Dwarka,28.5921,77.046
2026-08-01 08:00:00,28.1,85,0.1,12.8,Dwarka,28.5921,77.046
2026-08-01 09:00:00,29.5,78,0.1,12.7,Dwarka,28.5921,77.046
2026-08-01 10:00:00,30.6,72,0.1,12.2,Dwarka,28.5921,77.046
2026-08-01 11:00:00,31.6,69,0.3,11.7,Dwarka,28.5921,77.046
2026-08-01 12:00:00,32.3,67,0.1,11.1,Dwarka,28.5921,77.046
2026-08-01 13:00:00,32.6,66,0.1,12.8,Dwarka,28.5921,77.046
2026-08-01 14:00:00,32.6,60,0.3,11.3,Dwarka,28.5921,77.046
2026-08-01 15:00:00,31.6,67,0.3,9.7,Dwarka,28.5921,77.046
2026-08-01 16:00:00,31.5,72,0.2,7.2,Dwarka,28.5921,77.046
2026-08-01 17:00:00,31.3,72,0.4,11.2,Dwarka,28.5921,77.046
2026-08-01 18:00:00,30.4,80,0.1,5.1,Dwarka,28.5921,77.046
2026-08-01 19:00:00,29.9,83,0.0,5.4,Dwarka,28.5921,77.046
2026-08-01 20:00:00,29.6,84,0.0,7.6,Dwarka,28.5921,77.046
2026-08-01 21:00:00,29.3,87,0.0,8.6,Dwarka,28.5921,77.046
2026-08-01 22:00:00,29.3,87,0.0,10.8,Dwarka,28.5921,77.046
2026-08-01 23:00:00,27.8,89,0.0,12.4,Dwarka,28.5921,77.046
2026-08-02 00:00:00,27.0,90,0.2,10.5,Dwarka,28.5921,77.046
2026-08-02 01:00:00,26.9,91,0.2,9.0,Dwarka,28.5921,77.046
2026-08-02 02:00:00,27.0,92,0.1,7.8,Dwarka,28.5921,77.046
2026-08-02 03:00:00,26.9,92,0.0,7.1,Dwarka,28.5921,77.046
2026-08-02 04:00:00,26.9,93,0.0,7.6,Dwarka,28.5921,77.046
2026-08-02 05:00:00,27.2,95,0.0,8.3,Dwarka,28.5921,77.046
2026-08-02 06:00:00,27.1,94,0.0,13.3,Dwarka,28.5921,77.046
2026-08-02 07:00:00,27.2,93,0.1,8.9,Dwarka,28.5921,77.046
2026-08-02 08:00:00,28.6,86,0.0,9.1,Dwarka,28.5921,77.046
2026-08-02 09:00:00,30.3,78,0.0,8.9,Dwarka,28.5921,77.046
2026-08-02 10:00:00,31.7,71,0.1,8.6,Dwarka,28.5921,77.046
2026-08-02 11:00:00,33.0,63,0.1,8.3,Dwarka,28.5921,77.046
2026-08-02 12:00:00,33.8,59,0.0,7.5,Dwarka,28.5921,77.046
2026-08-02 13:00:00,34.0,57,0.2,10.0,Dwarka,28.5921,77.046
2026-08-02 14:00:00,33.0,62,0.8,11.5,Dwarka,28.5921,77.046
2026-08-02 15:00:00,32.9,64,0.0,8.6,Dwarka,28.5921,77.046
2026-08-02 16:00:00,32.2,67,0.4,8.1,Dwarka,28.5921,77.046
2026-08-02 17:00:00,27.0,97,0.2,7.7,Dwarka,28.5921,77.046
2026-08-02 18:00:00,28.1,92,0.7,8.1,Dwarka,28.5921,77.046
2026-08-02 19:00:00,27.6,92,0.1,8.0,Dwarka,28.5921,77.046
2026-08-02 20:00:00,27.8,91,0.0,7.5,Dwarka,28.5921,77.046
2026-08-02 21:00:00,28.1,91,0.0,7.1,Dwarka,28.5921,77.046
2026-08-02 22:00:00,28.1,91,0.0,7.9,Dwarka,28.5921,77.046
2026-08-02 23:00:00,28.9,91,0.0,6.0,Dwarka,28.5921,77.046
2026-08-03 00:00:00,28.6,92,0.0,7.0,Dwarka,28.5921,77.046
2026-08-03 01:00:00,28.5,92,0.0,6.9,Dwarka,28.5921,77.046
2026-08-03 02:00:00,28.3,91,0.0,8.5,Dwarka,28.5921,77.046
2026-08-03 03:00:00,27.9,91,0.0,7.7,Dwarka,28.5921,77.046
2026-08-03 04:00:00,27.5,93,0.0,7.6,Dwarka,28.5921,77.046
2026-08-03 05:00:00,27.1,99,0.1,4.4,Dwarka,28.5921,77.046
2026-08-03 06:00:00,27.4,94,1.3,2.4,Dwarka,28.5921,77.046
2026-08-03 07:00:00,27.4,94,2.2,3.0,Dwarka,28.5921,77.046
2026-08-03 08:00:00,27.8,92,0.8,2.8,Dwarka,28.5921,77.046
2026-08-03 09:00:00,29.4,84,0.3,4.3,Dwarka,28.5921,77.046
2026-08-03 10:00:00,30.2,82,0.2,4.8,Dwarka,28.5921,77.046
2026-08-03 11:00:00,32.0,73,0.3,7.9,Dwarka,28.5921,77.046
2026-08-03 12:00:00,32.8,69,0.2,8.4,Dwarka,28.5921,77.046
2026-08-03 13:00:00,33.0,69,0.6,5.4,Dwarka,28.5921,77.046
2026-08-03 14:00:00,30.5,75,0.7,12.1,Dwarka,28.5921,77.046
2026-08-03 15:00:00,29.9,83,3.0,3.1,Dwarka,28.5921,77.046
2026-08-03 16:00:00,29.8,83,0.4,6.4,Dwarka,28.5921,77.046
2026-08-03 17:00:00,32.2,75,0.1,8.7,Dwarka,28.5921,77.046
2026-08-03 18:00:00,28.4,93,6.9,5.3,Dwarka,28.5921,77.046
2026-08-03 19:00:00,28.3,94,1.8,6.2,Dwarka,28.5921,77.046
2026-08-03 20:00:00,27.5,95,2.1,8.9,Dwarka,28.5921,77.046
2026-08-03 21:00:00,26.9,95,4.0,0.9,Dwarka,28.5921,77.046
2026-08-03 22:00:00,26.7,96,2.1,3.2,Dwarka,28.5921,77.046
2026-08-03 23:00:00,27.1,97,0.7,6.9,Dwarka,28.5921,77.046
2026-08-04 00:00:00,26.8,97,0.9,8.1,Dwarka,28.5921,77.046
2026-08-04 01:00:00,26.7,98,0.9,6.9,Dwarka,28.5921,77.046
2026-08-04 02:00:00,26.6,98,0.4,7.6,Dwarka,28.5921,77.046
2026-08-04 03:00:00,26.7,98,0.2,5.4,Dwarka,28.5921,77.046
2026-08-04 04:00:00,26.8,96,0.6,5.0,Dwarka,28.5921,77.046
2026-08-04 05:00:00,26.6,96,0.2,6.0,Dwarka,28.5921,77.046
2026-08-04 06:00:00,26.4,97,7.2,5.8,Dwarka,28.5921,77.046
2026-08-04 07:00:00,26.7,95,2.2,3.8,Dwarka,28.5921,77.046
2026-08-04 08:00:00,26.9,95,1.5,4.6,Dwarka,28.5921,77.046
2026-08-04 09:00:00,27.9,88,0.6,3.4,Dwarka,28.5921,77.046
2026-08-04 10:00:00,29.0,84,0.5,2.2,Dwarka,28.5921,77.046
2026-08-04 11:00:00,27.1,95,0.5,2.6,Dwarka,28.5921,77.046
2026-08-04 12:00:00,28.0,93,1.6,4.8,Dwarka,28.5921,77.046
2026-08-04 13:00:00,28.1,93,1.1,6.1,Dwarka,28.5921,77.046
2026-08-04 14:00:00,28.5,91,0.7,4.9,Dwarka,28.5921,77.046
2026-08-04 15:00:00,28.9,87,0.3,4.6,Dwarka,28.5921,77.046
2026-08-04 16:00:00,29.5,83,0.1,4.0,Dwarka,28.5921,77.046
2026-08-04 17:00:00,27.4,95,0.0,3.1,Dwarka,28.5921,77.046
2026-08-04 18:00:00,27.5,95,1.5,2.9,Dwarka,28.5921,77.046
2026-08-04 19:00:00,27.4,96,0.5,1.5,Dwarka,28.5921,77.046
2026-08-04 20:00:00,27.4,95,0.2,1.9,Dwarka,28.5921,77.046
2026-08-04 21:00:00,27.3,96,0.2,1.4,Dwarka,28.5921,77.046
2026-08-04 22:00:00,27.0,98,0.1,3.1,Dwarka,28.5921,77.046
2026-08-04 23:00:00,27.5,97,0.0,3.3,Dwarka,28.5921,77.046
2026-08-05 00:00:00,27.4,97,0.0,1.3,Dwarka,28.5921,77.046
2026-08-05 01:00:00,27.4,96,0.0,2.2,Dwarka,28.5921,77.046
2026-08-05 02:00:00,27.1,98,0.0,3.1,Dwarka,28.5921,77.046
2026-08-05 03:00:00,27.1,93,0.0,2.0,Dwarka,28.5921,77.046
2026-08-05 04:00:00,27.0,93,0.2,2.3,Dwarka,28.5921,77.046
2026-08-05 05:00:00,26.7,93,0.3,4.1,Dwarka,28.5921,77.046
2026-08-05 06:00:00,26.7,95,0.7,2.3,Dwarka,28.5921,77.046
2026-08-05 07:00:00,27.2,94,0.0,2.2,Dwarka,28.5921,77.046
2026-08-05 08:00:00,28.1,89,0.0,1.7,Dwarka,28.5921,77.046
2026-08-05 09:00:00,29.9,78,0.0,4.5,Dwarka,28.5921,77.046
2026-08-05 10:00:00,31.2,69,0.0,5.4,Dwarka,28.5921,77.046
2026-08-05 11:00:00,31.4,69,0.0,5.8,Dwarka,28.5921,77.046
2026-08-05 12:00:00,31.1,68,0.0,6.7,Dwarka,28.5921,77.046
2026-08-05 13:00:00,31.6,65,0.0,7.5,Dwarka,28.5921,77.046
2026-08-05 14:00:00,32.1,63,0.0,8.0,Dwarka,28.5921,77.046
2026-08-05 15:00:00,32.8,61,0.0,6.4,Dwarka,28.5921,77.046
2026-08-05 16:00:00,32.6,63,0.0,5.9,Dwarka,28.5921,77.046
2026-08-05 17:00:00,29.9,81,0.0,2.9,Dwarka,28.5921,77.046
2026-08-05 18:00:00,28.2,90,2.9,4.0,Dwarka,28.5921,77.046
2026-08-05 19:00:00,28.1,93,0.2,5.8,Dwarka,28.5921,77.046
2026-08-05 20:00:00,28.0,92,0.0,8.1,Dwarka,28.5921,77.046
2026-08-05 21:00:00,27.6,93,0.0,4.9,Dwarka,28.5921,77.046
2026-08-05 22:00:00,27.4,95,0.0,4.3,Dwarka,28.5921,77.046
2026-08-05 23:00:00,27.7,99,0.0,1.7,Dwarka,28.5921,77.046
2026-08-06 00:00:00,27.9,92,3.2,4.9,Dwarka,28.5921,77.046
2026-08-06 01:00:00,27.1,94,1.1,2.7,Dwarka,28.5921,77.046
2026-08-06 02:00:00,27.0,95,0.3,1.8,Dwarka,28.5921,77.046
2026-08-06 03:00:00,26.8,95,0.0,4.8,Dwarka,28.5921,77.046
2026-08-06 04:00:00,26.6,95,0.0,8.7,Dwarka,28.5921,77.046
2026-08-06 05:00:00,27.1,98,0.0,5.0,Dwarka,28.5921,77.046
2026-08-06 06:00:00,27.3,95,0.4,5.1,Dwarka,28.5921,77.046
2026-08-06 07:00:00,27.6,90,0.0,6.2,Dwarka,28.5921,77.046
2026-08-06 08:00:00,28.1,84,0.8,5.6,Dwarka,28.5921,77.046
2026-08-06 09:00:00,27.5,88,1.1,4.5,Dwarka,28.5921,77.046
2026-08-06 10:00:00,27.1,90,1.7,4.7,Dwarka,28.5921,77.046
2026-08-06 11:00:00,27.3,86,1.4,3.9,Dwarka,28.5921,77.046
2026-08-06 12:00:00,27.2,86,1.0,2.7,Dwarka,28.5921,77.046
2026-08-06 13:00:00,27.1,85,0.3,3.7,Dwarka,28.5921,77.046
2026-08-06 14:00:00,27.2,83,0.0,4.2,Dwarka,28.5921,77.046
2026-08-06 15:00:00,27.4,82,0.1,4.7,Dwarka,28.5921,77.046
2026-08-06 16:00:00,27.6,81,0.1,6.5,Dwarka,28.5921,77.046
2026-08-06 17:00:00,27.9,84,0.0,7.7,Dwarka,28.5921,77.046
2026-08-06 18:00:00,27.4,90,0.7,6.0,Dwarka,28.5921,77.046
2026-08-06 19:00:00,27.2,93,0.2,5.4,Dwarka,28.5921,77.046
2026-08-06 20:00:00,27.0,94,0.0,5.9,Dwarka,28.5921,77.046
2026-08-06 21:00:00,26.8,95,0.0,5.5,Dwarka,28.5921,77.046
2026-08-06 22:00:00,26.8,95,0.0,2.9,Dwarka,28.5921,77.046
2026-08-06 23:00:00,27.0,94,0.0,6.9,Dwarka,28.5921,77.046
2026-08-07 00:00:00,26.3,95,0.1,7.9,Dwarka,28.5921,77.046
2026-08-07 01:00:00,25.9,97,0.7,5.6,Dwarka,28.5921,77.046
2026-08-07 02:00:00,25.9,97,0.8,5.2,Dwarka,28.5921,77.046
2026-08-07 03:00:00,26.0,97,0.0,3.6,Dwarka,28.5921,77.046
2026-08-07 04:00:00,25.9,98,0.0,4.9,Dwarka,28.5921,77.046
2026-08-07 05:00:00,26.4,97,0.5,9.6,Dwarka,28.5921,77.046
2026-08-07 06:00:00,26.2,98,1.7,4.9,Dwarka,28.5921,77.046
2026-08-07 07:00:00,26.3,97,1.9,4.4,Dwarka,28.5921,77.046
2026-08-07 08:00:00,26.3,95,7.6,8.4,Dwarka,28.5921,77.046
2026-08-07 09:00:00,26.7,96,1.6,8.9,Dwarka,28.5921,77.046
2026-08-07 10:00:00,27.3,93,2.2,9.6,Dwarka,28.5921,77.046
2026-08-07 11:00:00,28.1,86,1.2,9.6,Dwarka,28.5921,77.046
2026-08-07 12:00:00,26.3,94,10.9,13.6,Dwarka,28.5921,77.046
2026-08-07 13:00:00,26.8,95,4.7,13.9,Dwarka,28.5921,77.046
2026-08-07 14:00:00,27.3,95,1.4,11.8,Dwarka,28.5921,77.046
2026-08-07 15:00:00,28.2,86,0.6,12.8,Dwarka,28.5921,77.046
2026-08-07 16:00:00,28.3,86,0.3,14.0,Dwarka,28.5921,77.046
2026-08-07 17:00:00,26.8,95,2.3,11.1,Dwarka,28.5921,77.046
2026-08-07 18:00:00,26.7,95,0.5,12.0,Dwarka,28.5921,77.046
2026-08-07 19:00:00,26.2,96,0.9,9.9,Dwarka,28.5921,77.046
2026-08-07 20:00:00,26.2,96,0.2,9.5,Dwarka,28.5921,77.046
2026-08-07 21:00:00,25.8,96,0.4,13.9,Dwarka,28.5921,77.046
2026-08-07 22:00:00,25.4,98,1.9,11.6,Dwarka,28.5921,77.046
2026-08-07 23:00:00,25.9,97,12.0,11.8,Dwarka,28.5921,77.046
2026-08-08 00:00:00,25.9,97,2.6,7.1,Dwarka,28.5921,77.046
2026-08-08 01:00:00,25.9,97,0.2,9.9,Dwarka,28.5921,77.046
2026-08-08 02:00:00,25.3,97,0.6,8.9,Dwarka,28.5921,77.046
2026-08-08 03:00:00,24.8,98,5.9,9.7,Dwarka,28.5921,77.046
2026-08-08 04:00:00,24.7,97,9.0,8.9,Dwarka,28.5921,77.046
2026-08-08 05:00:00,25.7,97,0.6,10.1,Dwarka,28.5921,77.046
2026-08-08 06:00:00,25.7,96,2.8,10.6,Dwarka,28.5921,77.046
2026-08-08 07:00:00,25.9,96,0.6,10.1,Dwarka,28.5921,77.046
2026-08-08 08:00:00,27.2,92,0.2,7.2,Dwarka,28.5921,77.046
2026-08-08 09:00:00,29.1,86,0.2,8.0,Dwarka,28.5921,77.046
2026-08-08 10:00:00,30.6,77,0.1,14.8,Dwarka,28.5921,77.046
2026-08-08 11:00:00,30.0,78,0.2,15.2,Dwarka,28.5921,77.046
2026-08-08 12:00:00,30.9,75,1.2,9.0,Dwarka,28.5921,77.046
2026-08-08 13:00:00,30.4,76,0.5,13.6,Dwarka,28.5921,77.046
2026-08-08 14:00:00,30.2,78,1.3,6.3,Dwarka,28.5921,77.046
2026-08-08 15:00:00,32.1,70,0.1,6.5,Dwarka,28.5921,77.046
2026-08-08 16:00:00,31.8,69,0.2,7.6,Dwarka,28.5921,77.046
2026-08-08 17:00:00,31.1,75,0.7,7.3,Dwarka,28.5921,77.046
2026-08-08 18:00:00,29.9,81,0.2,7.3,Dwarka,28.5921,77.046
2026-08-08 19:00:00,28.9,87,0.0,3.4,Dwarka,28.5921,77.046
2026-08-08 20:00:00,28.5,90,0.0,3.2,Dwarka,28.5921,77.046
2026-08-08 21:00:00,28.4,90,0.0,4.0,Dwarka,28.5921,77.046
2026-08-08 22:00:00,28.3,91,0.0,2.9,Dwarka,28.5921,77.046
2026-08-08 23:00:00,28.5,91,0.0,2.4,Dwarka,28.5921,77.046
2026-08-09 00:00:00,28.2,90,0.1,3.9,Dwarka,28.5921,77.046
2026-08-09 01:00:00,28.0,91,0.8,3.3,Dwarka,28.5921,77.046
2026-08-09 02:00:00,28.3,89,0.1,1.3,Dwarka,28.5921,77.046
2026-08-09 03:00:00,27.3,93,0.2,9.8,Dwarka,28.5921,77.046
2026-08-09 04:00:00,26.5,94,0.2,9.2,Dwarka,28.5921,77.046
2026-08-09 05:00:00,25.3,96,0.0,2.7,Dwarka,28.5921,77.046
2026-08-09 06:00:00,25.8,94,0.1,6.3,Dwarka,28.5921,77.046
2026-08-09 07:00:00,27.0,93,0.0,3.5,Dwarka,28.5921,77.046
2026-08-09 08:00:00,28.8,87,0.0,4.2,Dwarka,28.5921,77.046
2026-08-09 09:00:00,30.6,79,0.0,5.9,Dwarka,28.5921,77.046
2026-08-09 10:00:00,31.5,75,0.0,7.7,Dwarka,28.5921,77.046
2026-08-09 11:00:00,32.7,68,0.0,8.5,Dwarka,28.5921,77.046
2026-08-09 12:00:00,32.5,69,0.2,8.2,Dwarka,28.5921,77.046
2026-08-09 13:00:00,33.0,66,0.1,5.9,Dwarka,28.5921,77.046
2026-08-09 14:00:00,33.7,62,0.0,4.5,Dwarka,28.5921,77.046
2026-08-09 15:00:00,33.8,62,0.0,2.4,Dwarka,28.5921,77.046
2026-08-09 16:00:00,33.6,62,0.0,3.0,Dwarka,28.5921,77.046
2026-08-09 17:00:00,32.5,67,0.2,7.3,Dwarka,28.5921,77.046
2026-08-09 18:00:00,31.2,78,0.0,2.8,Dwarka,28.5921,77.046
2026-08-09 19:00:00,30.3,84,0.0,4.0,Dwarka,28.5921,77.046
2026-08-09 20:00:00,30.1,84,0.0,4.5,Dwarka,28.5921,77.046
2026-08-09 21:00:00,29.7,85,0.0,4.6,Dwarka,28.5921,77.046
2026-08-09 22:00:00,29.5,84,0.0,5.8,Dwarka,28.5921,77.046
2026-08-09 23:00:00,28.8,85,0.0,4.0,Dwarka,28.5921,77.046
2026-08-10 00:00:00,28.4,88,0.5,3.4,Dwarka,28.5921,77.046
2026-08-10 01:00:00,27.1,93,0.5,8.1,Dwarka,28.5921,77.046
2026-08-10 02:00:00,26.4,95,0.5,7.3,Dwarka,28.5921,77.046
2026-08-10 03:00:00,26.7,95,0.0,5.8,Dwarka,28.5921,77.046
2026-08-10 04:00:00,26.8,95,0.0,6.9,Dwarka,28.5921,77.046
2026-08-10 05:00:00,27.6,94,0.0,7.6,Dwarka,28.5921,77.046
2026-08-10 06:00:00,26.7,95,0.9,5.2,Dwarka,28.5921,77.046
2026-08-10 07:00:00,26.9,94,0.5,6.2,Dwarka,28.5921,77.046
2026-08-10 08:00:00,28.3,88,0.0,5.8,Dwarka,28.5921,77.046
2026-08-10 09:00:00,29.7,81,0.0,7.0,Dwarka,28.5921,77.046
2026-08-10 10:00:00,31.2,76,0.0,4.9,Dwarka,28.5921,77.046
2026-08-10 11:00:00,32.8,68,0.1,6.1,Dwarka,28.5921,77.046
2026-08-10 12:00:00,33.4,66,0.0,4.6,Dwarka,28.5921,77.046
2026-08-10 13:00:00,33.4,66,0.0,3.5,Dwarka,28.5921,77.046
2026-08-10 14:00:00,27.5,92,9.3,10.9,Dwarka,28.5921,77.046
2026-08-10 15:00:00,27.7,92,3.0,2.8,Dwarka,28.5921,77.046
2026-08-10 16:00:00,28.1,89,0.5,2.5,Dwarka,28.5921,77.046
2026-08-10 17:00:00,29.1,89,0.0,5.9,Dwarka,28.5921,77.046
2026-08-10 18:00:00,29.2,90,0.5,5.7,Dwarka,28.5921,77.046
2026-08-10 19:00:00,28.9,91,0.1,7.0,Dwarka,28.5921,77.046
2026-08-10 20:00:00,28.6,91,0.0,5.0,Dwarka,28.5921,77.046
2026-08-10 21:00:00,28.5,92,0.0,5.4,Dwarka,28.5921,77.046
2026-08-10 22:00:00,28.2,93,0.0,5.5,Dwarka,28.5921,77.046
2026-08-10 23:00:00,27.8,96,0.0,8.4,Dwarka,28.5921,77.046
2026-08-11 00:00:00,27.6,97,0.3,9.0,Dwarka,28.5921,77.046
2026-08-11 01:00:00,27.5,96,0.0,9.3,Dwarka,28.5921,77.046
2026-08-11 02:00:00,27.3,96,0.0,10.1,Dwarka,28.5921,77.046
2026-08-11 03:00:00,27.3,95,0.1,9.1,Dwarka,28.5921,77.046
2026-08-11 04:00:00,27.0,92,0.2,8.0,Dwarka,28.5921,77.046
2026-08-11 05:00:00,27.0,93,0.1,8.0,Dwarka,28.5921,77.046
2026-08-11 06:00:00,27.1,93,0.0,6.8,Dwarka,28.5921,77.046
2026-08-11 07:00:00,27.8,88,0.0,8.8,Dwarka,28.5921,77.046
2026-08-11 08:00:00,28.9,84,0.0,7.1,Dwarka,28.5921,77.046
2026-08-11 09:00:00,29.9,80,0.0,5.9,Dwarka,28.5921,77.046
2026-08-11 10:00:00,30.5,79,0.0,4.4,Dwarka,28.5921,77.046
2026-08-11 11:00:00,30.7,77,0.2,0.5,Dwarka,28.5921,77.046
2026-08-11 12:00:00,30.0,82,0.4,4.3,Dwarka,28.5921,77.046
2026-08-11 13:00:00,27.7,92,7.0,5.8,Dwarka,28.5921,77.046
2026-08-11 14:00:00,27.9,93,1.6,4.8,Dwarka,28.5921,77.046
2026-08-11 15:00:00,29.3,86,0.4,4.2,Dwarka,28.5921,77.046
2026-08-11 16:00:00,30.3,80,0.0,5.2,Dwarka,28.5921,77.046
2026-08-11 17:00:00,30.2,79,0.1,5.2,Dwarka,28.5921,77.046
2026-08-11 18:00:00,29.8,82,0.0,3.2,Dwarka,28.5921,77.046
2026-08-11 19:00:00,29.0,88,0.4,2.2,Dwarka,28.5921,77.046
2026-08-11 20:00:00,28.7,92,1.2,2.6,Dwarka,28.5921,77.046
2026-08-11 21:00:00,28.3,95,0.4,3.9,Dwarka,28.5921,77.046
2026-08-11 22:00:00,28.0,96,0.0,4.5,Dwarka,28.5921,77.046
2026-08-11 23:00:00,28.3,94,0.0,5.1,Dwarka,28.5921,77.046
2026-08-12 00:00:00,28.0,95,0.0,3.4,Dwarka,28.5921,77.046
2026-08-12 01:00:00,28.0,95,0.0,0.2,Dwarka,28.5921,77.046
2026-08-12 02:00:00,27.6,96,0.0,2.6,Dwarka,28.5921,77.046
2026-08-12 03:00:00,27.4,95,0.0,4.2,Dwarka,28.5921,77.046
2026-08-12 04:00:00,27.3,95,0.0,3.6,Dwarka,28.5921,77.046
2026-08-12 05:00:00,27.6,96,0.0,2.0,Dwarka,28.5921,77.046
2026-08-12 06:00:00,27.9,95,0.0,3.3,Dwarka,28.5921,77.046
2026-08-12 07:00:00,28.8,91,0.0,3.2,Dwarka,28.5921,77.046
2026-08-12 08:00:00,29.9,83,0.1,2.8,Dwarka,28.5921,77.046
2026-08-12 09:00:00,31.1,75,0.1,3.2,Dwarka,28.5921,77.046
2026-08-12 10:00:00,31.7,71,0.2,2.7,Dwarka,28.5921,77.046
2026-08-12 11:00:00,32.8,65,0.1,4.4,Dwarka,28.5921,77.046
2026-08-12 12:00:00,33.1,66,0.3,4.6,Dwarka,28.5921,77.046
2026-08-12 13:00:00,33.7,64,0.1,2.7,Dwarka,28.5921,77.046
2026-08-12 14:00:00,34.1,62,0.1,0.8,Dwarka,28.5921,77.046
2026-08-12 15:00:00,34.2,61,0.1,2.6,Dwarka,28.5921,77.046
2026-08-12 16:00:00,34.1,60,0.1,3.0,Dwarka,28.5921,77.046
2026-08-12 17:00:00,32.0,77,0.5,6.7,Dwarka,28.5921,77.046
2026-08-12 18:00:00,28.7,93,2.0,7.9,Dwarka,28.5921,77.046
2026-08-12 19:00:00,27.5,94,1.3,12.7,Dwarka,28.5921,77.046
2026-08-12 20:00:00,27.5,93,0.1,2.8,Dwarka,28.5921,77.046
2026-08-12 21:00:00,27.6,94,0.0,4.8,Dwarka,28.5921,77.046
2026-08-12 22:00:00,27.6,92,0.0,7.2,Dwarka,28.5921,77.046
2026-08-12 23:00:00,29.2,89,0.0,5.7,Dwarka,28.5921,77.046
2026-08-13 00:00:00,28.7,91,0.0,4.1,Dwarka,28.5921,77.046
2026-08-13 01:00:00,28.4,92,0.0,3.5,Dwarka,28.5921,77.046
2026-08-13 02:00:00,28.1,93,0.0,6.6,Dwarka,28.5921,77.046
2026-08-13 03:00:00,27.8,94,0.0,6.0,Dwarka,28.5921,77.046
2026-08-13 04:00:00,27.6,95,0.0,4.3,Dwarka,28.5921,77.046
2026-08-13 05:00:00,26.9,96,0.0,5.0,Dwarka,28.5921,77.046
2026-08-13 06:00:00,26.8,97,0.9,3.8,Dwarka,28.5921,77.046
2026-08-13 07:00:00,28.0,93,0.1,3.8,Dwarka,28.5921,77.046
2026-08-13 08:00:00,30.0,82,0.0,3.3,Dwarka,28.5921,77.046
2026-08-13 09:00:00,31.7,75,0.0,3.2,Dwarka,28.5921,77.046
2026-08-13 10:00:00,32.8,70,0.0,1.3,Dwarka,28.5921,77.046
2026-08-13 11:00:00,33.3,67,0.1,1.5,Dwarka,28.5921,77.046
2026-08-13 12:00:00,32.6,65,0.2,7.3,Dwarka,28.5921,77.046
2026-08-13 13:00:00,31.7,73,0.9,2.2,Dwarka,28.5921,77.046
2026-08-13 14:00:00,32.9,70,0.3,1.9,Dwarka,28.5921,77.046
2026-08-13 15:00:00,33.2,70,0.1,5.8,Dwarka,28.5921,77.046
2026-08-13 16:00:00,33.3,68,0.0,5.4,Dwarka,28.5921,77.046
2026-08-13 17:00:00,32.5,73,0.1,3.9,Dwarka,28.5921,77.046
2026-08-13 18:00:00,31.5,78,0.1,2.4,Dwarka,28.5921,77.046
2026-08-13 19:00:00,30.6,86,0.0,2.4,Dwarka,28.5921,77.046
2026-08-13 20:00:00,30.1,89,0.0,2.9,Dwarka,28.5921,77.046
2026-08-13 21:00:00,30.1,87,0.0,3.4,Dwarka,28.5921,77.046
2026-08-13 22:00:00,29.8,87,0.0,4.5,Dwarka,28.5921,77.046
2026-08-13 23:00:00,30.2,87,0.0,3.3,Dwarka,28.5921,77.046
2026-08-14 00:00:00,29.7,86,0.0,4.1,Dwarka,28.5921,77.046
2026-08-14 01:00:00,29.2,89,0.0,3.2,Dwarka,28.5921,77.046
2026-08-14 02:00:00,28.8,90,0.0,4.1,Dwarka,28.5921,77.046
2026-08-14 03:00:00,28.6,90,0.0,4.6,Dwarka,28.5921,77.046
2026-08-14 04:00:00,28.4,91,0.0,4.6,Dwarka,28.5921,77.046
2026-08-14 05:00:00,27.8,95,0.0,1.1,Dwarka,28.5921,77.046
2026-08-14 06:00:00,27.7,94,0.6,0.2,Dwarka,28.5921,77.046
2026-08-14 07:00:00,27.8,93,1.1,3.3,Dwarka,28.5921,77.046
2026-08-14 08:00:00,28.5,90,0.2,1.1,Dwarka,28.5921,77.046
2026-08-14 09:00:00,28.7,88,0.2,3.1,Dwarka,28.5921,77.046
2026-08-14 10:00:00,29.8,82,0.0,3.6,Dwarka,28.5921,77.046
2026-08-14 11:00:00,30.4,81,0.0,4.8,Dwarka,28.5921,77.046
2026-08-14 12:00:00,31.0,78,0.4,2.8,Dwarka,28.5921,77.046
2026-08-14 13:00:00,31.1,78,0.4,1.8,Dwarka,28.5921,77.046
2026-08-14 14:00:00,28.9,85,2.7,6.7,Dwarka,28.5921,77.046
2026-08-14 15:00:00,27.3,91,5.0,3.3,Dwarka,28.5921,77.046
2026-08-14 16:00:00,27.8,90,1.8,2.7,Dwarka,28.5921,77.046
2026-08-14 17:00:00,30.5,77,0.3,4.1,Dwarka,28.5921,77.046
2026-08-14 18:00:00,30.0,80,0.0,2.9,Dwarka,28.5921,77.046
2026-08-14 19:00:00,29.3,85,0.0,5.0,Dwarka,28.5921,77.046
2026-08-14 20:00:00,28.9,87,0.0,5.8,Dwarka,28.5921,77.046
2026-08-14 21:00:00,28.4,90,0.0,4.6,Dwarka,28.5921,77.046
2026-08-14 22:00:00,28.0,92,0.0,4.2,Dwarka,28.5921,77.046
2026-08-14 23:00:00,28.1,89,0.0,4.3,Dwarka,28.5921,77.046
2026-08-15 00:00:00,27.8,92,0.0,3.0,Dwarka,28.5921,77.046
2026-08-15 01:00:00,27.5,93,0.0,1.7,Dwarka,28.5921,77.046
2026-08-15 02:00:00,27.3,94,0.0,2.2,Dwarka,28.5921,77.046
2026-08-15 03:00:00,27.2,94,0.0,4.0,Dwarka,28.5921,77.046
2026-08-15 04:00:00,27.1,95,0.0,2.0,Dwarka,28.5921,77.046
2026-08-15 05:00:00,26.6,96,0.0,3.8,Dwarka,28.5921,77.046
2026-08-15 06:00:00,26.7,96,1.6,4.0,Dwarka,28.5921,77.046
2026-08-15 07:00:00,27.1,97,0.8,3.3,Dwarka,28.5921,77.046
2026-08-15 08:00:00,27.5,96,0.7,3.9,Dwarka,28.5921,77.046
2026-08-15 09:00:00,28.4,92,0.2,3.6,Dwarka,28.5921,77.046
2026-08-15 10:00:00,29.7,85,0.0,1.1,Dwarka,28.5921,77.046
2026-08-15 11:00:00,32.1,74,0.1,6.4,Dwarka,28.5921,77.046
2026-08-15 12:00:00,32.1,73,0.2,9.6,Dwarka,28.5921,77.046
2026-08-15 13:00:00,32.3,68,0.2,8.9,Dwarka,28.5921,77.046
2026-08-15 14:00:00,32.8,67,0.0,6.3,Dwarka,28.5921,77.046
2026-08-15 15:00:00,32.4,68,0.2,8.0,Dwarka,28.5921,77.046
2026-08-15 16:00:00,32.4,66,0.0,6.3,Dwarka,28.5921,77.046
2026-08-15 17:00:00,31.6,77,0.0,5.6,Dwarka,28.5921,77.046
2026-08-15 18:00:00,31.0,83,0.0,4.9,Dwarka,28.5921,77.046
2026-08-15 19:00:00,30.2,88,0.0,5.0,Dwarka,28.5921,77.046
2026-08-15 20:00:00,29.8,89,0.0,4.0,Dwarka,28.5921,77.046
2026-08-15 21:00:00,29.4,89,0.0,4.3,Dwarka,28.5921,77.046
2026-08-15 22:00:00,29.1,89,0.0,3.3,Dwarka,28.5921,77.046
2026-08-15 23:00:00,28.9,87,0.0,8.6,Dwarka,28.5921,77.046
2026-08-16 00:00:00,28.8,89,0.0,7.9,Dwarka,28.5921,77.046
2026-08-16 01:00:00,28.6,88,0.0,8.1,Dwarka,28.5921,77.046
2026-08-16 02:00:00,28.4,87,0.1,6.0,Dwarka,28.5921,77.046
2026-08-16 03:00:00,26.4,94,1.6,4.1,Dwarka,28.5921,77.046
2026-08-16 04:00:00,26.8,95,0.1,5.6,Dwarka,28.5921,77.046
2026-08-16 05:00:00,27.9,87,0.0,9.6,Dwarka,28.5921,77.046
2026-08-16 06:00:00,27.7,86,0.1,6.8,Dwarka,28.5921,77.046
2026-08-16 07:00:00,28.3,85,0.2,6.4,Dwarka,28.5921,77.046
2026-08-16 08:00:00,29.7,77,0.1,8.6,Dwarka,28.5921,77.046
2026-08-16 09:00:00,30.9,71,0.0,9.4,Dwarka,28.5921,77.046
2026-08-16 10:00:00,32.2,67,0.0,9.5,Dwarka,28.5921,77.046
2026-08-16 11:00:00,32.9,64,0.0,9.4,Dwarka,28.5921,77.046
2026-08-16 12:00:00,33.4,62,0.1,8.4,Dwarka,28.5921,77.046
2026-08-16 13:00:00,33.1,63,0.2,7.0,Dwarka,28.5921,77.046
2026-08-16 14:00:00,33.1,64,0.1,7.8,Dwarka,28.5921,77.046
2026-08-16 15:00:00,33.5,63,0.0,9.0,Dwarka,28.5921,77.046
2026-08-16 16:00:00,33.3,64,0.0,9.2,Dwarka,28.5921,77.046
2026-08-16 17:00:00,31.5,75,0.0,4.6,Dwarka,28.5921,77.046
2026-08-16 18:00:00,30.6,81,0.0,2.1,Dwarka,28.5921,77.046
2026-08-16 19:00:00,30.0,85,0.0,3.4,Dwarka,28.5921,77.046
2026-08-16 20:00:00,29.8,85,0.0,5.0,Dwarka,28.5921,77.046
2026-08-16 21:00:00,29.5,87,0.0,6.4,Dwarka,28.5921,77.046
2026-08-16 22:00:00,29.1,88,0.0,6.1,Dwarka,28.5921,77.046
2026-08-16 23:00:00,29.2,86,0.0,6.3,Dwarka,28.5921,77.046
2026-07-18 00:00:00,31.4,68,0.0,6.1,Saket,28.5245,77.2066
2026-07-18 01:00:00,31.0,67,0.0,3.1,Saket,28.5245,77.2066
2026-07-18 02:00:00,30.8,66,0.0,3.5,Saket,28.5245,77.2066
2026-07-18 03:00:00,30.8,63,0.0,4.5,Saket,28.5245,77.2066
2026-07-18 04:00:00,30.7,61,0.0,7.7,Saket,28.5245,77.2066
2026-07-18 05:00:00,30.9,64,0.0,12.2,Saket,28.5245,77.2066
2026-07-18 06:00:00,30.7,61,0.0,12.3,Saket,28.5245,77.2066
2026-07-18 07:00:00,31.6,58,0.0,12.5,Saket,28.5245,77.2066
2026-07-18 08:00:00,32.0,58,0.0,12.0,Saket,28.5245,77.2066
2026-07-18 09:00:00,33.4,54,0.0,13.6,Saket,28.5245,77.2066
2026-07-18 10:00:00,34.9,50,0.0,15.1,Saket,28.5245,77.2066
2026-07-18 11:00:00,35.8,47,0.0,16.1,Saket,28.5245,77.2066
2026-07-18 12:00:00,35.5,48,0.0,15.0,Saket,28.5245,77.2066
2026-07-18 13:00:00,35.8,47,0.0,13.0,Saket,28.5245,77.2066
2026-07-18 14:00:00,35.8,47,0.0,10.7,Saket,28.5245,77.2066
2026-07-18 15:00:00,35.9,45,0.0,9.9,Saket,28.5245,77.2066
2026-07-18 16:00:00,35.4,46,0.0,8.4,Saket,28.5245,77.2066
2026-07-18 17:00:00,36.1,42,0.0,7.5,Saket,28.5245,77.2066
2026-07-18 18:00:00,35.0,55,0.0,2.9,Saket,28.5245,77.2066
2026-07-18 19:00:00,34.1,56,0.0,3.6,Saket,28.5245,77.2066
2026-07-18 20:00:00,34.1,55,0.0,2.7,Saket,28.5245,77.2066
2026-07-18 21:00:00,33.2,55,0.0,3.7,Saket,28.5245,77.2066
2026-07-18 22:00:00,32.7,56,0.0,7.6,Saket,28.5245,77.2066
2026-07-18 23:00:00,32.2,64,0.1,10.0,Saket,28.5245,77.2066
2026-07-19 00:00:00,31.2,70,0.0,5.7,Saket,28.5245,77.2066
2026-07-19 01:00:00,30.6,72,0.0,7.0,Saket,28.5245,77.2066
2026-07-19 02:00:00,30.3,71,0.0,7.4,Saket,28.5245,77.2066
2026-07-19 03:00:00,29.9,71,0.0,8.1,Saket,28.5245,77.2066
2026-07-19 04:00:00,29.5,71,0.0,8.4,Saket,28.5245,77.2066
2026-07-19 05:00:00,30.2,77,0.0,2.4,Saket,28.5245,77.2066
2026-07-19 06:00:00,30.4,79,0.0,3.6,Saket,28.5245,77.2066
2026-07-19 07:00:00,31.4,71,0.0,7.5,Saket,28.5245,77.2066
2026-07-19 08:00:00,32.4,61,0.0,9.0,Saket,28.5245,77.2066
2026-07-19 09:00:00,33.0,57,0.0,8.6,Saket,28.5245,77.2066
2026-07-19 10:00:00,33.8,55,0.0,8.4,Saket,28.5245,77.2066
2026-07-19 11:00:00,35.4,47,0.0,11.4,Saket,28.5245,77.2066
2026-07-19 12:00:00,35.5,47,0.0,10.5,Saket,28.5245,77.2066
2026-07-19 13:00:00,34.1,53,0.0,8.7,Saket,28.5245,77.2066
2026-07-19 14:00:00,33.6,58,0.0,6.5,Saket,28.5245,77.2066
2026-07-19 15:00:00,33.3,61,0.1,8.5,Saket,28.5245,77.2066
2026-07-19 16:00:00,33.1,63,0.1,4.0,Saket,28.5245,77.2066
2026-07-19 17:00:00,35.8,45,0.1,1.5,Saket,28.5245,77.2066
2026-07-19 18:00:00,33.2,63,0.0,12.0,Saket,28.5245,77.2066
2026-07-19 19:00:00,31.0,82,0.0,11.1,Saket,28.5245,77.2066
2026-07-19 20:00:00,30.9,82,0.0,10.3,Saket,28.5245,77.2066
2026-07-19 21:00:00,30.7,83,0.0,7.6,Saket,28.5245,77.2066
2026-07-19 22:00:00,30.5,85,0.2,6.7,Saket,28.5245,77.2066
2026-07-19 23:00:00,31.3,78,0.2,9.4,Saket,28.5245,77.2066
2026-07-20 00:00:00,30.1,85,0.0,10.2,Saket,28.5245,77.2066
2026-07-20 01:00:00,28.3,91,0.2,8.4,Saket,28.5245,77.2066
2026-07-20 02:00:00,27.8,93,0.1,9.1,Saket,28.5245,77.2066
2026-07-20 03:00:00,28.2,94,0.1,8.0,Saket,28.5245,77.2066
2026-07-20 04:00:00,26.7,96,1.7,9.3,Saket,28.5245,77.2066
2026-07-20 05:00:00,28.1,86,0.9,9.9,Saket,28.5245,77.2066
2026-07-20 06:00:00,28.3,87,0.1,8.2,Saket,28.5245,77.2066
2026-07-20 07:00:00,28.3,88,0.4,10.2,Saket,28.5245,77.2066
2026-07-20 08:00:00,28.1,91,1.5,1.0,Saket,28.5245,77.2066
2026-07-20 09:00:00,28.4,91,1.1,8.8,Saket,28.5245,77.2066
2026-07-20 10:00:00,29.2,86,0.5,1.0,Saket,28.5245,77.2066
2026-07-20 11:00:00,31.6,71,0.4,5.1,Saket,28.5245,77.2066
2026-07-20 12:00:00,31.9,72,0.5,5.7,Saket,28.5245,77.2066
2026-07-20 13:00:00,28.1,89,6.8,11.7,Saket,28.5245,77.2066
2026-07-20 14:00:00,28.4,89,1.0,7.2,Saket,28.5245,77.2066
2026-07-20 15:00:00,29.8,83,0.2,4.3,Saket,28.5245,77.2066
2026-07-20 16:00:00,30.3,79,0.0,4.4,Saket,28.5245,77.2066
2026-07-20 17:00:00,29.8,76,0.0,7.6,Saket,28.5245,77.2066
2026-07-20 18:00:00,27.7,93,1.3,4.6,Saket,28.5245,77.2066
2026-07-20 19:00:00,27.3,95,2.8,3.8,Saket,28.5245,77.2066
2026-07-20 20:00:00,27.2,95,1.2,6.0,Saket,28.5245,77.2066
2026-07-20 21:00:00,26.9,95,0.7,4.4,Saket,28.5245,77.2066
2026-07-20 22:00:00,26.9,95,0.3,3.8,Saket,28.5245,77.2066
2026-07-20 23:00:00,26.2,98,0.1,1.3,Saket,28.5245,77.2066
2026-07-21 00:00:00,26.4,98,0.3,5.3,Saket,28.5245,77.2066
2026-07-21 01:00:00,26.3,97,0.5,8.9,Saket,28.5245,77.2066
2026-07-21 02:00:00,26.2,96,0.1,8.0,Saket,28.5245,77.2066
2026-07-21 03:00:00,26.0,95,0.3,7.5,Saket,28.5245,77.2066
2026-07-21 04:00:00,25.9,95,0.3,6.4,Saket,28.5245,77.2066
2026-07-21 05:00:00,26.1,93,0.2,6.4,Saket,28.5245,77.2066
2026-07-21 06:00:00,25.4,97,2.9,7.9,Saket,28.5245,77.2066
2026-07-21 07:00:00,25.6,97,0.8,9.3,Saket,28.5245,77.2066
2026-07-21 08:00:00,26.1,94,0.2,9.0,Saket,28.5245,77.2066
2026-07-21 09:00:00,26.6,91,0.2,9.6,Saket,28.5245,77.2066
2026-07-21 10:00:00,27.5,87,0.3,9.1,Saket,28.5245,77.2066
2026-07-21 11:00:00,26.7,95,0.1,12.6,Saket,28.5245,77.2066
2026-07-21 12:00:00,27.5,95,1.0,8.3,Saket,28.5245,77.2066
2026-07-21 13:00:00,28.8,91,0.7,7.7,Saket,28.5245,77.2066
2026-07-21 14:00:00,28.7,86,0.5,9.6,Saket,28.5245,77.2066
2026-07-21 15:00:00,27.0,96,1.9,9.6,Saket,28.5245,77.2066
2026-07-21 16:00:00,28.0,90,0.5,6.8,Saket,28.5245,77.2066
2026-07-21 17:00:00,29.0,78,0.0,5.5,Saket,28.5245,77.2066
2026-07-21 18:00:00,28.3,87,0.8,6.2,Saket,28.5245,77.2066
2026-07-21 19:00:00,28.1,90,0.1,5.4,Saket,28.5245,77.2066
2026-07-21 20:00:00,27.9,90,0.0,7.6,Saket,28.5245,77.2066
2026-07-21 21:00:00,27.7,90,0.0,8.1,Saket,28.5245,77.2066
2026-07-21 22:00:00,27.4,90,0.1,11.1,Saket,28.5245,77.2066
2026-07-21 23:00:00,26.3,97,0.1,12.6,Saket,28.5245,77.2066
2026-07-22 00:00:00,26.2,96,0.1,11.2,Saket,28.5245,77.2066
2026-07-22 01:00:00,26.1,96,0.0,10.0,Saket,28.5245,77.2066
2026-07-22 02:00:00,26.1,96,0.0,9.5,Saket,28.5245,77.2066
2026-07-22 03:00:00,25.8,96,0.7,12.0,Saket,28.5245,77.2066
2026-07-22 04:00:00,25.8,95,0.2,12.9,Saket,28.5245,77.2066
2026-07-22 05:00:00,25.5,98,0.8,12.4,Saket,28.5245,77.2066
2026-07-22 06:00:00,25.7,96,0.4,14.4,Saket,28.5245,77.2066
2026-07-22 07:00:00,26.5,90,0.1,17.0,Saket,28.5245,77.2066
2026-07-22 08:00:00,26.7,88,0.6,16.2,Saket,28.5245,77.2066
2026-07-22 09:00:00,28.5,82,0.1,15.3,Saket,28.5245,77.2066
2026-07-22 10:00:00,29.7,77,0.1,14.3,Saket,28.5245,77.2066
2026-07-22 11:00:00,30.6,67,0.2,16.5,Saket,28.5245,77.2066
2026-07-22 12:00:00,31.2,67,0.1,15.4,Saket,28.5245,77.2066
2026-07-22 13:00:00,31.8,67,0.0,13.0,Saket,28.5245,77.2066
2026-07-22 14:00:00,31.6,67,0.1,12.4,Saket,28.5245,77.2066
2026-07-22 15:00:00,31.3,70,0.2,10.4,Saket,28.5245,77.2066
2026-07-22 16:00:00,31.4,69,0.1,9.0,Saket,28.5245,77.2066
2026-07-22 17:00:00,28.2,89,0.2,6.4,Saket,28.5245,77.2066
2026-07-22 18:00:00,28.9,86,0.1,3.4,Saket,28.5245,77.2066
2026-07-22 19:00:00,28.5,90,0.1,5.1,Saket,28.5245,77.2066
2026-07-22 20:00:00,28.5,91,0.0,7.1,Saket,28.5245,77.2066
2026-07-22 21:00:00,28.7,87,0.0,10.2,Saket,28.5245,77.2066
2026-07-22 22:00:00,28.3,85,0.1,10.3,Saket,28.5245,77.2066
2026-07-22 23:00:00,28.0,86,0.1,10.9,Saket,28.5245,77.2066
2026-07-23 00:00:00,28.0,85,0.0,12.1,Saket,28.5245,77.2066
2026-07-23 01:00:00,27.8,85,0.0,12.4,Saket,28.5245,77.2066
2026-07-23 02:00:00,27.6,85,0.0,12.5,Saket,28.5245,77.2066
2026-07-23 03:00:00,27.3,85,0.0,11.4,Saket,28.5245,77.2066
2026-07-23 04:00:00,27.0,85,0.0,11.7,Saket,28.5245,77.2066
2026-07-23 05:00:00,26.3,94,0.0,10.6,Saket,28.5245,77.2066
2026-07-23 06:00:00,26.2,95,0.8,9.4,Saket,28.5245,77.2066
2026-07-23 07:00:00,26.3,91,0.7,13.7,Saket,28.5245,77.2066
2026-07-23 08:00:00,27.1,89,0.4,13.6,Saket,28.5245,77.2066
2026-07-23 09:00:00,28.3,83,0.2,11.0,Saket,28.5245,77.2066
2026-07-23 10:00:00,30.3,75,0.1,13.6,Saket,28.5245,77.2066
2026-07-23 11:00:00,30.8,68,0.0,15.3,Saket,28.5245,77.2066
2026-07-23 12:00:00,31.3,65,0.2,16.2,Saket,28.5245,77.2066
2026-07-23 13:00:00,31.8,65,0.2,14.0,Saket,28.5245,77.2066
2026-07-23 14:00:00,32.0,65,0.1,14.0,Saket,28.5245,77.2066
2026-07-23 15:00:00,29.6,75,0.6,15.1,Saket,28.5245,77.2066
2026-07-23 16:00:00,30.1,77,0.3,6.5,Saket,28.5245,77.2066
2026-07-23 17:00:00,30.9,76,0.1,9.3,Saket,28.5245,77.2066
2026-07-23 18:00:00,29.9,78,0.3,8.3,Saket,28.5245,77.2066
2026-07-23 19:00:00,29.4,79,0.0,7.8,Saket,28.5245,77.2066
2026-07-23 20:00:00,27.6,88,1.1,10.5,Saket,28.5245,77.2066
2026-07-23 21:00:00,26.4,95,2.1,9.1,Saket,28.5245,77.2066
2026-07-23 22:00:00,26.5,95,1.5,11.5,Saket,28.5245,77.2066
2026-07-23 23:00:00,27.2,90,0.0,13.9,Saket,28.5245,77.2066
2026-07-24 00:00:00,26.9,90,0.0,11.7,Saket,28.5245,77.2066
2026-07-24 01:00:00,26.7,91,0.0,12.1,Saket,28.5245,77.2066
2026-07-24 02:00:00,26.6,91,0.0,10.6,Saket,28.5245,77.2066
2026-07-24 03:00:00,26.5,90,0.0,10.6,Saket,28.5245,77.2066
2026-07-24 04:00:00,26.3,91,0.0,11.0,Saket,28.5245,77.2066
2026-07-24 05:00:00,25.7,96,0.1,10.5,Saket,28.5245,77.2066
2026-07-24 06:00:00,25.9,95,0.1,13.0,Saket,28.5245,77.2066
2026-07-24 07:00:00,26.8,90,0.0,11.9,Saket,28.5245,77.2066
2026-07-24 08:00:00,28.1,82,0.0,16.0,Saket,28.5245,77.2066
2026-07-24 09:00:00,28.9,78,0.1,15.7,Saket,28.5245,77.2066
2026-07-24 10:00:00,30.1,74,0.2,14.0,Saket,28.5245,77.2066
2026-07-24 11:00:00,30.5,74,0.2,13.8,Saket,28.5245,77.2066
2026-07-24 12:00:00,30.9,74,0.4,12.7,Saket,28.5245,77.2066
2026-07-24 13:00:00,29.1,84,2.1,10.8,Saket,28.5245,77.2066
2026-07-24 14:00:00,29.2,83,0.6,5.2,Saket,28.5245,77.2066
2026-07-24 15:00:00,30.2,78,0.3,8.9,Saket,28.5245,77.2066
2026-07-24 16:00:00,30.6,75,0.1,8.1,Saket,28.5245,77.2066
2026-07-24 17:00:00,29.9,83,0.1,6.9,Saket,28.5245,77.2066
2026-07-24 18:00:00,29.7,84,0.0,8.1,Saket,28.5245,77.2066
2026-07-24 19:00:00,29.1,88,0.2,6.9,Saket,28.5245,77.2066
2026-07-24 20:00:00,29.0,87,0.1,10.3,Saket,28.5245,77.2066
2026-07-24 21:00:00,28.7,87,0.0,11.4,Saket,28.5245,77.2066
2026-07-24 22:00:00,28.3,87,0.0,11.6,Saket,28.5245,77.2066
2026-07-24 23:00:00,28.0,87,0.0,13.5,Saket,28.5245,77.2066
2026-07-25 00:00:00,28.0,85,0.0,13.4,Saket,28.5245,77.2066
2026-07-25 01:00:00,27.9,83,0.0,13.0,Saket,28.5245,77.2066
2026-07-25 02:00:00,27.5,84,0.1,11.9,Saket,28.5245,77.2066
2026-07-25 03:00:00,27.3,86,0.1,11.4,Saket,28.5245,77.2066
2026-07-25 04:00:00,27.1,86,0.1,11.4,Saket,28.5245,77.2066
2026-07-25 05:00:00,27.2,88,0.1,10.3,Saket,28.5245,77.2066
2026-07-25 06:00:00,27.3,89,0.0,8.0,Saket,28.5245,77.2066
2026-07-25 07:00:00,28.0,87,0.0,8.5,Saket,28.5245,77.2066
2026-07-25 08:00:00,29.0,80,0.1,12.1,Saket,28.5245,77.2066
2026-07-25 09:00:00,29.9,72,0.1,11.4,Saket,28.5245,77.2066
2026-07-25 10:00:00,30.5,69,0.1,11.5,Saket,28.5245,77.2066
2026-07-25 11:00:00,31.4,65,0.4,14.2,Saket,28.5245,77.2066
2026-07-25 12:00:00,31.1,67,0.2,12.6,Saket,28.5245,77.2066
2026-07-25 13:00:00,31.9,66,0.0,11.1,Saket,28.5245,77.2066
2026-07-25 14:00:00,31.7,69,0.4,12.5,Saket,28.5245,77.2066
2026-07-25 15:00:00,32.2,66,0.1,12.2,Saket,28.5245,77.2066
2026-07-25 16:00:00,31.2,68,0.0,12.8,Saket,28.5245,77.2066
2026-07-25 17:00:00,30.1,82,0.0,10.8,Saket,28.5245,77.2066
2026-07-25 18:00:00,29.6,82,0.0,10.7,Saket,28.5245,77.2066
2026-07-25 19:00:00,28.9,83,0.0,9.5,Saket,28.5245,77.2066
2026-07-25 20:00:00,28.4,87,0.0,10.0,Saket,28.5245,77.2066
2026-07-25 21:00:00,27.9,89,0.0,8.6,Saket,28.5245,77.2066
2026-07-25 22:00:00,27.6,89,0.0,9.2,Saket,28.5245,77.2066
2026-07-25 23:00:00,27.4,94,0.0,9.2,Saket,28.5245,77.2066
2026-07-26 00:00:00,27.5,93,0.0,10.2,Saket,28.5245,77.2066
2026-07-26 01:00:00,27.5,94,0.0,8.9,Saket,28.5245,77.2066
2026-07-26 02:00:00,27.3,95,0.0,8.5,Saket,28.5245,77.2066
2026-07-26 03:00:00,27.1,95,0.0,7.8,Saket,28.5245,77.2066
2026-07-26 04:00:00,27.1,95,0.0,6.2,Saket,28.5245,77.2066
2026-07-26 05:00:00,27.8,92,0.0,5.2,Saket,28.5245,77.2066
2026-07-26 06:00:00,27.3,96,0.8,4.2,Saket,28.5245,77.2066
2026-07-26 07:00:00,28.1,92,0.1,5.2,Saket,28.5245,77.2066
2026-07-26 08:00:00,29.3,86,0.0,2.7,Saket,28.5245,77.2066
2026-07-26 09:00:00,30.6,77,0.0,4.0,Saket,28.5245,77.2066
2026-07-26 10:00:00,31.4,71,0.3,5.0,Saket,28.5245,77.2066
2026-07-26 11:00:00,32.4,67,0.4,4.9,Saket,28.5245,77.2066
2026-07-26 12:00:00,32.6,67,0.2,5.2,Saket,28.5245,77.2066
2026-07-26 13:00:00,33.3,62,0.1,5.2,Saket,28.5245,77.2066
2026-07-26 14:00:00,33.4,61,0.0,4.3,Saket,28.5245,77.2066
2026-07-26 15:00:00,33.5,61,0.0,3.0,Saket,28.5245,77.2066
2026-07-26 16:00:00,33.3,61,0.0,3.8,Saket,28.5245,77.2066
2026-07-26 17:00:00,33.7,61,0.0,4.2,Saket,28.5245,77.2066
2026-07-26 18:00:00,32.6,72,0.0,3.4,Saket,28.5245,77.2066
2026-07-26 19:00:00,31.5,78,0.0,2.7,Saket,28.5245,77.2066
2026-07-26 20:00:00,31.1,81,0.0,2.0,Saket,28.5245,77.2066
2026-07-26 21:00:00,30.7,84,0.0,1.6,Saket,28.5245,77.2066
2026-07-26 22:00:00,30.3,84,0.0,1.9,Saket,28.5245,77.2066
2026-07-26 23:00:00,30.4,81,0.0,1.5,Saket,28.5245,77.2066
2026-07-27 00:00:00,30.2,79,0.0,1.5,Saket,28.5245,77.2066
2026-07-27 01:00:00,29.8,80,0.0,1.9,Saket,28.5245,77.2066
2026-07-27 02:00:00,29.3,80,0.0,3.1,Saket,28.5245,77.2066
2026-07-27 03:00:00,29.0,81,0.0,3.2,Saket,28.5245,77.2066
2026-07-27 04:00:00,28.8,82,0.0,2.6,Saket,28.5245,77.2066
2026-07-27 05:00:00,29.4,83,0.0,3.3,Saket,28.5245,77.2066
2026-07-27 06:00:00,29.5,82,0.0,3.7,Saket,28.5245,77.2066
2026-07-27 07:00:00,30.3,79,0.0,2.6,Saket,28.5245,77.2066
2026-07-27 08:00:00,31.3,75,0.0,3.0,Saket,28.5245,77.2066
2026-07-27 09:00:00,32.3,68,0.1,3.1,Saket,28.5245,77.2066
2026-07-27 10:00:00,33.2,62,0.1,3.2,Saket,28.5245,77.2066
2026-07-27 11:00:00,34.3,55,0.1,2.0,Saket,28.5245,77.2066
2026-07-27 12:00:00,34.9,54,0.0,4.8,Saket,28.5245,77.2066
2026-07-27 13:00:00,35.0,53,0.0,4.0,Saket,28.5245,77.2066
2026-07-27 14:00:00,35.3,51,0.0,4.9,Saket,28.5245,77.2066
2026-07-27 15:00:00,34.3,54,0.1,4.5,Saket,28.5245,77.2066
2026-07-27 16:00:00,33.6,56,0.1,0.4,Saket,28.5245,77.2066
2026-07-27 17:00:00,33.0,63,0.0,2.9,Saket,28.5245,77.2066
2026-07-27 18:00:00,32.0,75,0.0,2.1,Saket,28.5245,77.2066
2026-07-27 19:00:00,31.4,78,0.0,3.6,Saket,28.5245,77.2066
2026-07-27 20:00:00,30.7,78,0.0,7.1,Saket,28.5245,77.2066
2026-07-27 21:00:00,29.7,83,0.0,9.9,Saket,28.5245,77.2066
2026-07-27 22:00:00,28.6,88,0.5,12.9,Saket,28.5245,77.2066
2026-07-27 23:00:00,29.4,86,0.3,14.0,Saket,28.5245,77.2066
2026-07-28 00:00:00,27.1,92,3.1,12.8,Saket,28.5245,77.2066
2026-07-28 01:00:00,26.8,96,1.9,6.0,Saket,28.5245,77.2066
2026-07-28 02:00:00,26.5,98,0.5,11.3,Saket,28.5245,77.2066
2026-07-28 03:00:00,25.9,98,0.5,8.3,Saket,28.5245,77.2066
2026-07-28 04:00:00,26.0,99,0.6,9.8,Saket,28.5245,77.2066
2026-07-28 05:00:00,28.3,93,0.3,7.2,Saket,28.5245,77.2066
2026-07-28 06:00:00,28.4,94,0.2,9.1,Saket,28.5245,77.2066
2026-07-28 07:00:00,28.7,93,0.4,7.2,Saket,28.5245,77.2066
2026-07-28 08:00:00,27.9,91,0.5,10.8,Saket,28.5245,77.2066
2026-07-28 09:00:00,27.5,92,0.7,13.3,Saket,28.5245,77.2066
2026-07-28 10:00:00,27.4,95,4.7,7.7,Saket,28.5245,77.2066
2026-07-28 11:00:00,27.4,93,1.1,8.8,Saket,28.5245,77.2066
2026-07-28 12:00:00,26.3,97,3.7,7.8,Saket,28.5245,77.2066
2026-07-28 13:00:00,26.6,94,2.5,7.3,Saket,28.5245,77.2066
2026-07-28 14:00:00,26.7,95,1.8,3.2,Saket,28.5245,77.2066
2026-07-28 15:00:00,26.9,95,2.2,5.6,Saket,28.5245,77.2066
2026-07-28 16:00:00,26.8,96,1.1,5.3,Saket,28.5245,77.2066
2026-07-28 17:00:00,31.0,71,0.2,5.1,Saket,28.5245,77.2066
2026-07-28 18:00:00,30.2,78,0.1,5.3,Saket,28.5245,77.2066
2026-07-28 19:00:00,29.3,86,0.0,1.9,Saket,28.5245,77.2066
2026-07-28 20:00:00,28.8,87,0.0,3.6,Saket,28.5245,77.2066
2026-07-28 21:00:00,28.5,89,0.0,4.6,Saket,28.5245,77.2066
2026-07-28 22:00:00,28.3,88,0.0,6.5,Saket,28.5245,77.2066
2026-07-28 23:00:00,27.8,90,0.0,2.5,Saket,28.5245,77.2066
2026-07-29 00:00:00,27.6,91,0.0,2.0,Saket,28.5245,77.2066
2026-07-29 01:00:00,27.6,91,0.0,1.4,Saket,28.5245,77.2066
2026-07-29 02:00:00,27.3,90,0.0,5.0,Saket,28.5245,77.2066
2026-07-29 03:00:00,26.7,93,0.3,4.8,Saket,28.5245,77.2066
2026-07-29 04:00:00,26.6,93,0.0,3.5,Saket,28.5245,77.2066
2026-07-29 05:00:00,26.3,97,0.1,3.3,Saket,28.5245,77.2066
2026-07-29 06:00:00,26.1,96,0.5,2.5,Saket,28.5245,77.2066
2026-07-29 07:00:00,26.0,97,2.0,5.8,Saket,28.5245,77.2066
2026-07-29 08:00:00,26.6,93,0.3,3.6,Saket,28.5245,77.2066
2026-07-29 09:00:00,27.8,86,0.4,1.9,Saket,28.5245,77.2066
2026-07-29 10:00:00,28.4,86,1.3,3.2,Saket,28.5245,77.2066
2026-07-29 11:00:00,31.1,73,0.3,0.9,Saket,28.5245,77.2066
2026-07-29 12:00:00,31.7,72,0.2,1.7,Saket,28.5245,77.2066
2026-07-29 13:00:00,32.1,72,0.1,3.1,Saket,28.5245,77.2066
2026-07-29 14:00:00,31.8,73,0.0,3.1,Saket,28.5245,77.2066
2026-07-29 15:00:00,32.3,71,0.0,1.7,Saket,28.5245,77.2066
2026-07-29 16:00:00,31.7,74,0.2,1.4,Saket,28.5245,77.2066
2026-07-29 17:00:00,31.8,76,0.3,6.0,Saket,28.5245,77.2066
2026-07-29 18:00:00,31.2,79,0.0,4.6,Saket,28.5245,77.2066
2026-07-29 19:00:00,30.4,83,0.0,3.7,Saket,28.5245,77.2066
2026-07-29 20:00:00,29.9,84,0.0,5.0,Saket,28.5245,77.2066
2026-07-29 21:00:00,29.4,86,0.0,4.7,Saket,28.5245,77.2066
2026-07-29 22:00:00,29.0,90,0.0,3.5,Saket,28.5245,77.2066
2026-07-29 23:00:00,29.5,90,0.0,7.1,Saket,28.5245,77.2066
2026-07-30 00:00:00,29.2,92,0.0,8.1,Saket,28.5245,77.2066
2026-07-30 01:00:00,28.9,93,0.0,6.0,Saket,28.5245,77.2066
2026-07-30 02:00:00,26.0,97,1.5,7.0,Saket,28.5245,77.2066
2026-07-30 03:00:00,26.3,99,0.6,4.5,Saket,28.5245,77.2066
2026-07-30 04:00:00,26.5,99,0.2,1.7,Saket,28.5245,77.2066
2026-07-30 05:00:00,28.3,95,0.0,0.4,Saket,28.5245,77.2066
2026-07-30 06:00:00,28.4,95,0.4,3.9,Saket,28.5245,77.2066
2026-07-30 07:00:00,27.9,93,0.7,11.3,Saket,28.5245,77.2066
2026-07-30 08:00:00,29.0,85,0.3,9.5,Saket,28.5245,77.2066
2026-07-30 09:00:00,30.3,78,0.1,6.5,Saket,28.5245,77.2066
2026-07-30 10:00:00,31.5,72,0.0,7.5,Saket,28.5245,77.2066
2026-07-30 11:00:00,32.7,63,0.0,7.4,Saket,28.5245,77.2066
2026-07-30 12:00:00,32.8,60,0.2,9.7,Saket,28.5245,77.2066
2026-07-30 13:00:00,31.9,67,0.9,7.5,Saket,28.5245,77.2066
2026-07-30 14:00:00,32.8,63,0.1,6.1,Saket,28.5245,77.2066
2026-07-30 15:00:00,33.1,61,0.1,6.3,Saket,28.5245,77.2066
2026-07-30 16:00:00,33.0,60,0.0,7.2,Saket,28.5245,77.2066
2026-07-30 17:00:00,30.2,79,0.0,7.6,Saket,28.5245,77.2066
2026-07-30 18:00:00,28.9,85,0.4,13.7,Saket,28.5245,77.2066
2026-07-30 19:00:00,28.5,86,0.0,7.5,Saket,28.5245,77.2066
2026-07-30 20:00:00,28.4,88,0.0,8.4,Saket,28.5245,77.2066
2026-07-30 21:00:00,28.4,89,0.0,8.4,Saket,28.5245,77.2066
2026-07-30 22:00:00,28.2,91,0.0,8.7,Saket,28.5245,77.2066
2026-07-30 23:00:00,28.5,91,0.0,11.2,Saket,28.5245,77.2066
2026-07-31 00:00:00,28.3,90,0.0,12.6,Saket,28.5245,77.2066
2026-07-31 01:00:00,28.2,89,0.0,11.9,Saket,28.5245,77.2066
2026-07-31 02:00:00,28.1,88,0.0,11.6,Saket,28.5245,77.2066
2026-07-31 03:00:00,28.0,87,0.0,12.3,Saket,28.5245,77.2066
2026-07-31 04:00:00,27.8,86,0.0,12.3,Saket,28.5245,77.2066
2026-07-31 05:00:00,28.0,84,0.0,14.0,Saket,28.5245,77.2066
2026-07-31 06:00:00,27.9,84,0.0,12.0,Saket,28.5245,77.2066
2026-07-31 07:00:00,28.5,82,0.0,12.3,Saket,28.5245,77.2066
2026-07-31 08:00:00,28.9,79,0.1,16.0,Saket,28.5245,77.2066
2026-07-31 09:00:00,29.5,77,0.2,16.0,Saket,28.5245,77.2066
2026-07-31 10:00:00,29.9,75,0.1,15.2,Saket,28.5245,77.2066
2026-07-31 11:00:00,30.6,71,0.1,13.7,Saket,28.5245,77.2066
2026-07-31 12:00:00,31.4,67,0.1,15.2,Saket,28.5245,77.2066
2026-07-31 13:00:00,31.8,64,0.3,15.3,Saket,28.5245,77.2066
2026-07-31 14:00:00,32.2,65,0.3,13.7,Saket,28.5245,77.2066
2026-07-31 15:00:00,32.0,66,0.2,13.4,Saket,28.5245,77.2066
2026-07-31 16:00:00,30.2,80,1.1,10.7,Saket,28.5245,77.2066
2026-07-31 17:00:00,31.1,74,0.1,7.1,Saket,28.5245,77.2066
2026-07-31 18:00:00,30.6,78,0.1,8.3,Saket,28.5245,77.2066
2026-07-31 19:00:00,29.7,82,0.0,8.9,Saket,28.5245,77.2066
2026-07-31 20:00:00,29.3,85,0.0,8.6,Saket,28.5245,77.2066
2026-07-31 21:00:00,28.8,84,0.3,11.7,Saket,28.5245,77.2066
2026-07-31 22:00:00,28.5,86,0.0,11.6,Saket,28.5245,77.2066
2026-07-31 23:00:00,27.7,92,0.0,9.8,Saket,28.5245,77.2066
2026-08-01 00:00:00,27.4,92,0.7,12.0,Saket,28.5245,77.2066
2026-08-01 01:00:00,27.0,94,0.4,10.5,Saket,28.5245,77.2066
2026-08-01 02:00:00,26.9,93,0.0,11.3,Saket,28.5245,77.2066
2026-08-01 03:00:00,26.9,92,0.0,11.6,Saket,28.5245,77.2066
2026-08-01 04:00:00,27.0,92,0.0,11.7,Saket,28.5245,77.2066
2026-08-01 05:00:00,26.5,97,0.1,9.6,Saket,28.5245,77.2066
2026-08-01 06:00:00,26.7,94,0.0,10.8,Saket,28.5245,77.2066
2026-08-01 07:00:00,26.8,93,0.3,13.3,Saket,28.5245,77.2066
2026-08-01 08:00:00,27.5,88,0.1,13.1,Saket,28.5245,77.2066
2026-08-01 09:00:00,29.3,78,0.2,14.3,Saket,28.5245,77.2066
2026-08-01 10:00:00,30.1,76,0.4,13.4,Saket,28.5245,77.2066
2026-08-01 11:00:00,31.3,71,0.1,12.6,Saket,28.5245,77.2066
2026-08-01 12:00:00,31.9,68,0.1,12.0,Saket,28.5245,77.2066
2026-08-01 13:00:00,32.0,68,0.2,13.2,Saket,28.5245,77.2066
2026-08-01 14:00:00,31.8,71,0.1,11.0,Saket,28.5245,77.2066
2026-08-01 15:00:00,31.1,76,0.3,10.2,Saket,28.5245,77.2066
2026-08-01 16:00:00,29.9,82,0.2,8.9,Saket,28.5245,77.2066
2026-08-01 17:00:00,30.3,77,1.6,11.0,Saket,28.5245,77.2066
2026-08-01 18:00:00,29.8,80,0.1,7.3,Saket,28.5245,77.2066
2026-08-01 19:00:00,29.2,85,0.0,8.5,Saket,28.5245,77.2066
2026-08-01 20:00:00,29.0,87,0.0,8.2,Saket,28.5245,77.2066
2026-08-01 21:00:00,29.0,88,0.0,9.0,Saket,28.5245,77.2066
2026-08-01 22:00:00,28.7,88,0.1,10.8,Saket,28.5245,77.2066
2026-08-01 23:00:00,27.2,90,0.0,13.9,Saket,28.5245,77.2066
2026-08-02 00:00:00,26.4,93,0.3,11.8,Saket,28.5245,77.2066
2026-08-02 01:00:00,26.3,95,0.4,9.7,Saket,28.5245,77.2066
2026-08-02 02:00:00,26.5,95,0.3,9.7,Saket,28.5245,77.2066
2026-08-02 03:00:00,26.4,96,0.1,7.6,Saket,28.5245,77.2066
2026-08-02 04:00:00,26.4,96,0.0,7.3,Saket,28.5245,77.2066
2026-08-02 05:00:00,26.8,97,0.0,10.8,Saket,28.5245,77.2066
2026-08-02 06:00:00,26.2,98,0.4,11.8,Saket,28.5245,77.2066
2026-08-02 07:00:00,26.6,97,0.3,7.6,Saket,28.5245,77.2066
2026-08-02 08:00:00,28.2,90,0.0,9.2,Saket,28.5245,77.2066
2026-08-02 09:00:00,30.0,79,0.0,10.1,Saket,28.5245,77.2066
2026-08-02 10:00:00,31.3,72,0.1,9.2,Saket,28.5245,77.2066
2026-08-02 11:00:00,32.5,65,0.1,7.6,Saket,28.5245,77.2066
2026-08-02 12:00:00,33.5,58,0.1,8.2,Saket,28.5245,77.2066
2026-08-02 13:00:00,32.6,61,0.5,12.4,Saket,28.5245,77.2066
2026-08-02 14:00:00,31.7,69,0.6,10.1,Saket,28.5245,77.2066
2026-08-02 15:00:00,32.1,69,0.0,8.8,Saket,28.5245,77.2066
2026-08-02 16:00:00,31.8,71,0.0,9.6,Saket,28.5245,77.2066
2026-08-02 17:00:00,27.4,96,0.0,3.6,Saket,28.5245,77.2066
2026-08-02 18:00:00,28.0,95,0.8,8.1,Saket,28.5245,77.2066
2026-08-02 19:00:00,27.4,95,0.3,7.1,Saket,28.5245,77.2066
2026-08-02 20:00:00,27.4,95,0.1,6.9,Saket,28.5245,77.2066
2026-08-02 21:00:00,27.5,95,0.0,7.2,Saket,28.5245,77.2066
2026-08-02 22:00:00,27.5,96,0.0,8.2,Saket,28.5245,77.2066
2026-08-02 23:00:00,28.2,96,0.0,7.0,Saket,28.5245,77.2066
2026-08-03 00:00:00,28.1,95,0.0,6.6,Saket,28.5245,77.2066
2026-08-03 01:00:00,28.0,94,0.0,7.6,Saket,28.5245,77.2066
2026-08-03 02:00:00,27.5,94,0.0,9.7,Saket,28.5245,77.2066
2026-08-03 03:00:00,27.1,96,0.0,8.5,Saket,28.5245,77.2066
2026-08-03 04:00:00,27.0,97,0.0,8.2,Saket,28.5245,77.2066
2026-08-03 05:00:00,27.1,97,0.4,8.1,Saket,28.5245,77.2066
2026-08-03 06:00:00,27.4,97,0.1,7.3,Saket,28.5245,77.2066
2026-08-03 07:00:00,27.9,94,0.0,7.6,Saket,28.5245,77.2066
2026-08-03 08:00:00,28.3,88,0.2,4.2,Saket,28.5245,77.2066
2026-08-03 09:00:00,29.3,85,0.1,4.2,Saket,28.5245,77.2066
2026-08-03 10:00:00,30.2,82,0.1,5.6,Saket,28.5245,77.2066
2026-08-03 11:00:00,31.3,75,0.2,8.0,Saket,28.5245,77.2066
2026-08-03 12:00:00,31.9,74,0.3,8.7,Saket,28.5245,77.2066
2026-08-03 13:00:00,31.9,72,0.0,8.0,Saket,28.5245,77.2066
2026-08-03 14:00:00,30.4,80,1.1,9.3,Saket,28.5245,77.2066
2026-08-03 15:00:00,29.7,84,0.7,6.8,Saket,28.5245,77.2066
2026-08-03 16:00:00,29.3,86,0.3,7.2,Saket,28.5245,77.2066
2026-08-03 17:00:00,31.7,77,0.0,8.3,Saket,28.5245,77.2066
2026-08-03 18:00:00,28.9,88,0.0,8.8,Saket,28.5245,77.2066
2026-08-03 19:00:00,27.4,96,4.0,6.2,Saket,28.5245,77.2066
2026-08-03 20:00:00,26.9,97,2.9,8.1,Saket,28.5245,77.2066
2026-08-03 21:00:00,27.2,96,1.5,1.4,Saket,28.5245,77.2066
2026-08-03 22:00:00,27.0,96,1.5,4.8,Saket,28.5245,77.2066
2026-08-03 23:00:00,26.9,98,0.4,6.4,Saket,28.5245,77.2066
2026-08-04 00:00:00,26.5,98,1.8,8.5,Saket,28.5245,77.2066
2026-08-04 01:00:00,26.3,99,0.8,7.3,Saket,28.5245,77.2066
2026-08-04 02:00:00,26.4,98,0.3,8.2,Saket,28.5245,77.2066
2026-08-04 03:00:00,26.4,99,0.1,8.2,Saket,28.5245,77.2066
2026-08-04 04:00:00,26.4,98,0.1,5.4,Saket,28.5245,77.2066
2026-08-04 05:00:00,26.3,98,0.0,11.0,Saket,28.5245,77.2066
2026-08-04 06:00:00,26.1,99,2.0,7.4,Saket,28.5245,77.2066
2026-08-04 07:00:00,26.5,97,1.4,3.9,Saket,28.5245,77.2066
2026-08-04 08:00:00,26.9,95,1.0,5.7,Saket,28.5245,77.2066
2026-08-04 09:00:00,28.0,90,0.4,3.7,Saket,28.5245,77.2066
2026-08-04 10:00:00,29.0,86,0.3,2.1,Saket,28.5245,77.2066
2026-08-04 11:00:00,27.8,92,0.7,6.0,Saket,28.5245,77.2066
2026-08-04 12:00:00,27.4,96,0.9,4.9,Saket,28.5245,77.2066
2026-08-04 13:00:00,28.2,92,0.5,5.8,Saket,28.5245,77.2066
2026-08-04 14:00:00,28.8,89,0.5,5.5,Saket,28.5245,77.2066
2026-08-04 15:00:00,29.2,84,0.3,5.9,Saket,28.5245,77.2066
2026-08-04 16:00:00,29.4,83,0.0,5.7,Saket,28.5245,77.2066
2026-08-04 17:00:00,27.3,97,0.0,3.2,Saket,28.5245,77.2066
2026-08-04 18:00:00,27.2,97,1.4,3.7,Saket,28.5245,77.2066
2026-08-04 19:00:00,27.1,97,0.9,1.8,Saket,28.5245,77.2066
2026-08-04 20:00:00,26.9,98,0.5,3.6,Saket,28.5245,77.2066
2026-08-04 21:00:00,26.9,98,0.5,1.8,Saket,28.5245,77.2066
2026-08-04 22:00:00,26.7,98,0.4,2.7,Saket,28.5245,77.2066
2026-08-04 23:00:00,27.2,99,0.2,1.5,Saket,28.5245,77.2066
2026-08-05 00:00:00,27.1,99,0.0,0.7,Saket,28.5245,77.2066
2026-08-05 01:00:00,27.1,99,0.0,1.5,Saket,28.5245,77.2066
2026-08-05 02:00:00,26.8,96,0.2,3.4,Saket,28.5245,77.2066
2026-08-05 03:00:00,26.6,98,0.1,3.6,Saket,28.5245,77.2066
2026-08-05 04:00:00,26.6,94,0.0,3.1,Saket,28.5245,77.2066
2026-08-05 05:00:00,26.7,96,0.1,3.8,Saket,28.5245,77.2066
2026-08-05 06:00:00,26.3,96,0.7,5.4,Saket,28.5245,77.2066
2026-08-05 07:00:00,26.9,95,0.0,3.8,Saket,28.5245,77.2066
2026-08-05 08:00:00,27.8,89,0.0,2.9,Saket,28.5245,77.2066
2026-08-05 09:00:00,29.6,79,0.0,4.5,Saket,28.5245,77.2066
2026-08-05 10:00:00,31.0,71,0.0,5.5,Saket,28.5245,77.2066
2026-08-05 11:00:00,30.6,74,0.0,5.3,Saket,28.5245,77.2066
2026-08-05 12:00:00,30.1,76,0.0,6.1,Saket,28.5245,77.2066
2026-08-05 13:00:00,31.0,69,0.0,6.7,Saket,28.5245,77.2066
2026-08-05 14:00:00,31.4,67,0.0,7.9,Saket,28.5245,77.2066
2026-08-05 15:00:00,32.0,64,0.0,7.2,Saket,28.5245,77.2066
2026-08-05 16:00:00,31.9,66,0.0,5.0,Saket,28.5245,77.2066
2026-08-05 17:00:00,29.6,84,0.0,7.8,Saket,28.5245,77.2066
2026-08-05 18:00:00,28.6,88,0.3,5.4,Saket,28.5245,77.2066
2026-08-05 19:00:00,28.2,90,0.3,5.6,Saket,28.5245,77.2066
2026-08-05 20:00:00,27.6,94,0.3,8.5,Saket,28.5245,77.2066
2026-08-05 21:00:00,27.3,95,0.0,3.6,Saket,28.5245,77.2066
2026-08-05 22:00:00,27.2,98,0.0,4.8,Saket,28.5245,77.2066
2026-08-05 23:00:00,27.3,99,0.1,3.2,Saket,28.5245,77.2066
2026-08-06 00:00:00,27.5,97,3.1,3.5,Saket,28.5245,77.2066
2026-08-06 01:00:00,27.0,99,1.0,1.4,Saket,28.5245,77.2066
2026-08-06 02:00:00,26.9,99,0.3,2.5,Saket,28.5245,77.2066
2026-08-06 03:00:00,26.9,99,0.0,4.6,Saket,28.5245,77.2066
2026-08-06 04:00:00,26.7,98,0.0,8.8,Saket,28.5245,77.2066
2026-08-06 05:00:00,27.0,95,0.0,6.0,Saket,28.5245,77.2066
2026-08-06 06:00:00,27.3,94,0.5,2.7,Saket,28.5245,77.2066
2026-08-06 07:00:00,27.3,92,0.3,7.3,Saket,28.5245,77.2066
2026-08-06 08:00:00,27.0,93,1.3,6.9,Saket,28.5245,77.2066
2026-08-06 09:00:00,26.8,90,1.0,4.2,Saket,28.5245,77.2066
2026-08-06 10:00:00,26.9,88,1.4,1.0,Saket,28.5245,77.2066
2026-08-06 11:00:00,26.8,87,0.4,4.1,Saket,28.5245,77.2066
2026-08-06 12:00:00,27.6,82,0.4,3.7,Saket,28.5245,77.2066
2026-08-06 13:00:00,27.5,82,0.3,6.6,Saket,28.5245,77.2066
2026-08-06 14:00:00,27.4,82,0.2,7.4,Saket,28.5245,77.2066
2026-08-06 15:00:00,27.2,82,0.2,6.0,Saket,28.5245,77.2066
2026-08-06 16:00:00,27.5,81,0.0,6.4,Saket,28.5245,77.2066
2026-08-06 17:00:00,27.4,88,0.0,8.0,Saket,28.5245,77.2066
2026-08-06 18:00:00,27.2,91,0.4,7.6,Saket,28.5245,77.2066
2026-08-06 19:00:00,26.9,93,0.1,6.2,Saket,28.5245,77.2066
2026-08-06 20:00:00,26.8,93,0.0,5.8,Saket,28.5245,77.2066
2026-08-06 21:00:00,26.7,94,0.0,6.3,Saket,28.5245,77.2066
2026-08-06 22:00:00,26.6,94,0.0,5.1,Saket,28.5245,77.2066
2026-08-06 23:00:00,26.5,95,0.0,9.5,Saket,28.5245,77.2066
2026-08-07 00:00:00,25.8,98,0.8,8.3,Saket,28.5245,77.2066
2026-08-07 01:00:00,25.5,98,1.7,3.8,Saket,28.5245,77.2066
2026-08-07 02:00:00,25.5,99,0.7,4.9,Saket,28.5245,77.2066
2026-08-07 03:00:00,25.7,98,0.0,5.2,Saket,28.5245,77.2066
2026-08-07 04:00:00,25.7,95,0.0,6.1,Saket,28.5245,77.2066
2026-08-07 05:00:00,25.6,96,1.7,9.3,Saket,28.5245,77.2066
2026-08-07 06:00:00,25.3,96,1.4,5.0,Saket,28.5245,77.2066
2026-08-07 07:00:00,25.6,95,3.9,7.0,Saket,28.5245,77.2066
2026-08-07 08:00:00,26.2,96,1.8,8.5,Saket,28.5245,77.2066
2026-08-07 09:00:00,26.3,97,2.2,10.0,Saket,28.5245,77.2066
2026-08-07 10:00:00,26.6,95,4.3,12.1,Saket,28.5245,77.2066
2026-08-07 11:00:00,27.4,92,0.8,10.1,Saket,28.5245,77.2066
2026-08-07 12:00:00,26.0,96,14.3,14.8,Saket,28.5245,77.2066
2026-08-07 13:00:00,26.9,95,2.9,15.4,Saket,28.5245,77.2066
2026-08-07 14:00:00,27.7,93,1.2,12.8,Saket,28.5245,77.2066
2026-08-07 15:00:00,29.1,85,0.2,12.3,Saket,28.5245,77.2066
2026-08-07 16:00:00,27.9,89,1.3,12.1,Saket,28.5245,77.2066
2026-08-07 17:00:00,27.0,93,7.3,10.8,Saket,28.5245,77.2066
2026-08-07 18:00:00,26.4,94,1.7,10.2,Saket,28.5245,77.2066
2026-08-07 19:00:00,26.0,96,0.6,11.4,Saket,28.5245,77.2066
2026-08-07 20:00:00,26.2,95,0.2,11.1,Saket,28.5245,77.2066
2026-08-07 21:00:00,25.6,97,0.7,14.0,Saket,28.5245,77.2066
2026-08-07 22:00:00,25.2,97,2.0,11.1,Saket,28.5245,77.2066
2026-08-07 23:00:00,25.2,97,9.9,12.2,Saket,28.5245,77.2066
2026-08-08 00:00:00,25.5,96,1.3,9.3,Saket,28.5245,77.2066
2026-08-08 01:00:00,25.7,96,0.2,11.9,Saket,28.5245,77.2066
2026-08-08 02:00:00,25.1,97,0.9,9.7,Saket,28.5245,77.2066
2026-08-08 03:00:00,24.6,99,2.1,8.5,Saket,28.5245,77.2066
2026-08-08 04:00:00,24.6,99,4.3,8.3,Saket,28.5245,77.2066
2026-08-08 05:00:00,25.5,97,0.3,9.7,Saket,28.5245,77.2066
2026-08-08 06:00:00,25.2,97,2.4,12.1,Saket,28.5245,77.2066
2026-08-08 07:00:00,25.5,96,0.9,11.0,Saket,28.5245,77.2066
2026-08-08 08:00:00,27.0,93,0.3,7.2,Saket,28.5245,77.2066
2026-08-08 09:00:00,29.1,86,0.2,9.0,Saket,28.5245,77.2066
2026-08-08 10:00:00,30.5,79,0.1,13.4,Saket,28.5245,77.2066
2026-08-08 11:00:00,28.9,82,0.7,15.7,Saket,28.5245,77.2066
2026-08-08 12:00:00,31.3,75,0.2,12.6,Saket,28.5245,77.2066
2026-08-08 13:00:00,29.3,80,1.2,16.2,Saket,28.5245,77.2066
2026-08-08 14:00:00,30.9,74,0.2,8.6,Saket,28.5245,77.2066
2026-08-08 15:00:00,32.0,68,0.1,9.1,Saket,28.5245,77.2066
2026-08-08 16:00:00,30.1,78,0.6,11.5,Saket,28.5245,77.2066
2026-08-08 17:00:00,30.3,79,1.0,8.7,Saket,28.5245,77.2066
2026-08-08 18:00:00,29.4,84,0.2,6.0,Saket,28.5245,77.2066
2026-08-08 19:00:00,28.7,87,0.1,6.9,Saket,28.5245,77.2066
2026-08-08 20:00:00,28.5,89,0.0,5.5,Saket,28.5245,77.2066
2026-08-08 21:00:00,28.3,91,0.0,7.7,Saket,28.5245,77.2066
2026-08-08 22:00:00,28.1,91,0.0,6.3,Saket,28.5245,77.2066
2026-08-08 23:00:00,28.7,90,0.0,2.3,Saket,28.5245,77.2066
2026-08-09 00:00:00,28.4,89,0.3,3.6,Saket,28.5245,77.2066
2026-08-09 01:00:00,27.9,91,0.3,4.1,Saket,28.5245,77.2066
2026-08-09 02:00:00,27.7,89,0.2,3.1,Saket,28.5245,77.2066
2026-08-09 03:00:00,25.9,96,1.4,8.2,Saket,28.5245,77.2066
2026-08-09 04:00:00,25.5,96,0.6,9.2,Saket,28.5245,77.2066
2026-08-09 05:00:00,25.5,98,0.1,2.1,Saket,28.5245,77.2066
2026-08-09 06:00:00,25.9,98,0.3,3.0,Saket,28.5245,77.2066
2026-08-09 07:00:00,27.2,94,0.0,2.8,Saket,28.5245,77.2066
2026-08-09 08:00:00,28.9,87,0.0,5.2,Saket,28.5245,77.2066
2026-08-09 09:00:00,30.4,79,0.1,7.9,Saket,28.5245,77.2066
2026-08-09 10:00:00,31.3,76,0.1,8.6,Saket,28.5245,77.2066
2026-08-09 11:00:00,31.5,72,0.0,9.4,Saket,28.5245,77.2066
2026-08-09 12:00:00,32.5,66,0.3,8.0,Saket,28.5245,77.2066
2026-08-09 13:00:00,33.1,63,0.0,6.8,Saket,28.5245,77.2066
2026-08-09 14:00:00,33.7,60,0.0,6.3,Saket,28.5245,77.2066
2026-08-09 15:00:00,33.8,60,0.0,2.7,Saket,28.5245,77.2066
2026-08-09 16:00:00,33.6,60,0.0,3.6,Saket,28.5245,77.2066
2026-08-09 17:00:00,32.3,68,0.3,4.2,Saket,28.5245,77.2066
2026-08-09 18:00:00,31.3,78,0.0,2.4,Saket,28.5245,77.2066
2026-08-09 19:00:00,30.3,84,0.0,4.5,Saket,28.5245,77.2066
2026-08-09 20:00:00,29.8,85,0.0,4.7,Saket,28.5245,77.2066
2026-08-09 21:00:00,29.5,84,0.0,4.9,Saket,28.5245,77.2066
2026-08-09 22:00:00,29.3,82,0.0,5.6,Saket,28.5245,77.2066
2026-08-09 23:00:00,28.7,82,0.0,6.7,Saket,28.5245,77.2066
2026-08-10 00:00:00,28.8,85,0.1,3.4,Saket,28.5245,77.2066
2026-08-10 01:00:00,28.6,84,0.4,3.0,Saket,28.5245,77.2066
2026-08-10 02:00:00,26.7,93,0.5,8.7,Saket,28.5245,77.2066
2026-08-10 03:00:00,26.9,94,0.0,3.8,Saket,28.5245,77.2066
2026-08-10 04:00:00,27.0,95,0.0,6.5,Saket,28.5245,77.2066
2026-08-10 05:00:00,26.9,93,0.0,10.7,Saket,28.5245,77.2066
2026-08-10 06:00:00,26.3,94,0.1,10.5,Saket,28.5245,77.2066
2026-08-10 07:00:00,26.7,94,0.4,6.3,Saket,28.5245,77.2066
2026-08-10 08:00:00,28.0,88,0.0,7.6,Saket,28.5245,77.2066
2026-08-10 09:00:00,29.6,82,0.0,7.7,Saket,28.5245,77.2066
2026-08-10 10:00:00,31.0,76,0.0,5.7,Saket,28.5245,77.2066
2026-08-10 11:00:00,32.8,65,0.0,6.8,Saket,28.5245,77.2066
2026-08-10 12:00:00,33.0,64,0.1,6.1,Saket,28.5245,77.2066
2026-08-10 13:00:00,32.2,69,0.0,7.8,Saket,28.5245,77.2066
2026-08-10 14:00:00,27.5,96,5.5,6.6,Saket,28.5245,77.2066
2026-08-10 15:00:00,28.9,87,0.6,1.0,Saket,28.5245,77.2066
2026-08-10 16:00:00,29.1,84,0.2,2.1,Saket,28.5245,77.2066
2026-08-10 17:00:00,29.1,91,0.1,6.2,Saket,28.5245,77.2066
2026-08-10 18:00:00,28.9,93,0.9,6.9,Saket,28.5245,77.2066
2026-08-10 19:00:00,28.5,94,0.1,7.2,Saket,28.5245,77.2066
2026-08-10 20:00:00,28.2,94,0.0,5.4,Saket,28.5245,77.2066
2026-08-10 21:00:00,27.9,96,0.2,6.3,Saket,28.5245,77.2066
2026-08-10 22:00:00,27.8,96,0.1,5.8,Saket,28.5245,77.2066
2026-08-10 23:00:00,27.8,96,0.0,7.0,Saket,28.5245,77.2066
2026-08-11 00:00:00,27.5,96,0.2,10.2,Saket,28.5245,77.2066
2026-08-11 01:00:00,27.2,97,0.0,9.2,Saket,28.5245,77.2066
2026-08-11 02:00:00,27.0,97,0.1,9.7,Saket,28.5245,77.2066
2026-08-11 03:00:00,26.9,97,0.2,9.5,Saket,28.5245,77.2066
2026-08-11 04:00:00,26.6,95,0.2,9.7,Saket,28.5245,77.2066
2026-08-11 05:00:00,26.4,97,0.4,9.3,Saket,28.5245,77.2066
2026-08-11 06:00:00,26.5,97,0.0,7.9,Saket,28.5245,77.2066
2026-08-11 07:00:00,27.3,91,0.0,9.2,Saket,28.5245,77.2066
2026-08-11 08:00:00,28.4,86,0.0,7.7,Saket,28.5245,77.2066
2026-08-11 09:00:00,29.3,83,0.0,7.1,Saket,28.5245,77.2066
2026-08-11 10:00:00,30.1,81,0.1,5.4,Saket,28.5245,77.2066
2026-08-11 11:00:00,30.5,77,0.3,2.9,Saket,28.5245,77.2066
2026-08-11 12:00:00,28.2,85,0.9,6.7,Saket,28.5245,77.2066
2026-08-11 13:00:00,27.9,91,2.2,6.4,Saket,28.5245,77.2066
2026-08-11 14:00:00,28.4,91,1.2,5.2,Saket,28.5245,77.2066
2026-08-11 15:00:00,29.9,83,0.4,5.6,Saket,28.5245,77.2066
2026-08-11 16:00:00,30.4,78,0.1,5.1,Saket,28.5245,77.2066
2026-08-11 17:00:00,30.1,78,0.1,4.3,Saket,28.5245,77.2066
2026-08-11 18:00:00,29.6,83,0.0,3.1,Saket,28.5245,77.2066
2026-08-11 19:00:00,28.8,89,0.2,1.8,Saket,28.5245,77.2066
2026-08-11 20:00:00,28.5,92,0.7,3.1,Saket,28.5245,77.2066
2026-08-11 21:00:00,28.3,94,0.1,2.3,Saket,28.5245,77.2066
2026-08-11 22:00:00,27.8,97,0.0,3.5,Saket,28.5245,77.2066
2026-08-11 23:00:00,28.1,93,0.0,4.8,Saket,28.5245,77.2066
2026-08-12 00:00:00,27.9,94,0.0,3.5,Saket,28.5245,77.2066
2026-08-12 01:00:00,27.9,94,0.0,0.3,Saket,28.5245,77.2066
2026-08-12 02:00:00,27.4,96,0.0,2.9,Saket,28.5245,77.2066
2026-08-12 03:00:00,27.2,96,0.0,4.6,Saket,28.5245,77.2066
2026-08-12 04:00:00,27.0,96,0.0,3.3,Saket,28.5245,77.2066
2026-08-12 05:00:00,27.2,97,0.0,2.2,Saket,28.5245,77.2066
2026-08-12 06:00:00,27.3,97,0.0,3.6,Saket,28.5245,77.2066
2026-08-12 07:00:00,28.4,92,0.0,2.6,Saket,28.5245,77.2066
2026-08-12 08:00:00,29.9,82,0.0,3.1,Saket,28.5245,77.2066
2026-08-12 09:00:00,31.0,74,0.1,4.0,Saket,28.5245,77.2066
2026-08-12 10:00:00,31.8,70,0.2,3.1,Saket,28.5245,77.2066
2026-08-12 11:00:00,32.9,64,0.4,4.7,Saket,28.5245,77.2066
2026-08-12 12:00:00,33.3,62,0.2,4.4,Saket,28.5245,77.2066
2026-08-12 13:00:00,33.7,61,0.2,2.9,Saket,28.5245,77.2066
2026-08-12 14:00:00,34.0,60,0.1,1.7,Saket,28.5245,77.2066
2026-08-12 15:00:00,34.2,60,0.0,0.3,Saket,28.5245,77.2066
2026-08-12 16:00:00,34.1,61,0.0,0.7,Saket,28.5245,77.2066
2026-08-12 17:00:00,32.8,70,0.1,5.2,Saket,28.5245,77.2066
2026-08-12 18:00:00,28.8,93,0.9,9.9,Saket,28.5245,77.2066
2026-08-12 19:00:00,27.8,96,0.0,12.5,Saket,28.5245,77.2066
2026-08-12 20:00:00,27.5,94,0.1,1.1,Saket,28.5245,77.2066
2026-08-12 21:00:00,27.6,95,0.0,5.2,Saket,28.5245,77.2066
2026-08-12 22:00:00,27.5,95,0.0,6.1,Saket,28.5245,77.2066
2026-08-12 23:00:00,29.1,89,0.0,5.4,Saket,28.5245,77.2066
2026-08-13 00:00:00,28.6,90,0.0,3.8,Saket,28.5245,77.2066
2026-08-13 01:00:00,28.4,90,0.0,3.6,Saket,28.5245,77.2066
2026-08-13 02:00:00,28.2,90,0.0,5.9,Saket,28.5245,77.2066
2026-08-13 03:00:00,27.9,92,0.0,6.9,Saket,28.5245,77.2066
2026-08-13 04:00:00,27.5,94,0.0,4.8,Saket,28.5245,77.2066
2026-08-13 05:00:00,26.1,97,0.0,6.7,Saket,28.5245,77.2066
2026-08-13 06:00:00,26.3,95,0.8,9.6,Saket,28.5245,77.2066
2026-08-13 07:00:00,27.6,95,0.0,8.3,Saket,28.5245,77.2066
2026-08-13 08:00:00,29.8,83,0.0,3.8,Saket,28.5245,77.2066
2026-08-13 09:00:00,31.6,76,0.0,2.3,Saket,28.5245,77.2066
2026-08-13 10:00:00,32.8,70,0.0,0.3,Saket,28.5245,77.2066
2026-08-13 11:00:00,33.2,69,0.1,2.4,Saket,28.5245,77.2066
2026-08-13 12:00:00,32.1,73,0.3,0.9,Saket,28.5245,77.2066
2026-08-13 13:00:00,30.8,77,2.2,6.6,Saket,28.5245,77.2066
2026-08-13 14:00:00,32.0,74,0.3,1.5,Saket,28.5245,77.2066
2026-08-13 15:00:00,33.1,68,0.1,5.4,Saket,28.5245,77.2066
2026-08-13 16:00:00,32.8,70,0.1,6.8,Saket,28.5245,77.2066
2026-08-13 17:00:00,30.3,87,0.0,6.3,Saket,28.5245,77.2066
2026-08-13 18:00:00,30.4,86,0.0,2.7,Saket,28.5245,77.2066
2026-08-13 19:00:00,29.8,90,0.0,1.9,Saket,28.5245,77.2066
2026-08-13 20:00:00,29.5,92,0.0,3.8,Saket,28.5245,77.2066
2026-08-13 21:00:00,29.6,90,0.0,4.0,Saket,28.5245,77.2066
2026-08-13 22:00:00,29.6,88,0.0,5.4,Saket,28.5245,77.2066
2026-08-13 23:00:00,30.0,88,0.0,3.4,Saket,28.5245,77.2066
2026-08-14 00:00:00,29.4,89,0.0,4.6,Saket,28.5245,77.2066
2026-08-14 01:00:00,29.0,89,0.0,4.3,Saket,28.5245,77.2066
2026-08-14 02:00:00,28.7,89,0.0,5.6,Saket,28.5245,77.2066
2026-08-14 03:00:00,28.4,90,0.0,5.7,Saket,28.5245,77.2066
2026-08-14 04:00:00,28.2,91,0.0,5.6,Saket,28.5245,77.2066
2026-08-14 05:00:00,26.6,97,0.2,2.9,Saket,28.5245,77.2066
2026-08-14 06:00:00,26.8,97,1.3,3.6,Saket,28.5245,77.2066
2026-08-14 07:00:00,27.4,95,1.1,3.9,Saket,28.5245,77.2066
2026-08-14 08:00:00,27.9,88,0.4,6.6,Saket,28.5245,77.2066
2026-08-14 09:00:00,28.3,89,0.4,4.7,Saket,28.5245,77.2066
2026-08-14 10:00:00,29.6,81,0.1,2.7,Saket,28.5245,77.2066
2026-08-14 11:00:00,30.2,81,0.2,4.9,Saket,28.5245,77.2066
2026-08-14 12:00:00,30.6,81,0.6,3.1,Saket,28.5245,77.2066
2026-08-14 13:00:00,30.3,83,0.4,2.9,Saket,28.5245,77.2066
2026-08-14 14:00:00,30.6,81,0.4,3.9,Saket,28.5245,77.2066
2026-08-14 15:00:00,26.9,94,6.0,2.6,Saket,28.5245,77.2066
2026-08-14 16:00:00,27.2,94,1.6,2.6,Saket,28.5245,77.2066
2026-08-14 17:00:00,30.0,80,0.2,5.0,Saket,28.5245,77.2066
2026-08-14 18:00:00,29.3,84,0.0,4.3,Saket,28.5245,77.2066
2026-08-14 19:00:00,28.6,88,0.0,5.5,Saket,28.5245,77.2066
2026-08-14 20:00:00,28.2,89,0.0,6.1,Saket,28.5245,77.2066
2026-08-14 21:00:00,27.7,92,0.0,3.1,Saket,28.5245,77.2066
2026-08-14 22:00:00,27.5,93,0.0,4.0,Saket,28.5245,77.2066
2026-08-14 23:00:00,27.7,91,0.0,4.2,Saket,28.5245,77.2066
2026-08-15 00:00:00,27.5,93,0.0,2.3,Saket,28.5245,77.2066
2026-08-15 01:00:00,27.2,94,0.0,2.5,Saket,28.5245,77.2066
2026-08-15 02:00:00,27.0,95,0.0,2.7,Saket,28.5245,77.2066
2026-08-15 03:00:00,26.9,95,0.0,4.1,Saket,28.5245,77.2066
2026-08-15 04:00:00,26.8,95,0.0,3.4,Saket,28.5245,77.2066
2026-08-15 05:00:00,26.3,97,0.0,8.3,Saket,28.5245,77.2066
2026-08-15 06:00:00,26.5,98,0.9,3.9,Saket,28.5245,77.2066
2026-08-15 07:00:00,26.9,97,0.3,1.8,Saket,28.5245,77.2066
2026-08-15 08:00:00,27.9,93,0.2,3.3,Saket,28.5245,77.2066
2026-08-15 09:00:00,28.9,87,0.0,2.7,Saket,28.5245,77.2066
2026-08-15 10:00:00,30.2,81,0.0,1.5,Saket,28.5245,77.2066
2026-08-15 11:00:00,31.9,71,0.1,8.2,Saket,28.5245,77.2066
2026-08-15 12:00:00,32.1,72,0.5,7.4,Saket,28.5245,77.2066
2026-08-15 13:00:00,31.0,79,0.7,9.8,Saket,28.5245,77.2066
2026-08-15 14:00:00,31.7,76,0.8,5.4,Saket,28.5245,77.2066
2026-08-15 15:00:00,32.4,70,0.1,7.2,Saket,28.5245,77.2066
2026-08-15 16:00:00,32.3,67,0.0,7.2,Saket,28.5245,77.2066
2026-08-15 17:00:00,31.6,74,0.0,8.9,Saket,28.5245,77.2066
2026-08-15 18:00:00,30.9,80,0.0,4.9,Saket,28.5245,77.2066
2026-08-15 19:00:00,30.3,84,0.0,4.8,Saket,28.5245,77.2066
2026-08-15 20:00:00,29.9,85,0.0,4.0,Saket,28.5245,77.2066
2026-08-15 21:00:00,29.4,86,0.0,5.0,Saket,28.5245,77.2066
2026-08-15 22:00:00,29.0,87,0.0,4.1,Saket,28.5245,77.2066
2026-08-15 23:00:00,28.8,88,0.0,7.4,Saket,28.5245,77.2066
2026-08-16 00:00:00,28.6,91,0.0,8.1,Saket,28.5245,77.2066
2026-08-16 01:00:00,28.4,89,0.0,8.7,Saket,28.5245,77.2066
2026-08-16 02:00:00,28.3,88,0.0,7.6,Saket,28.5245,77.2066
2026-08-16 03:00:00,26.8,94,1.0,8.5,Saket,28.5245,77.2066
2026-08-16 04:00:00,26.7,95,0.3,8.0,Saket,28.5245,77.2066
2026-08-16 05:00:00,27.6,87,0.0,12.3,Saket,28.5245,77.2066
2026-08-16 06:00:00,27.8,85,0.0,10.3,Saket,28.5245,77.2066
2026-08-16 07:00:00,28.2,84,0.2,9.3,Saket,28.5245,77.2066
2026-08-16 08:00:00,29.3,79,0.0,9.6,Saket,28.5245,77.2066
2026-08-16 09:00:00,30.5,73,0.0,10.3,Saket,28.5245,77.2066
2026-08-16 10:00:00,31.7,69,0.0,9.5,Saket,28.5245,77.2066
2026-08-16 11:00:00,32.5,66,0.0,9.2,Saket,28.5245,77.2066
2026-08-16 12:00:00,32.9,64,0.1,8.1,Saket,28.5245,77.2066
2026-08-16 13:00:00,33.1,64,0.3,6.8,Saket,28.5245,77.2066
2026-08-16 14:00:00,32.9,64,0.1,7.9,Saket,28.5245,77.2066
2026-08-16 15:00:00,33.0,64,0.0,9.1,Saket,28.5245,77.2066
2026-08-16 16:00:00,32.9,65,0.0,9.3,Saket,28.5245,77.2066
2026-08-16 17:00:00,31.7,74,0.1,5.2,Saket,28.5245,77.2066
2026-08-16 18:00:00,31.0,81,0.0,2.7,Saket,28.5245,77.2066
2026-08-16 19:00:00,30.0,85,0.0,4.7,Saket,28.5245,77.2066
2026-08-16 20:00:00,29.3,87,0.0,5.7,Saket,28.5245,77.2066
2026-08-16 21:00:00,29.0,86,0.0,7.5,Saket,28.5245,77.2066
2026-08-16 22:00:00,28.9,86,0.0,6.7,Saket,28.5245,77.2066
2026-08-16 23:00:00,28.9,87,0.0,5.1,Saket,28.5245,77.2066
2026-07-18 00:00:00,32.0,71,0.0,6.0,Lajpat Nagar,28.5677,77.2433
2026-07-18 01:00:00,31.6,69,0.0,4.1,Lajpat Nagar,28.5677,77.2433
2026-07-18 02:00:00,31.2,69,0.0,3.4,Lajpat Nagar,28.5677,77.2433
2026-07-18 03:00:00,31.2,65,0.0,3.8,Lajpat Nagar,28.5677,77.2433
2026-07-18 04:00:00,31.3,61,0.0,6.4,Lajpat Nagar,28.5677,77.2433
2026-07-18 05:00:00,31.8,63,0.0,11.5,Lajpat Nagar,28.5677,77.2433
2026-07-18 06:00:00,31.7,59,0.0,11.4,Lajpat Nagar,28.5677,77.2433
2026-07-18 07:00:00,32.3,54,0.0,11.9,Lajpat Nagar,28.5677,77.2433
2026-07-18 08:00:00,32.6,55,0.0,10.4,Lajpat Nagar,28.5677,77.2433
2026-07-18 09:00:00,33.7,53,0.0,11.4,Lajpat Nagar,28.5677,77.2433
2026-07-18 10:00:00,35.5,48,0.0,14.0,Lajpat Nagar,28.5677,77.2433
2026-07-18 11:00:00,36.0,46,0.0,14.5,Lajpat Nagar,28.5677,77.2433
2026-07-18 12:00:00,35.9,46,0.0,13.1,Lajpat Nagar,28.5677,77.2433
2026-07-18 13:00:00,36.6,44,0.0,11.2,Lajpat Nagar,28.5677,77.2433
2026-07-18 14:00:00,36.6,43,0.0,9.6,Lajpat Nagar,28.5677,77.2433
2026-07-18 15:00:00,36.8,42,0.0,8.3,Lajpat Nagar,28.5677,77.2433
2026-07-18 16:00:00,36.1,43,0.0,7.7,Lajpat Nagar,28.5677,77.2433
2026-07-18 17:00:00,36.7,40,0.0,6.7,Lajpat Nagar,28.5677,77.2433
2026-07-18 18:00:00,36.1,46,0.0,2.8,Lajpat Nagar,28.5677,77.2433
2026-07-18 19:00:00,34.8,50,0.0,4.8,Lajpat Nagar,28.5677,77.2433
2026-07-18 20:00:00,34.2,51,0.0,5.0,Lajpat Nagar,28.5677,77.2433
2026-07-18 21:00:00,33.8,54,0.0,3.6,Lajpat Nagar,28.5677,77.2433
2026-07-18 22:00:00,32.9,62,0.0,3.0,Lajpat Nagar,28.5677,77.2433
2026-07-18 23:00:00,33.4,55,0.0,5.4,Lajpat Nagar,28.5677,77.2433
2026-07-19 00:00:00,32.1,65,0.1,3.6,Lajpat Nagar,28.5677,77.2433
2026-07-19 01:00:00,31.3,69,0.1,5.3,Lajpat Nagar,28.5677,77.2433
2026-07-19 02:00:00,30.9,71,0.0,5.9,Lajpat Nagar,28.5677,77.2433
2026-07-19 03:00:00,30.8,68,0.0,7.6,Lajpat Nagar,28.5677,77.2433
2026-07-19 04:00:00,30.3,69,0.0,6.7,Lajpat Nagar,28.5677,77.2433
2026-07-19 05:00:00,30.2,79,0.0,2.8,Lajpat Nagar,28.5677,77.2433
2026-07-19 06:00:00,30.4,79,0.0,4.0,Lajpat Nagar,28.5677,77.2433
2026-07-19 07:00:00,31.4,77,0.0,4.6,Lajpat Nagar,28.5677,77.2433
2026-07-19 08:00:00,32.9,63,0.0,6.5,Lajpat Nagar,28.5677,77.2433
2026-07-19 09:00:00,33.5,56,0.0,8.1,Lajpat Nagar,28.5677,77.2433
2026-07-19 10:00:00,34.4,52,0.0,8.1,Lajpat Nagar,28.5677,77.2433
2026-07-19 11:00:00,36.0,45,0.0,11.4,Lajpat Nagar,28.5677,77.2433
2026-07-19 12:00:00,36.4,44,0.0,10.2,Lajpat Nagar,28.5677,77.2433
2026-07-19 13:00:00,35.4,47,0.1,9.7,Lajpat Nagar,28.5677,77.2433
2026-07-19 14:00:00,35.6,49,0.0,4.4,Lajpat Nagar,28.5677,77.2433
2026-07-19 15:00:00,34.4,54,0.3,3.5,Lajpat Nagar,28.5677,77.2433
2026-07-19 16:00:00,33.3,61,0.4,5.7,Lajpat Nagar,28.5677,77.2433
2026-07-19 17:00:00,34.8,56,0.0,8.6,Lajpat Nagar,28.5677,77.2433
2026-07-19 18:00:00,32.3,76,0.0,12.5,Lajpat Nagar,28.5677,77.2433
2026-07-19 19:00:00,31.4,81,0.1,8.7,Lajpat Nagar,28.5677,77.2433
2026-07-19 20:00:00,31.2,82,0.0,8.8,Lajpat Nagar,28.5677,77.2433
2026-07-19 21:00:00,31.1,82,0.0,6.2,Lajpat Nagar,28.5677,77.2433
2026-07-19 22:00:00,30.7,84,0.2,5.4,Lajpat Nagar,28.5677,77.2433
2026-07-19 23:00:00,30.6,84,0.3,9.0,Lajpat Nagar,28.5677,77.2433
2026-07-20 00:00:00,28.4,90,0.8,13.0,Lajpat Nagar,28.5677,77.2433
2026-07-20 01:00:00,27.4,90,0.2,6.8,Lajpat Nagar,28.5677,77.2433
2026-07-20 02:00:00,27.3,91,0.1,6.6,Lajpat Nagar,28.5677,77.2433
2026-07-20 03:00:00,27.7,92,0.1,5.3,Lajpat Nagar,28.5677,77.2433
2026-07-20 04:00:00,27.2,93,2.2,9.6,Lajpat Nagar,28.5677,77.2433
2026-07-20 05:00:00,28.9,80,0.8,9.8,Lajpat Nagar,28.5677,77.2433
2026-07-20 06:00:00,28.8,84,0.1,6.9,Lajpat Nagar,28.5677,77.2433
2026-07-20 07:00:00,28.8,83,0.3,5.6,Lajpat Nagar,28.5677,77.2433
2026-07-20 08:00:00,28.1,89,3.9,2.6,Lajpat Nagar,28.5677,77.2433
2026-07-20 09:00:00,28.6,90,1.9,5.1,Lajpat Nagar,28.5677,77.2433
2026-07-20 10:00:00,28.4,89,1.4,5.1,Lajpat Nagar,28.5677,77.2433
2026-07-20 11:00:00,31.3,71,0.6,4.9,Lajpat Nagar,28.5677,77.2433
2026-07-20 12:00:00,30.2,78,1.1,9.2,Lajpat Nagar,28.5677,77.2433
2026-07-20 13:00:00,29.5,82,0.9,10.9,Lajpat Nagar,28.5677,77.2433
2026-07-20 14:00:00,29.5,82,0.4,6.4,Lajpat Nagar,28.5677,77.2433
2026-07-20 15:00:00,30.4,80,0.1,4.0,Lajpat Nagar,28.5677,77.2433
2026-07-20 16:00:00,30.9,77,0.0,4.0,Lajpat Nagar,28.5677,77.2433
2026-07-20 17:00:00,30.3,78,0.0,3.9,Lajpat Nagar,28.5677,77.2433
2026-07-20 18:00:00,27.4,93,4.7,6.1,Lajpat Nagar,28.5677,77.2433
2026-07-20 19:00:00,27.2,95,3.5,2.6,Lajpat Nagar,28.5677,77.2433
2026-07-20 20:00:00,27.4,95,1.5,4.5,Lajpat Nagar,28.5677,77.2433
2026-07-20 21:00:00,27.5,95,0.7,2.3,Lajpat Nagar,28.5677,77.2433
2026-07-20 22:00:00,27.5,95,0.4,1.8,Lajpat Nagar,28.5677,77.2433
2026-07-20 23:00:00,26.9,95,0.9,2.3,Lajpat Nagar,28.5677,77.2433
2026-07-21 00:00:00,26.8,93,0.9,2.9,Lajpat Nagar,28.5677,77.2433
2026-07-21 01:00:00,26.6,94,0.8,5.2,Lajpat Nagar,28.5677,77.2433
2026-07-21 02:00:00,26.5,93,0.0,7.0,Lajpat Nagar,28.5677,77.2433
2026-07-21 03:00:00,26.3,95,0.1,7.4,Lajpat Nagar,28.5677,77.2433
2026-07-21 04:00:00,26.0,93,0.9,7.5,Lajpat Nagar,28.5677,77.2433
2026-07-21 05:00:00,26.1,94,0.5,7.5,Lajpat Nagar,28.5677,77.2433
2026-07-21 06:00:00,26.0,93,2.4,8.1,Lajpat Nagar,28.5677,77.2433
2026-07-21 07:00:00,26.0,94,0.5,10.9,Lajpat Nagar,28.5677,77.2433
2026-07-21 08:00:00,26.5,91,0.2,10.1,Lajpat Nagar,28.5677,77.2433
2026-07-21 09:00:00,27.3,86,0.1,9.2,Lajpat Nagar,28.5677,77.2433
2026-07-21 10:00:00,28.3,82,0.2,9.3,Lajpat Nagar,28.5677,77.2433
2026-07-21 11:00:00,27.2,93,0.1,12.0,Lajpat Nagar,28.5677,77.2433
2026-07-21 12:00:00,28.5,91,0.7,7.9,Lajpat Nagar,28.5677,77.2433
2026-07-21 13:00:00,30.2,81,0.4,7.9,Lajpat Nagar,28.5677,77.2433
2026-07-21 14:00:00,28.4,86,1.3,10.9,Lajpat Nagar,28.5677,77.2433
2026-07-21 15:00:00,27.5,92,2.1,6.4,Lajpat Nagar,28.5677,77.2433
2026-07-21 16:00:00,28.8,85,0.3,2.9,Lajpat Nagar,28.5677,77.2433
2026-07-21 17:00:00,29.7,81,0.0,8.0,Lajpat Nagar,28.5677,77.2433
2026-07-21 18:00:00,29.0,81,0.4,7.6,Lajpat Nagar,28.5677,77.2433
2026-07-21 19:00:00,28.5,86,0.1,6.0,Lajpat Nagar,28.5677,77.2433
2026-07-21 20:00:00,28.3,86,0.0,6.8,Lajpat Nagar,28.5677,77.2433
2026-07-21 21:00:00,28.0,87,0.0,7.8,Lajpat Nagar,28.5677,77.2433
2026-07-21 22:00:00,27.6,88,0.1,10.6,Lajpat Nagar,28.5677,77.2433
2026-07-21 23:00:00,26.7,95,0.2,11.6,Lajpat Nagar,28.5677,77.2433
2026-07-22 00:00:00,26.5,94,0.2,10.4,Lajpat Nagar,28.5677,77.2433
2026-07-22 01:00:00,26.4,95,0.1,8.9,Lajpat Nagar,28.5677,77.2433
2026-07-22 02:00:00,26.4,96,0.0,8.7,Lajpat Nagar,28.5677,77.2433
2026-07-22 03:00:00,25.8,97,1.8,10.5,Lajpat Nagar,28.5677,77.2433
2026-07-22 04:00:00,25.5,97,0.3,11.6,Lajpat Nagar,28.5677,77.2433
2026-07-22 05:00:00,25.4,95,0.7,9.9,Lajpat Nagar,28.5677,77.2433
2026-07-22 06:00:00,25.9,95,1.0,13.6,Lajpat Nagar,28.5677,77.2433
2026-07-22 07:00:00,26.8,90,0.3,16.1,Lajpat Nagar,28.5677,77.2433
2026-07-22 08:00:00,27.1,87,1.1,13.6,Lajpat Nagar,28.5677,77.2433
2026-07-22 09:00:00,28.9,80,0.1,13.7,Lajpat Nagar,28.5677,77.2433
2026-07-22 10:00:00,30.0,77,0.1,12.8,Lajpat Nagar,28.5677,77.2433
2026-07-22 11:00:00,30.9,66,0.1,15.6,Lajpat Nagar,28.5677,77.2433
2026-07-22 12:00:00,31.4,67,0.2,14.4,Lajpat Nagar,28.5677,77.2433
2026-07-22 13:00:00,31.8,66,0.0,11.9,Lajpat Nagar,28.5677,77.2433
2026-07-22 14:00:00,31.8,67,0.1,11.7,Lajpat Nagar,28.5677,77.2433
2026-07-22 15:00:00,31.8,66,0.1,10.8,Lajpat Nagar,28.5677,77.2433
2026-07-22 16:00:00,31.7,66,0.2,9.6,Lajpat Nagar,28.5677,77.2433
2026-07-22 17:00:00,28.5,88,0.3,4.1,Lajpat Nagar,28.5677,77.2433
2026-07-22 18:00:00,29.1,86,0.0,3.7,Lajpat Nagar,28.5677,77.2433
2026-07-22 19:00:00,28.8,90,0.0,4.6,Lajpat Nagar,28.5677,77.2433
2026-07-22 20:00:00,29.1,89,0.0,6.2,Lajpat Nagar,28.5677,77.2433
2026-07-22 21:00:00,28.9,85,0.1,9.0,Lajpat Nagar,28.5677,77.2433
2026-07-22 22:00:00,28.4,84,0.1,9.0,Lajpat Nagar,28.5677,77.2433
2026-07-22 23:00:00,28.3,84,0.0,10.1,Lajpat Nagar,28.5677,77.2433
2026-07-23 00:00:00,28.3,84,0.0,11.1,Lajpat Nagar,28.5677,77.2433
2026-07-23 01:00:00,27.9,84,0.0,10.8,Lajpat Nagar,28.5677,77.2433
2026-07-23 02:00:00,27.7,85,0.0,11.3,Lajpat Nagar,28.5677,77.2433
2026-07-23 03:00:00,27.5,85,0.0,10.4,Lajpat Nagar,28.5677,77.2433
2026-07-23 04:00:00,27.2,85,0.0,10.0,Lajpat Nagar,28.5677,77.2433
2026-07-23 05:00:00,26.7,92,0.0,8.9,Lajpat Nagar,28.5677,77.2433
2026-07-23 06:00:00,26.5,92,0.8,7.7,Lajpat Nagar,28.5677,77.2433
2026-07-23 07:00:00,26.5,92,0.8,10.7,Lajpat Nagar,28.5677,77.2433
2026-07-23 08:00:00,27.4,84,0.5,12.5,Lajpat Nagar,28.5677,77.2433
2026-07-23 09:00:00,28.8,80,0.2,10.4,Lajpat Nagar,28.5677,77.2433
2026-07-23 10:00:00,30.5,73,0.1,12.9,Lajpat Nagar,28.5677,77.2433
2026-07-23 11:00:00,31.1,67,0.0,14.8,Lajpat Nagar,28.5677,77.2433
2026-07-23 12:00:00,31.7,64,0.2,15.3,Lajpat Nagar,28.5677,77.2433
2026-07-23 13:00:00,32.0,66,0.2,13.3,Lajpat Nagar,28.5677,77.2433
2026-07-23 14:00:00,32.3,64,0.0,12.5,Lajpat Nagar,28.5677,77.2433
2026-07-23 15:00:00,29.6,78,2.0,11.5,Lajpat Nagar,28.5677,77.2433
2026-07-23 16:00:00,30.8,75,0.5,4.8,Lajpat Nagar,28.5677,77.2433
2026-07-23 17:00:00,31.7,67,0.2,12.5,Lajpat Nagar,28.5677,77.2433
2026-07-23 18:00:00,30.5,73,0.3,8.0,Lajpat Nagar,28.5677,77.2433
2026-07-23 19:00:00,29.9,76,0.0,7.3,Lajpat Nagar,28.5677,77.2433
2026-07-23 20:00:00,28.9,80,0.2,9.1,Lajpat Nagar,28.5677,77.2433
2026-07-23 21:00:00,26.6,93,2.1,9.3,Lajpat Nagar,28.5677,77.2433
2026-07-23 22:00:00,26.9,92,0.1,11.6,Lajpat Nagar,28.5677,77.2433
2026-07-23 23:00:00,27.5,87,0.0,13.2,Lajpat Nagar,28.5677,77.2433
2026-07-24 00:00:00,27.2,88,0.0,10.5,Lajpat Nagar,28.5677,77.2433
2026-07-24 01:00:00,27.0,89,0.0,10.4,Lajpat Nagar,28.5677,77.2433
2026-07-24 02:00:00,26.9,89,0.0,9.0,Lajpat Nagar,28.5677,77.2433
2026-07-24 03:00:00,26.7,90,0.0,9.0,Lajpat Nagar,28.5677,77.2433
2026-07-24 04:00:00,26.5,91,0.0,9.7,Lajpat Nagar,28.5677,77.2433
2026-07-24 05:00:00,25.9,95,0.0,9.4,Lajpat Nagar,28.5677,77.2433
2026-07-24 06:00:00,26.0,94,0.2,11.1,Lajpat Nagar,28.5677,77.2433
2026-07-24 07:00:00,27.0,90,0.0,9.7,Lajpat Nagar,28.5677,77.2433
2026-07-24 08:00:00,28.3,83,0.1,14.5,Lajpat Nagar,28.5677,77.2433
2026-07-24 09:00:00,29.4,76,0.1,14.5,Lajpat Nagar,28.5677,77.2433
2026-07-24 10:00:00,30.3,73,0.3,13.8,Lajpat Nagar,28.5677,77.2433
2026-07-24 11:00:00,30.5,74,0.2,13.0,Lajpat Nagar,28.5677,77.2433
2026-07-24 12:00:00,31.4,72,0.6,12.1,Lajpat Nagar,28.5677,77.2433
2026-07-24 13:00:00,31.0,73,0.6,12.2,Lajpat Nagar,28.5677,77.2433
2026-07-24 14:00:00,29.0,82,4.5,9.7,Lajpat Nagar,28.5677,77.2433
2026-07-24 15:00:00,30.0,79,0.4,7.1,Lajpat Nagar,28.5677,77.2433
2026-07-24 16:00:00,30.6,74,0.1,8.2,Lajpat Nagar,28.5677,77.2433
2026-07-24 17:00:00,30.5,79,0.3,6.7,Lajpat Nagar,28.5677,77.2433
2026-07-24 18:00:00,30.4,81,0.0,7.2,Lajpat Nagar,28.5677,77.2433
2026-07-24 19:00:00,29.9,82,0.0,8.0,Lajpat Nagar,28.5677,77.2433
2026-07-24 20:00:00,29.5,82,0.0,10.0,Lajpat Nagar,28.5677,77.2433
2026-07-24 21:00:00,28.9,84,0.0,10.1,Lajpat Nagar,28.5677,77.2433
2026-07-24 22:00:00,28.7,84,0.0,10.1,Lajpat Nagar,28.5677,77.2433
2026-07-24 23:00:00,28.4,86,0.0,12.9,Lajpat Nagar,28.5677,77.2433
2026-07-25 00:00:00,28.3,83,0.0,12.2,Lajpat Nagar,28.5677,77.2433
2026-07-25 01:00:00,28.1,83,0.0,11.4,Lajpat Nagar,28.5677,77.2433
2026-07-25 02:00:00,27.8,85,0.1,9.9,Lajpat Nagar,28.5677,77.2433
2026-07-25 03:00:00,27.7,87,0.1,10.1,Lajpat Nagar,28.5677,77.2433
2026-07-25 04:00:00,27.5,88,0.2,9.4,Lajpat Nagar,28.5677,77.2433
2026-07-25 05:00:00,27.2,91,0.2,9.6,Lajpat Nagar,28.5677,77.2433
2026-07-25 06:00:00,27.5,90,0.0,7.9,Lajpat Nagar,28.5677,77.2433
2026-07-25 07:00:00,28.4,86,0.0,8.2,Lajpat Nagar,28.5677,77.2433
2026-07-25 08:00:00,28.9,81,0.4,11.0,Lajpat Nagar,28.5677,77.2433
2026-07-25 09:00:00,29.8,78,0.1,9.7,Lajpat Nagar,28.5677,77.2433
2026-07-25 10:00:00,30.1,74,0.2,9.9,Lajpat Nagar,28.5677,77.2433
2026-07-25 11:00:00,31.5,67,0.6,11.9,Lajpat Nagar,28.5677,77.2433
2026-07-25 12:00:00,31.6,66,0.2,11.3,Lajpat Nagar,28.5677,77.2433
2026-07-25 13:00:00,32.3,63,0.1,11.1,Lajpat Nagar,28.5677,77.2433
2026-07-25 14:00:00,32.4,62,0.3,12.1,Lajpat Nagar,28.5677,77.2433
2026-07-25 15:00:00,32.2,63,0.5,11.4,Lajpat Nagar,28.5677,77.2433
2026-07-25 16:00:00,30.9,72,0.2,11.4,Lajpat Nagar,28.5677,77.2433
2026-07-25 17:00:00,30.8,79,0.0,7.5,Lajpat Nagar,28.5677,77.2433
2026-07-25 18:00:00,29.2,82,0.1,9.2,Lajpat Nagar,28.5677,77.2433
2026-07-25 19:00:00,28.6,85,0.0,8.7,Lajpat Nagar,28.5677,77.2433
2026-07-25 20:00:00,28.2,88,0.0,9.2,Lajpat Nagar,28.5677,77.2433
2026-07-25 21:00:00,27.8,89,0.0,7.5,Lajpat Nagar,28.5677,77.2433
2026-07-25 22:00:00,27.6,90,0.0,7.7,Lajpat Nagar,28.5677,77.2433
2026-07-25 23:00:00,27.2,94,0.0,8.3,Lajpat Nagar,28.5677,77.2433
2026-07-26 00:00:00,27.5,95,0.1,9.5,Lajpat Nagar,28.5677,77.2433
2026-07-26 01:00:00,27.5,95,0.0,7.7,Lajpat Nagar,28.5677,77.2433
2026-07-26 02:00:00,27.4,95,0.0,7.7,Lajpat Nagar,28.5677,77.2433
2026-07-26 03:00:00,27.3,95,0.0,6.1,Lajpat Nagar,28.5677,77.2433
2026-07-26 04:00:00,27.2,96,0.0,5.9,Lajpat Nagar,28.5677,77.2433
2026-07-26 05:00:00,28.0,93,0.0,4.1,Lajpat Nagar,28.5677,77.2433
2026-07-26 06:00:00,27.7,93,0.4,3.0,Lajpat Nagar,28.5677,77.2433
2026-07-26 07:00:00,28.1,93,0.2,5.7,Lajpat Nagar,28.5677,77.2433
2026-07-26 08:00:00,29.2,88,0.0,1.8,Lajpat Nagar,28.5677,77.2433
2026-07-26 09:00:00,30.5,80,0.0,2.9,Lajpat Nagar,28.5677,77.2433
2026-07-26 10:00:00,31.5,73,0.1,3.2,Lajpat Nagar,28.5677,77.2433
2026-07-26 11:00:00,32.5,71,0.1,3.5,Lajpat Nagar,28.5677,77.2433
2026-07-26 12:00:00,32.8,71,0.1,3.7,Lajpat Nagar,28.5677,77.2433
2026-07-26 13:00:00,33.4,68,0.1,3.8,Lajpat Nagar,28.5677,77.2433
2026-07-26 14:00:00,33.5,64,0.1,3.6,Lajpat Nagar,28.5677,77.2433
2026-07-26 15:00:00,33.6,63,0.0,2.7,Lajpat Nagar,28.5677,77.2433
2026-07-26 16:00:00,33.4,62,0.0,2.3,Lajpat Nagar,28.5677,77.2433
2026-07-26 17:00:00,33.7,60,0.0,2.9,Lajpat Nagar,28.5677,77.2433
2026-07-26 18:00:00,32.8,69,0.0,3.7,Lajpat Nagar,28.5677,77.2433
2026-07-26 19:00:00,31.9,76,0.0,3.1,Lajpat Nagar,28.5677,77.2433
2026-07-26 20:00:00,31.5,80,0.0,1.3,Lajpat Nagar,28.5677,77.2433
2026-07-26 21:00:00,31.2,82,0.0,1.5,Lajpat Nagar,28.5677,77.2433
2026-07-26 22:00:00,30.7,84,0.0,2.2,Lajpat Nagar,28.5677,77.2433
2026-07-26 23:00:00,30.5,87,0.0,1.6,Lajpat Nagar,28.5677,77.2433
2026-07-27 00:00:00,30.0,88,0.0,1.5,Lajpat Nagar,28.5677,77.2433
2026-07-27 01:00:00,29.7,89,0.0,0.5,Lajpat Nagar,28.5677,77.2433
2026-07-27 02:00:00,29.4,90,0.0,2.6,Lajpat Nagar,28.5677,77.2433
2026-07-27 03:00:00,29.2,88,0.0,2.3,Lajpat Nagar,28.5677,77.2433
2026-07-27 04:00:00,29.1,87,0.0,1.9,Lajpat Nagar,28.5677,77.2433
2026-07-27 05:00:00,29.6,88,0.0,1.9,Lajpat Nagar,28.5677,77.2433
2026-07-27 06:00:00,29.6,88,0.0,2.7,Lajpat Nagar,28.5677,77.2433
2026-07-27 07:00:00,30.5,83,0.0,1.5,Lajpat Nagar,28.5677,77.2433
2026-07-27 08:00:00,31.6,76,0.0,1.7,Lajpat Nagar,28.5677,77.2433
2026-07-27 09:00:00,32.4,71,0.0,1.3,Lajpat Nagar,28.5677,77.2433
2026-07-27 10:00:00,33.1,67,0.1,2.7,Lajpat Nagar,28.5677,77.2433
2026-07-27 11:00:00,34.3,55,0.2,1.5,Lajpat Nagar,28.5677,77.2433
2026-07-27 12:00:00,35.1,52,0.0,3.6,Lajpat Nagar,28.5677,77.2433
2026-07-27 13:00:00,35.3,53,0.0,4.4,Lajpat Nagar,28.5677,77.2433
2026-07-27 14:00:00,35.2,53,0.0,4.9,Lajpat Nagar,28.5677,77.2433
2026-07-27 15:00:00,34.6,53,0.0,4.4,Lajpat Nagar,28.5677,77.2433
2026-07-27 16:00:00,33.8,58,0.1,3.8,Lajpat Nagar,28.5677,77.2433
2026-07-27 17:00:00,33.4,60,0.0,1.4,Lajpat Nagar,28.5677,77.2433
2026-07-27 18:00:00,32.3,72,0.0,2.9,Lajpat Nagar,28.5677,77.2433
2026-07-27 19:00:00,31.5,74,0.0,4.6,Lajpat Nagar,28.5677,77.2433
2026-07-27 20:00:00,30.4,81,0.0,8.9,Lajpat Nagar,28.5677,77.2433
2026-07-27 21:00:00,29.5,86,0.0,9.0,Lajpat Nagar,28.5677,77.2433
2026-07-27 22:00:00,29.1,85,0.0,11.2,Lajpat Nagar,28.5677,77.2433
2026-07-27 23:00:00,30.1,87,0.3,13.0,Lajpat Nagar,28.5677,77.2433
2026-07-28 00:00:00,28.1,91,0.1,12.3,Lajpat Nagar,28.5677,77.2433
2026-07-28 01:00:00,27.0,94,0.4,7.0,Lajpat Nagar,28.5677,77.2433
2026-07-28 02:00:00,26.3,96,0.7,10.6,Lajpat Nagar,28.5677,77.2433
2026-07-28 03:00:00,25.9,96,0.3,7.2,Lajpat Nagar,28.5677,77.2433
2026-07-28 04:00:00,25.9,97,0.4,9.0,Lajpat Nagar,28.5677,77.2433
2026-07-28 05:00:00,28.7,93,0.2,6.4,Lajpat Nagar,28.5677,77.2433
2026-07-28 06:00:00,28.4,94,0.1,8.2,Lajpat Nagar,28.5677,77.2433
2026-07-28 07:00:00,28.9,90,0.1,6.4,Lajpat Nagar,28.5677,77.2433
2026-07-28 08:00:00,27.4,93,1.6,11.3,Lajpat Nagar,28.5677,77.2433
2026-07-28 09:00:00,27.0,95,1.4,12.2,Lajpat Nagar,28.5677,77.2433
2026-07-28 10:00:00,27.2,95,2.6,6.6,Lajpat Nagar,28.5677,77.2433
2026-07-28 11:00:00,27.3,92,0.7,7.6,Lajpat Nagar,28.5677,77.2433
2026-07-28 12:00:00,26.7,95,2.1,7.5,Lajpat Nagar,28.5677,77.2433
2026-07-28 13:00:00,26.8,93,1.5,5.8,Lajpat Nagar,28.5677,77.2433
2026-07-28 14:00:00,27.2,92,0.9,3.4,Lajpat Nagar,28.5677,77.2433
2026-07-28 15:00:00,27.4,91,0.7,5.1,Lajpat Nagar,28.5677,77.2433
2026-07-28 16:00:00,27.3,92,0.8,4.3,Lajpat Nagar,28.5677,77.2433
2026-07-28 17:00:00,30.6,74,0.0,4.2,Lajpat Nagar,28.5677,77.2433
2026-07-28 18:00:00,30.0,77,0.0,4.2,Lajpat Nagar,28.5677,77.2433
2026-07-28 19:00:00,29.2,83,0.0,3.4,Lajpat Nagar,28.5677,77.2433
2026-07-28 20:00:00,28.6,86,0.0,4.5,Lajpat Nagar,28.5677,77.2433
2026-07-28 21:00:00,28.3,87,0.0,4.5,Lajpat Nagar,28.5677,77.2433
2026-07-28 22:00:00,28.0,88,0.2,4.7,Lajpat Nagar,28.5677,77.2433
2026-07-28 23:00:00,27.8,88,0.0,1.9,Lajpat Nagar,28.5677,77.2433
2026-07-29 00:00:00,27.6,90,0.0,1.4,Lajpat Nagar,28.5677,77.2433
2026-07-29 01:00:00,27.2,93,0.3,4.0,Lajpat Nagar,28.5677,77.2433
2026-07-29 02:00:00,26.9,95,0.4,4.4,Lajpat Nagar,28.5677,77.2433
2026-07-29 03:00:00,26.6,95,0.2,3.3,Lajpat Nagar,28.5677,77.2433
2026-07-29 04:00:00,26.6,95,0.0,1.5,Lajpat Nagar,28.5677,77.2433
2026-07-29 05:00:00,26.9,97,0.0,2.4,Lajpat Nagar,28.5677,77.2433
2026-07-29 06:00:00,26.2,99,1.5,1.7,Lajpat Nagar,28.5677,77.2433
2026-07-29 07:00:00,26.3,99,1.7,3.1,Lajpat Nagar,28.5677,77.2433
2026-07-29 08:00:00,27.0,92,0.7,1.1,Lajpat Nagar,28.5677,77.2433
2026-07-29 09:00:00,28.2,84,0.5,1.4,Lajpat Nagar,28.5677,77.2433
2026-07-29 10:00:00,28.7,82,0.8,2.7,Lajpat Nagar,28.5677,77.2433
2026-07-29 11:00:00,30.8,76,0.2,2.0,Lajpat Nagar,28.5677,77.2433
2026-07-29 12:00:00,31.7,74,0.2,1.3,Lajpat Nagar,28.5677,77.2433
2026-07-29 13:00:00,32.1,72,0.1,2.2,Lajpat Nagar,28.5677,77.2433
2026-07-29 14:00:00,32.3,67,0.1,2.7,Lajpat Nagar,28.5677,77.2433
2026-07-29 15:00:00,32.7,65,0.1,2.5,Lajpat Nagar,28.5677,77.2433
2026-07-29 16:00:00,31.8,69,0.2,5.5,Lajpat Nagar,28.5677,77.2433
2026-07-29 17:00:00,33.0,64,0.1,3.5,Lajpat Nagar,28.5677,77.2433
2026-07-29 18:00:00,32.0,72,0.0,3.9,Lajpat Nagar,28.5677,77.2433
2026-07-29 19:00:00,30.9,78,0.0,3.5,Lajpat Nagar,28.5677,77.2433
2026-07-29 20:00:00,30.3,82,0.0,4.4,Lajpat Nagar,28.5677,77.2433
2026-07-29 21:00:00,29.8,85,0.0,4.4,Lajpat Nagar,28.5677,77.2433
2026-07-29 22:00:00,29.3,90,0.0,3.1,Lajpat Nagar,28.5677,77.2433
2026-07-29 23:00:00,29.7,87,0.0,6.3,Lajpat Nagar,28.5677,77.2433
2026-07-30 00:00:00,29.1,90,0.0,7.6,Lajpat Nagar,28.5677,77.2433
2026-07-30 01:00:00,28.9,92,0.0,4.8,Lajpat Nagar,28.5677,77.2433
2026-07-30 02:00:00,26.3,93,2.6,7.7,Lajpat Nagar,28.5677,77.2433
2026-07-30 03:00:00,26.3,98,0.7,2.9,Lajpat Nagar,28.5677,77.2433
2026-07-30 04:00:00,26.6,97,0.1,0.5,Lajpat Nagar,28.5677,77.2433
2026-07-30 05:00:00,28.8,94,0.0,2.0,Lajpat Nagar,28.5677,77.2433
2026-07-30 06:00:00,28.8,93,0.6,0.8,Lajpat Nagar,28.5677,77.2433
2026-07-30 07:00:00,28.3,89,0.5,9.9,Lajpat Nagar,28.5677,77.2433
2026-07-30 08:00:00,29.0,85,0.8,7.1,Lajpat Nagar,28.5677,77.2433
2026-07-30 09:00:00,30.9,76,0.1,5.3,Lajpat Nagar,28.5677,77.2433
2026-07-30 10:00:00,31.7,72,0.0,7.0,Lajpat Nagar,28.5677,77.2433
2026-07-30 11:00:00,32.7,67,0.0,6.8,Lajpat Nagar,28.5677,77.2433
2026-07-30 12:00:00,32.6,66,0.1,7.4,Lajpat Nagar,28.5677,77.2433
2026-07-30 13:00:00,32.3,69,0.6,6.1,Lajpat Nagar,28.5677,77.2433
2026-07-30 14:00:00,33.1,66,0.2,4.1,Lajpat Nagar,28.5677,77.2433
2026-07-30 15:00:00,33.5,62,0.1,5.2,Lajpat Nagar,28.5677,77.2433
2026-07-30 16:00:00,33.5,58,0.1,6.6,Lajpat Nagar,28.5677,77.2433
2026-07-30 17:00:00,31.3,76,0.1,12.4,Lajpat Nagar,28.5677,77.2433
2026-07-30 18:00:00,28.7,85,0.0,10.7,Lajpat Nagar,28.5677,77.2433
2026-07-30 19:00:00,28.6,88,0.0,6.9,Lajpat Nagar,28.5677,77.2433
2026-07-30 20:00:00,28.6,90,0.0,7.0,Lajpat Nagar,28.5677,77.2433
2026-07-30 21:00:00,28.4,91,0.0,6.9,Lajpat Nagar,28.5677,77.2433
2026-07-30 22:00:00,28.3,91,0.0,7.5,Lajpat Nagar,28.5677,77.2433
2026-07-30 23:00:00,28.9,89,0.0,10.6,Lajpat Nagar,28.5677,77.2433
2026-07-31 00:00:00,28.7,90,0.0,10.6,Lajpat Nagar,28.5677,77.2433
2026-07-31 01:00:00,28.5,89,0.0,10.1,Lajpat Nagar,28.5677,77.2433
2026-07-31 02:00:00,28.4,88,0.0,10.1,Lajpat Nagar,28.5677,77.2433
2026-07-31 03:00:00,28.2,87,0.0,10.4,Lajpat Nagar,28.5677,77.2433
2026-07-31 04:00:00,28.0,86,0.0,10.6,Lajpat Nagar,28.5677,77.2433
2026-07-31 05:00:00,28.2,83,0.0,12.4,Lajpat Nagar,28.5677,77.2433
2026-07-31 06:00:00,28.1,84,0.0,10.4,Lajpat Nagar,28.5677,77.2433
2026-07-31 07:00:00,28.6,82,0.0,10.1,Lajpat Nagar,28.5677,77.2433
2026-07-31 08:00:00,29.0,79,0.2,14.0,Lajpat Nagar,28.5677,77.2433
2026-07-31 09:00:00,29.6,76,0.3,13.9,Lajpat Nagar,28.5677,77.2433
2026-07-31 10:00:00,30.2,74,0.4,13.9,Lajpat Nagar,28.5677,77.2433
2026-07-31 11:00:00,30.8,71,0.0,13.0,Lajpat Nagar,28.5677,77.2433
2026-07-31 12:00:00,31.6,66,0.2,14.7,Lajpat Nagar,28.5677,77.2433
2026-07-31 13:00:00,32.0,63,0.3,12.8,Lajpat Nagar,28.5677,77.2433
2026-07-31 14:00:00,32.5,64,0.3,11.6,Lajpat Nagar,28.5677,77.2433
2026-07-31 15:00:00,32.2,71,0.4,11.9,Lajpat Nagar,28.5677,77.2433
2026-07-31 16:00:00,30.7,76,0.5,10.7,Lajpat Nagar,28.5677,77.2433
2026-07-31 17:00:00,31.7,72,0.3,6.8,Lajpat Nagar,28.5677,77.2433
2026-07-31 18:00:00,31.0,75,0.0,7.6,Lajpat Nagar,28.5677,77.2433
2026-07-31 19:00:00,30.0,81,0.0,7.7,Lajpat Nagar,28.5677,77.2433
2026-07-31 20:00:00,29.6,84,0.0,7.8,Lajpat Nagar,28.5677,77.2433
2026-07-31 21:00:00,29.3,84,0.2,10.1,Lajpat Nagar,28.5677,77.2433
2026-07-31 22:00:00,28.8,86,0.0,10.0,Lajpat Nagar,28.5677,77.2433
2026-07-31 23:00:00,28.1,88,0.0,8.5,Lajpat Nagar,28.5677,77.2433
2026-08-01 00:00:00,28.4,88,0.1,11.3,Lajpat Nagar,28.5677,77.2433
2026-08-01 01:00:00,27.6,90,0.4,9.3,Lajpat Nagar,28.5677,77.2433
2026-08-01 02:00:00,27.3,89,0.0,9.9,Lajpat Nagar,28.5677,77.2433
2026-08-01 03:00:00,27.3,90,0.0,9.6,Lajpat Nagar,28.5677,77.2433
2026-08-01 04:00:00,27.3,90,0.0,9.4,Lajpat Nagar,28.5677,77.2433
2026-08-01 05:00:00,26.8,94,0.1,9.9,Lajpat Nagar,28.5677,77.2433
2026-08-01 06:00:00,26.8,93,0.0,10.9,Lajpat Nagar,28.5677,77.2433
2026-08-01 07:00:00,27.1,90,0.1,12.0,Lajpat Nagar,28.5677,77.2433
2026-08-01 08:00:00,27.8,86,0.0,12.0,Lajpat Nagar,28.5677,77.2433
2026-08-01 09:00:00,29.6,77,0.2,12.1,Lajpat Nagar,28.5677,77.2433
2026-08-01 10:00:00,30.7,72,0.2,12.2,Lajpat Nagar,28.5677,77.2433
2026-08-01 11:00:00,31.4,70,0.1,11.8,Lajpat Nagar,28.5677,77.2433
2026-08-01 12:00:00,32.1,69,0.2,11.2,Lajpat Nagar,28.5677,77.2433
2026-08-01 13:00:00,31.6,67,0.2,12.4,Lajpat Nagar,28.5677,77.2433
2026-08-01 14:00:00,31.4,74,0.2,9.6,Lajpat Nagar,28.5677,77.2433
2026-08-01 15:00:00,31.2,76,0.1,8.5,Lajpat Nagar,28.5677,77.2433
2026-08-01 16:00:00,31.4,73,0.2,8.0,Lajpat Nagar,28.5677,77.2433
2026-08-01 17:00:00,30.4,80,0.4,8.7,Lajpat Nagar,28.5677,77.2433
2026-08-01 18:00:00,30.2,82,0.0,6.7,Lajpat Nagar,28.5677,77.2433
2026-08-01 19:00:00,29.7,85,0.0,7.1,Lajpat Nagar,28.5677,77.2433
2026-08-01 20:00:00,29.5,87,0.0,6.3,Lajpat Nagar,28.5677,77.2433
2026-08-01 21:00:00,29.3,88,0.0,8.0,Lajpat Nagar,28.5677,77.2433
2026-08-01 22:00:00,29.1,88,0.0,8.2,Lajpat Nagar,28.5677,77.2433
2026-08-01 23:00:00,26.9,91,0.0,11.5,Lajpat Nagar,28.5677,77.2433
2026-08-02 00:00:00,26.6,93,0.6,11.1,Lajpat Nagar,28.5677,77.2433
2026-08-02 01:00:00,26.7,94,0.6,8.9,Lajpat Nagar,28.5677,77.2433
2026-08-02 02:00:00,26.9,95,0.3,7.1,Lajpat Nagar,28.5677,77.2433
2026-08-02 03:00:00,26.8,95,0.1,6.2,Lajpat Nagar,28.5677,77.2433
2026-08-02 04:00:00,26.8,96,0.0,6.1,Lajpat Nagar,28.5677,77.2433
2026-08-02 05:00:00,26.9,96,0.0,10.7,Lajpat Nagar,28.5677,77.2433
2026-08-02 06:00:00,26.3,97,0.6,9.8,Lajpat Nagar,28.5677,77.2433
2026-08-02 07:00:00,26.9,96,0.4,5.8,Lajpat Nagar,28.5677,77.2433
2026-08-02 08:00:00,28.5,88,0.0,8.0,Lajpat Nagar,28.5677,77.2433
2026-08-02 09:00:00,30.3,79,0.0,8.7,Lajpat Nagar,28.5677,77.2433
2026-08-02 10:00:00,31.6,71,0.1,8.2,Lajpat Nagar,28.5677,77.2433
2026-08-02 11:00:00,32.9,65,0.1,6.8,Lajpat Nagar,28.5677,77.2433
2026-08-02 12:00:00,33.2,63,0.2,7.5,Lajpat Nagar,28.5677,77.2433
2026-08-02 13:00:00,31.7,69,0.7,10.6,Lajpat Nagar,28.5677,77.2433
2026-08-02 14:00:00,31.7,73,0.7,6.8,Lajpat Nagar,28.5677,77.2433
2026-08-02 15:00:00,32.4,69,0.1,6.7,Lajpat Nagar,28.5677,77.2433
2026-08-02 16:00:00,32.3,68,0.7,7.8,Lajpat Nagar,28.5677,77.2433
2026-08-02 17:00:00,28.2,92,0.3,2.5,Lajpat Nagar,28.5677,77.2433
2026-08-02 18:00:00,27.6,95,1.3,11.2,Lajpat Nagar,28.5677,77.2433
2026-08-02 19:00:00,27.4,96,0.6,4.2,Lajpat Nagar,28.5677,77.2433
2026-08-02 20:00:00,27.5,96,0.3,5.3,Lajpat Nagar,28.5677,77.2433
2026-08-02 21:00:00,27.6,97,0.1,4.5,Lajpat Nagar,28.5677,77.2433
2026-08-02 22:00:00,27.8,98,0.0,6.0,Lajpat Nagar,28.5677,77.2433
2026-08-02 23:00:00,28.6,96,0.0,6.4,Lajpat Nagar,28.5677,77.2433
2026-08-03 00:00:00,28.5,95,0.0,5.8,Lajpat Nagar,28.5677,77.2433
2026-08-03 01:00:00,28.1,95,0.0,6.8,Lajpat Nagar,28.5677,77.2433
2026-08-03 02:00:00,27.5,94,0.0,8.2,Lajpat Nagar,28.5677,77.2433
2026-08-03 03:00:00,27.1,96,0.0,7.4,Lajpat Nagar,28.5677,77.2433
2026-08-03 04:00:00,27.1,97,0.0,7.4,Lajpat Nagar,28.5677,77.2433
2026-08-03 05:00:00,27.4,96,0.0,8.1,Lajpat Nagar,28.5677,77.2433
2026-08-03 06:00:00,27.5,96,0.1,3.3,Lajpat Nagar,28.5677,77.2433
2026-08-03 07:00:00,27.8,93,0.2,8.4,Lajpat Nagar,28.5677,77.2433
2026-08-03 08:00:00,28.6,87,0.1,3.8,Lajpat Nagar,28.5677,77.2433
2026-08-03 09:00:00,29.6,83,0.0,2.7,Lajpat Nagar,28.5677,77.2433
2026-08-03 10:00:00,30.6,80,0.1,4.9,Lajpat Nagar,28.5677,77.2433
2026-08-03 11:00:00,31.0,76,0.1,5.2,Lajpat Nagar,28.5677,77.2433
2026-08-03 12:00:00,32.7,70,0.2,7.2,Lajpat Nagar,28.5677,77.2433
2026-08-03 13:00:00,31.9,72,0.3,8.7,Lajpat Nagar,28.5677,77.2433
2026-08-03 14:00:00,30.5,79,1.4,10.5,Lajpat Nagar,28.5677,77.2433
2026-08-03 15:00:00,30.8,78,0.1,5.2,Lajpat Nagar,28.5677,77.2433
2026-08-03 16:00:00,30.5,77,0.5,7.2,Lajpat Nagar,28.5677,77.2433
2026-08-03 17:00:00,32.3,74,0.1,8.6,Lajpat Nagar,28.5677,77.2433
2026-08-03 18:00:00,29.8,75,0.0,9.1,Lajpat Nagar,28.5677,77.2433
2026-08-03 19:00:00,27.1,95,5.8,3.8,Lajpat Nagar,28.5677,77.2433
2026-08-03 20:00:00,27.1,95,2.1,6.3,Lajpat Nagar,28.5677,77.2433
2026-08-03 21:00:00,27.2,95,1.0,0.4,Lajpat Nagar,28.5677,77.2433
2026-08-03 22:00:00,27.1,96,0.9,3.2,Lajpat Nagar,28.5677,77.2433
2026-08-03 23:00:00,27.0,98,0.2,4.2,Lajpat Nagar,28.5677,77.2433
2026-08-04 00:00:00,27.1,97,1.1,6.8,Lajpat Nagar,28.5677,77.2433
2026-08-04 01:00:00,26.7,98,0.3,6.6,Lajpat Nagar,28.5677,77.2433
2026-08-04 02:00:00,26.6,98,0.1,6.3,Lajpat Nagar,28.5677,77.2433
2026-08-04 03:00:00,26.6,98,0.1,5.7,Lajpat Nagar,28.5677,77.2433
2026-08-04 04:00:00,26.7,97,0.0,3.6,Lajpat Nagar,28.5677,77.2433
2026-08-04 05:00:00,26.5,97,0.0,9.8,Lajpat Nagar,28.5677,77.2433
2026-08-04 06:00:00,26.2,99,0.7,7.0,Lajpat Nagar,28.5677,77.2433
2026-08-04 07:00:00,26.9,97,1.0,2.4,Lajpat Nagar,28.5677,77.2433
2026-08-04 08:00:00,27.7,91,0.2,4.0,Lajpat Nagar,28.5677,77.2433
2026-08-04 09:00:00,29.1,82,0.0,4.8,Lajpat Nagar,28.5677,77.2433
2026-08-04 10:00:00,30.0,81,0.1,3.2,Lajpat Nagar,28.5677,77.2433
2026-08-04 11:00:00,28.6,88,1.0,4.4,Lajpat Nagar,28.5677,77.2433
2026-08-04 12:00:00,28.0,92,4.2,5.3,Lajpat Nagar,28.5677,77.2433
2026-08-04 13:00:00,28.6,88,0.5,6.5,Lajpat Nagar,28.5677,77.2433
2026-08-04 14:00:00,29.3,84,0.3,7.2,Lajpat Nagar,28.5677,77.2433
2026-08-04 15:00:00,29.8,81,0.2,5.7,Lajpat Nagar,28.5677,77.2433
2026-08-04 16:00:00,29.4,81,0.3,5.1,Lajpat Nagar,28.5677,77.2433
2026-08-04 17:00:00,27.3,93,0.0,2.8,Lajpat Nagar,28.5677,77.2433
2026-08-04 18:00:00,27.3,93,2.3,1.5,Lajpat Nagar,28.5677,77.2433
2026-08-04 19:00:00,27.0,95,0.8,1.9,Lajpat Nagar,28.5677,77.2433
2026-08-04 20:00:00,27.0,96,0.5,2.0,Lajpat Nagar,28.5677,77.2433
2026-08-04 21:00:00,27.1,96,0.5,1.2,Lajpat Nagar,28.5677,77.2433
2026-08-04 22:00:00,26.9,97,0.5,1.0,Lajpat Nagar,28.5677,77.2433
2026-08-04 23:00:00,27.5,94,0.3,1.9,Lajpat Nagar,28.5677,77.2433
2026-08-05 00:00:00,27.3,97,0.0,1.6,Lajpat Nagar,28.5677,77.2433
2026-08-05 01:00:00,27.2,98,0.0,1.8,Lajpat Nagar,28.5677,77.2433
2026-08-05 02:00:00,27.2,98,0.0,1.5,Lajpat Nagar,28.5677,77.2433
2026-08-05 03:00:00,27.0,90,0.2,1.9,Lajpat Nagar,28.5677,77.2433
2026-08-05 04:00:00,26.5,94,0.6,4.3,Lajpat Nagar,28.5677,77.2433
2026-08-05 05:00:00,25.7,99,0.1,5.1,Lajpat Nagar,28.5677,77.2433
2026-08-05 06:00:00,25.8,97,1.4,5.3,Lajpat Nagar,28.5677,77.2433
2026-08-05 07:00:00,26.8,94,0.1,3.6,Lajpat Nagar,28.5677,77.2433
2026-08-05 08:00:00,28.4,87,0.0,2.6,Lajpat Nagar,28.5677,77.2433
2026-08-05 09:00:00,30.0,77,0.0,3.6,Lajpat Nagar,28.5677,77.2433
2026-08-05 10:00:00,31.2,71,0.0,4.7,Lajpat Nagar,28.5677,77.2433
2026-08-05 11:00:00,31.4,71,0.1,3.9,Lajpat Nagar,28.5677,77.2433
2026-08-05 12:00:00,30.5,75,0.1,4.5,Lajpat Nagar,28.5677,77.2433
2026-08-05 13:00:00,31.4,71,0.1,5.0,Lajpat Nagar,28.5677,77.2433
2026-08-05 14:00:00,31.5,68,0.0,5.7,Lajpat Nagar,28.5677,77.2433
2026-08-05 15:00:00,32.5,64,0.0,6.6,Lajpat Nagar,28.5677,77.2433
2026-08-05 16:00:00,32.3,64,0.0,4.5,Lajpat Nagar,28.5677,77.2433
2026-08-05 17:00:00,28.3,93,0.0,6.3,Lajpat Nagar,28.5677,77.2433
2026-08-05 18:00:00,28.0,91,1.5,3.7,Lajpat Nagar,28.5677,77.2433
2026-08-05 19:00:00,27.9,93,1.1,6.3,Lajpat Nagar,28.5677,77.2433
2026-08-05 20:00:00,27.7,94,1.1,5.3,Lajpat Nagar,28.5677,77.2433
2026-08-05 21:00:00,27.7,95,0.1,4.4,Lajpat Nagar,28.5677,77.2433
2026-08-05 22:00:00,27.6,96,0.0,3.8,Lajpat Nagar,28.5677,77.2433
2026-08-05 23:00:00,27.1,99,0.2,4.6,Lajpat Nagar,28.5677,77.2433
2026-08-06 00:00:00,27.4,95,4.3,1.8,Lajpat Nagar,28.5677,77.2433
2026-08-06 01:00:00,26.4,98,1.3,4.0,Lajpat Nagar,28.5677,77.2433
2026-08-06 02:00:00,26.6,97,1.4,2.9,Lajpat Nagar,28.5677,77.2433
2026-08-06 03:00:00,26.8,97,0.1,4.0,Lajpat Nagar,28.5677,77.2433
2026-08-06 04:00:00,26.9,98,0.0,5.7,Lajpat Nagar,28.5677,77.2433
2026-08-06 05:00:00,27.4,95,0.0,2.6,Lajpat Nagar,28.5677,77.2433
2026-08-06 06:00:00,27.5,95,0.5,1.9,Lajpat Nagar,28.5677,77.2433
2026-08-06 07:00:00,27.6,91,0.7,6.6,Lajpat Nagar,28.5677,77.2433
2026-08-06 08:00:00,27.1,92,1.2,6.6,Lajpat Nagar,28.5677,77.2433
2026-08-06 09:00:00,26.9,88,1.8,2.8,Lajpat Nagar,28.5677,77.2433
2026-08-06 10:00:00,26.8,86,1.2,0.9,Lajpat Nagar,28.5677,77.2433
2026-08-06 11:00:00,26.9,84,0.5,2.9,Lajpat Nagar,28.5677,77.2433
2026-08-06 12:00:00,28.3,78,0.6,4.5,Lajpat Nagar,28.5677,77.2433
2026-08-06 13:00:00,27.8,82,0.5,5.3,Lajpat Nagar,28.5677,77.2433
2026-08-06 14:00:00,27.4,84,0.3,6.4,Lajpat Nagar,28.5677,77.2433
2026-08-06 15:00:00,27.1,85,0.4,5.7,Lajpat Nagar,28.5677,77.2433
2026-08-06 16:00:00,27.7,83,0.0,6.5,Lajpat Nagar,28.5677,77.2433
2026-08-06 17:00:00,27.6,90,0.0,8.2,Lajpat Nagar,28.5677,77.2433
2026-08-06 18:00:00,27.3,91,0.3,7.1,Lajpat Nagar,28.5677,77.2433
2026-08-06 19:00:00,27.2,92,0.1,5.2,Lajpat Nagar,28.5677,77.2433
2026-08-06 20:00:00,27.1,93,0.0,5.2,Lajpat Nagar,28.5677,77.2433
2026-08-06 21:00:00,27.0,93,0.0,6.1,Lajpat Nagar,28.5677,77.2433
2026-08-06 22:00:00,26.9,93,0.0,5.6,Lajpat Nagar,28.5677,77.2433
2026-08-06 23:00:00,26.6,94,0.0,9.5,Lajpat Nagar,28.5677,77.2433
2026-08-07 00:00:00,25.9,97,1.6,7.6,Lajpat Nagar,28.5677,77.2433
2026-08-07 01:00:00,25.9,97,1.5,2.5,Lajpat Nagar,28.5677,77.2433
2026-08-07 02:00:00,25.9,99,0.2,4.5,Lajpat Nagar,28.5677,77.2433
2026-08-07 03:00:00,25.9,98,0.0,6.2,Lajpat Nagar,28.5677,77.2433
2026-08-07 04:00:00,25.6,96,0.4,6.2,Lajpat Nagar,28.5677,77.2433
2026-08-07 05:00:00,26.0,97,4.0,5.2,Lajpat Nagar,28.5677,77.2433
2026-08-07 06:00:00,26.0,97,0.9,4.8,Lajpat Nagar,28.5677,77.2433
2026-08-07 07:00:00,26.0,97,1.3,8.1,Lajpat Nagar,28.5677,77.2433
2026-08-07 08:00:00,26.4,95,1.9,9.4,Lajpat Nagar,28.5677,77.2433
2026-08-07 09:00:00,26.4,93,5.2,14.0,Lajpat Nagar,28.5677,77.2433
2026-08-07 10:00:00,26.9,93,2.8,12.2,Lajpat Nagar,28.5677,77.2433
2026-08-07 11:00:00,27.1,90,1.1,14.3,Lajpat Nagar,28.5677,77.2433
2026-08-07 12:00:00,26.5,96,6.3,12.2,Lajpat Nagar,28.5677,77.2433
2026-08-07 13:00:00,27.2,95,2.0,13.7,Lajpat Nagar,28.5677,77.2433
2026-08-07 14:00:00,28.6,89,0.6,11.0,Lajpat Nagar,28.5677,77.2433
2026-08-07 15:00:00,29.7,81,0.0,10.8,Lajpat Nagar,28.5677,77.2433
2026-08-07 16:00:00,27.9,87,3.4,12.7,Lajpat Nagar,28.5677,77.2433
2026-08-07 17:00:00,27.4,90,8.9,9.5,Lajpat Nagar,28.5677,77.2433
2026-08-07 18:00:00,26.8,93,2.2,7.4,Lajpat Nagar,28.5677,77.2433
2026-08-07 19:00:00,26.6,93,1.9,8.0,Lajpat Nagar,28.5677,77.2433
2026-08-07 20:00:00,26.4,95,0.2,12.9,Lajpat Nagar,28.5677,77.2433
2026-08-07 21:00:00,25.7,96,1.4,12.6,Lajpat Nagar,28.5677,77.2433
2026-08-07 22:00:00,25.6,96,2.3,9.6,Lajpat Nagar,28.5677,77.2433
2026-08-07 23:00:00,25.4,97,11.4,5.7,Lajpat Nagar,28.5677,77.2433
2026-08-08 00:00:00,25.9,96,1.9,7.6,Lajpat Nagar,28.5677,77.2433
2026-08-08 01:00:00,25.8,95,0.4,8.7,Lajpat Nagar,28.5677,77.2433
2026-08-08 02:00:00,25.2,97,1.8,7.0,Lajpat Nagar,28.5677,77.2433
2026-08-08 03:00:00,24.8,98,3.1,7.1,Lajpat Nagar,28.5677,77.2433
2026-08-08 04:00:00,24.7,99,3.4,7.2,Lajpat Nagar,28.5677,77.2433
2026-08-08 05:00:00,25.7,98,0.1,4.2,Lajpat Nagar,28.5677,77.2433
2026-08-08 06:00:00,25.5,96,6.4,9.1,Lajpat Nagar,28.5677,77.2433
2026-08-08 07:00:00,25.8,95,1.7,7.3,Lajpat Nagar,28.5677,77.2433
2026-08-08 08:00:00,27.3,93,0.5,5.2,Lajpat Nagar,28.5677,77.2433
2026-08-08 09:00:00,29.7,85,0.2,7.6,Lajpat Nagar,28.5677,77.2433
2026-08-08 10:00:00,31.0,77,0.1,12.8,Lajpat Nagar,28.5677,77.2433
2026-08-08 11:00:00,29.4,79,1.1,11.1,Lajpat Nagar,28.5677,77.2433
2026-08-08 12:00:00,31.5,73,0.7,12.3,Lajpat Nagar,28.5677,77.2433
2026-08-08 13:00:00,30.3,74,0.9,14.1,Lajpat Nagar,28.5677,77.2433
2026-08-08 14:00:00,31.2,73,0.1,8.3,Lajpat Nagar,28.5677,77.2433
2026-08-08 15:00:00,32.2,67,0.1,8.7,Lajpat Nagar,28.5677,77.2433
2026-08-08 16:00:00,31.1,72,0.0,8.5,Lajpat Nagar,28.5677,77.2433
2026-08-08 17:00:00,30.9,75,1.2,7.7,Lajpat Nagar,28.5677,77.2433
2026-08-08 18:00:00,30.3,79,0.0,5.4,Lajpat Nagar,28.5677,77.2433
2026-08-08 19:00:00,29.3,84,0.1,5.1,Lajpat Nagar,28.5677,77.2433
2026-08-08 20:00:00,29.0,87,0.0,3.3,Lajpat Nagar,28.5677,77.2433
2026-08-08 21:00:00,28.8,88,0.0,5.5,Lajpat Nagar,28.5677,77.2433
2026-08-08 22:00:00,28.5,89,0.0,5.5,Lajpat Nagar,28.5677,77.2433
2026-08-08 23:00:00,29.1,89,0.0,2.3,Lajpat Nagar,28.5677,77.2433
2026-08-09 00:00:00,28.5,89,0.1,3.1,Lajpat Nagar,28.5677,77.2433
2026-08-09 01:00:00,28.2,90,0.2,2.9,Lajpat Nagar,28.5677,77.2433
2026-08-09 02:00:00,27.5,91,0.5,4.7,Lajpat Nagar,28.5677,77.2433
2026-08-09 03:00:00,26.3,95,1.3,3.8,Lajpat Nagar,28.5677,77.2433
2026-08-09 04:00:00,26.1,95,0.7,4.6,Lajpat Nagar,28.5677,77.2433
2026-08-09 05:00:00,25.3,98,0.1,3.7,Lajpat Nagar,28.5677,77.2433
2026-08-09 06:00:00,25.9,98,0.0,1.7,Lajpat Nagar,28.5677,77.2433
2026-08-09 07:00:00,27.4,93,0.0,2.2,Lajpat Nagar,28.5677,77.2433
2026-08-09 08:00:00,29.2,86,0.0,3.6,Lajpat Nagar,28.5677,77.2433
2026-08-09 09:00:00,30.8,77,0.1,6.4,Lajpat Nagar,28.5677,77.2433
2026-08-09 10:00:00,31.6,74,0.1,7.1,Lajpat Nagar,28.5677,77.2433
2026-08-09 11:00:00,32.5,69,0.0,8.7,Lajpat Nagar,28.5677,77.2433
2026-08-09 12:00:00,33.1,64,0.3,6.5,Lajpat Nagar,28.5677,77.2433
2026-08-09 13:00:00,33.6,62,0.0,5.6,Lajpat Nagar,28.5677,77.2433
2026-08-09 14:00:00,33.9,61,0.0,4.8,Lajpat Nagar,28.5677,77.2433
2026-08-09 15:00:00,34.1,61,0.0,2.7,Lajpat Nagar,28.5677,77.2433
2026-08-09 16:00:00,33.8,62,0.0,4.3,Lajpat Nagar,28.5677,77.2433
2026-08-09 17:00:00,33.6,64,0.0,4.5,Lajpat Nagar,28.5677,77.2433
2026-08-09 18:00:00,32.1,73,0.1,4.1,Lajpat Nagar,28.5677,77.2433
2026-08-09 19:00:00,30.9,79,0.1,4.8,Lajpat Nagar,28.5677,77.2433
2026-08-09 20:00:00,30.2,82,0.0,4.1,Lajpat Nagar,28.5677,77.2433
2026-08-09 21:00:00,29.7,84,0.0,4.6,Lajpat Nagar,28.5677,77.2433
2026-08-09 22:00:00,29.3,84,0.0,3.9,Lajpat Nagar,28.5677,77.2433
2026-08-09 23:00:00,30.0,82,0.0,6.7,Lajpat Nagar,28.5677,77.2433
2026-08-10 00:00:00,29.4,84,0.0,6.0,Lajpat Nagar,28.5677,77.2433
2026-08-10 01:00:00,28.3,88,0.2,4.9,Lajpat Nagar,28.5677,77.2433
2026-08-10 02:00:00,27.4,92,0.1,6.1,Lajpat Nagar,28.5677,77.2433
2026-08-10 03:00:00,27.5,93,0.0,3.5,Lajpat Nagar,28.5677,77.2433
2026-08-10 04:00:00,27.6,93,0.0,4.4,Lajpat Nagar,28.5677,77.2433
2026-08-10 05:00:00,27.4,92,0.0,9.0,Lajpat Nagar,28.5677,77.2433
2026-08-10 06:00:00,27.0,91,0.1,8.5,Lajpat Nagar,28.5677,77.2433
2026-08-10 07:00:00,27.3,90,0.1,5.3,Lajpat Nagar,28.5677,77.2433
2026-08-10 08:00:00,28.4,86,0.0,6.3,Lajpat Nagar,28.5677,77.2433
2026-08-10 09:00:00,29.7,81,0.0,7.4,Lajpat Nagar,28.5677,77.2433
2026-08-10 10:00:00,31.0,75,0.0,5.1,Lajpat Nagar,28.5677,77.2433
2026-08-10 11:00:00,33.0,65,0.0,6.6,Lajpat Nagar,28.5677,77.2433
2026-08-10 12:00:00,33.1,65,0.0,5.2,Lajpat Nagar,28.5677,77.2433
2026-08-10 13:00:00,29.5,82,3.4,12.7,Lajpat Nagar,28.5677,77.2433
2026-08-10 14:00:00,28.9,87,2.8,2.7,Lajpat Nagar,28.5677,77.2433
2026-08-10 15:00:00,29.4,86,1.2,1.4,Lajpat Nagar,28.5677,77.2433
2026-08-10 16:00:00,29.6,84,0.1,2.4,Lajpat Nagar,28.5677,77.2433
2026-08-10 17:00:00,29.8,85,0.0,6.6,Lajpat Nagar,28.5677,77.2433
2026-08-10 18:00:00,29.2,88,0.3,7.0,Lajpat Nagar,28.5677,77.2433
2026-08-10 19:00:00,28.7,91,0.0,6.7,Lajpat Nagar,28.5677,77.2433
2026-08-10 20:00:00,28.5,92,0.0,5.2,Lajpat Nagar,28.5677,77.2433
2026-08-10 21:00:00,28.4,92,0.0,4.4,Lajpat Nagar,28.5677,77.2433
2026-08-10 22:00:00,28.3,92,0.0,4.2,Lajpat Nagar,28.5677,77.2433
2026-08-10 23:00:00,28.0,96,0.0,6.8,Lajpat Nagar,28.5677,77.2433
2026-08-11 00:00:00,27.6,96,0.2,10.1,Lajpat Nagar,28.5677,77.2433
2026-08-11 01:00:00,27.4,95,0.0,8.5,Lajpat Nagar,28.5677,77.2433
2026-08-11 02:00:00,27.2,96,0.1,8.7,Lajpat Nagar,28.5677,77.2433
2026-08-11 03:00:00,27.1,96,0.2,7.8,Lajpat Nagar,28.5677,77.2433
2026-08-11 04:00:00,27.1,91,0.4,8.7,Lajpat Nagar,28.5677,77.2433
2026-08-11 05:00:00,26.7,95,1.7,8.0,Lajpat Nagar,28.5677,77.2433
2026-08-11 06:00:00,26.8,95,0.1,7.3,Lajpat Nagar,28.5677,77.2433
2026-08-11 07:00:00,27.5,92,0.0,7.6,Lajpat Nagar,28.5677,77.2433
2026-08-11 08:00:00,28.3,87,0.0,6.0,Lajpat Nagar,28.5677,77.2433
2026-08-11 09:00:00,29.0,85,0.0,6.1,Lajpat Nagar,28.5677,77.2433
2026-08-11 10:00:00,30.1,81,0.1,4.2,Lajpat Nagar,28.5677,77.2433
2026-08-11 11:00:00,29.6,83,0.4,4.4,Lajpat Nagar,28.5677,77.2433
2026-08-11 12:00:00,28.7,84,2.6,7.3,Lajpat Nagar,28.5677,77.2433
2026-08-11 13:00:00,28.4,90,1.7,5.5,Lajpat Nagar,28.5677,77.2433
2026-08-11 14:00:00,29.3,89,0.6,4.7,Lajpat Nagar,28.5677,77.2433
2026-08-11 15:00:00,30.6,81,0.2,5.6,Lajpat Nagar,28.5677,77.2433
2026-08-11 16:00:00,30.7,78,0.1,5.1,Lajpat Nagar,28.5677,77.2433
2026-08-11 17:00:00,30.2,79,0.2,3.7,Lajpat Nagar,28.5677,77.2433
2026-08-11 18:00:00,30.0,81,0.0,2.8,Lajpat Nagar,28.5677,77.2433
2026-08-11 19:00:00,29.2,87,0.5,2.2,Lajpat Nagar,28.5677,77.2433
2026-08-11 20:00:00,28.8,90,0.5,4.2,Lajpat Nagar,28.5677,77.2433
2026-08-11 21:00:00,28.6,91,0.1,3.0,Lajpat Nagar,28.5677,77.2433
2026-08-11 22:00:00,28.2,93,0.0,3.7,Lajpat Nagar,28.5677,77.2433
2026-08-11 23:00:00,28.5,88,0.0,4.5,Lajpat Nagar,28.5677,77.2433
2026-08-12 00:00:00,28.2,91,0.0,3.3,Lajpat Nagar,28.5677,77.2433
2026-08-12 01:00:00,28.1,92,0.0,0.5,Lajpat Nagar,28.5677,77.2433
2026-08-12 02:00:00,27.6,94,0.0,2.7,Lajpat Nagar,28.5677,77.2433
2026-08-12 03:00:00,27.3,95,0.0,3.8,Lajpat Nagar,28.5677,77.2433
2026-08-12 04:00:00,27.1,96,0.0,2.5,Lajpat Nagar,28.5677,77.2433
2026-08-12 05:00:00,27.3,97,0.0,1.9,Lajpat Nagar,28.5677,77.2433
2026-08-12 06:00:00,27.4,97,0.0,2.8,Lajpat Nagar,28.5677,77.2433
2026-08-12 07:00:00,28.5,92,0.0,3.4,Lajpat Nagar,28.5677,77.2433
2026-08-12 08:00:00,30.0,83,0.0,2.4,Lajpat Nagar,28.5677,77.2433
2026-08-12 09:00:00,31.2,74,0.1,3.4,Lajpat Nagar,28.5677,77.2433
2026-08-12 10:00:00,32.1,69,0.1,2.7,Lajpat Nagar,28.5677,77.2433
2026-08-12 11:00:00,33.0,64,0.1,4.0,Lajpat Nagar,28.5677,77.2433
2026-08-12 12:00:00,33.4,63,0.1,3.1,Lajpat Nagar,28.5677,77.2433
2026-08-12 13:00:00,34.0,60,0.1,1.8,Lajpat Nagar,28.5677,77.2433
2026-08-12 14:00:00,34.3,60,0.1,0.6,Lajpat Nagar,28.5677,77.2433
2026-08-12 15:00:00,34.4,59,0.0,1.0,Lajpat Nagar,28.5677,77.2433
2026-08-12 16:00:00,34.4,57,0.3,1.2,Lajpat Nagar,28.5677,77.2433
2026-08-12 17:00:00,34.4,60,0.0,3.0,Lajpat Nagar,28.5677,77.2433
2026-08-12 18:00:00,31.4,76,0.1,10.2,Lajpat Nagar,28.5677,77.2433
2026-08-12 19:00:00,29.5,86,0.0,9.0,Lajpat Nagar,28.5677,77.2433
2026-08-12 20:00:00,28.5,88,0.0,4.4,Lajpat Nagar,28.5677,77.2433
2026-08-12 21:00:00,28.4,91,0.0,5.8,Lajpat Nagar,28.5677,77.2433
2026-08-12 22:00:00,28.2,94,0.0,5.8,Lajpat Nagar,28.5677,77.2433
2026-08-12 23:00:00,29.7,86,0.0,4.3,Lajpat Nagar,28.5677,77.2433
2026-08-13 00:00:00,29.1,89,0.0,3.4,Lajpat Nagar,28.5677,77.2433
2026-08-13 01:00:00,28.8,89,0.0,4.1,Lajpat Nagar,28.5677,77.2433
2026-08-13 02:00:00,28.6,89,0.0,4.5,Lajpat Nagar,28.5677,77.2433
2026-08-13 03:00:00,28.4,89,0.0,5.6,Lajpat Nagar,28.5677,77.2433
2026-08-13 04:00:00,28.0,92,0.0,3.2,Lajpat Nagar,28.5677,77.2433
2026-08-13 05:00:00,26.9,96,0.0,4.7,Lajpat Nagar,28.5677,77.2433
2026-08-13 06:00:00,26.6,98,0.1,10.9,Lajpat Nagar,28.5677,77.2433
2026-08-13 07:00:00,28.0,94,0.0,7.0,Lajpat Nagar,28.5677,77.2433
2026-08-13 08:00:00,30.2,81,0.0,4.0,Lajpat Nagar,28.5677,77.2433
2026-08-13 09:00:00,31.7,76,0.0,3.2,Lajpat Nagar,28.5677,77.2433
2026-08-13 10:00:00,32.8,70,0.0,1.5,Lajpat Nagar,28.5677,77.2433
2026-08-13 11:00:00,32.1,71,0.1,2.8,Lajpat Nagar,28.5677,77.2433
2026-08-13 12:00:00,33.6,67,0.3,1.9,Lajpat Nagar,28.5677,77.2433
2026-08-13 13:00:00,31.9,71,0.3,7.8,Lajpat Nagar,28.5677,77.2433
2026-08-13 14:00:00,32.5,72,0.3,4.9,Lajpat Nagar,28.5677,77.2433
2026-08-13 15:00:00,33.6,65,0.1,4.8,Lajpat Nagar,28.5677,77.2433
2026-08-13 16:00:00,33.4,66,0.0,5.4,Lajpat Nagar,28.5677,77.2433
2026-08-13 17:00:00,30.0,89,0.7,4.5,Lajpat Nagar,28.5677,77.2433
2026-08-13 18:00:00,30.0,84,0.2,2.5,Lajpat Nagar,28.5677,77.2433
2026-08-13 19:00:00,29.7,88,0.0,2.7,Lajpat Nagar,28.5677,77.2433
2026-08-13 20:00:00,29.8,90,0.0,3.1,Lajpat Nagar,28.5677,77.2433
2026-08-13 21:00:00,29.9,89,0.0,3.0,Lajpat Nagar,28.5677,77.2433
2026-08-13 22:00:00,29.8,89,0.0,3.2,Lajpat Nagar,28.5677,77.2433
2026-08-13 23:00:00,30.3,89,0.0,2.1,Lajpat Nagar,28.5677,77.2433
2026-08-14 00:00:00,29.8,90,0.0,3.1,Lajpat Nagar,28.5677,77.2433
2026-08-14 01:00:00,29.4,90,0.0,4.1,Lajpat Nagar,28.5677,77.2433
2026-08-14 02:00:00,29.2,90,0.0,4.7,Lajpat Nagar,28.5677,77.2433
2026-08-14 03:00:00,28.9,90,0.0,4.5,Lajpat Nagar,28.5677,77.2433
2026-08-14 04:00:00,28.6,91,0.0,5.2,Lajpat Nagar,28.5677,77.2433
2026-08-14 05:00:00,27.1,97,0.0,1.9,Lajpat Nagar,28.5677,77.2433
2026-08-14 06:00:00,26.6,97,2.9,2.7,Lajpat Nagar,28.5677,77.2433
2026-08-14 07:00:00,27.2,95,0.8,3.6,Lajpat Nagar,28.5677,77.2433
2026-08-14 08:00:00,28.1,91,0.2,4.1,Lajpat Nagar,28.5677,77.2433
2026-08-14 09:00:00,28.8,87,0.2,3.7,Lajpat Nagar,28.5677,77.2433
2026-08-14 10:00:00,30.0,80,0.1,1.3,Lajpat Nagar,28.5677,77.2433
2026-08-14 11:00:00,30.6,78,0.2,2.3,Lajpat Nagar,28.5677,77.2433
2026-08-14 12:00:00,30.7,80,0.5,2.3,Lajpat Nagar,28.5677,77.2433
2026-08-14 13:00:00,30.8,80,0.3,3.0,Lajpat Nagar,28.5677,77.2433
2026-08-14 14:00:00,30.3,80,0.4,6.4,Lajpat Nagar,28.5677,77.2433
2026-08-14 15:00:00,28.4,89,2.3,2.6,Lajpat Nagar,28.5677,77.2433
2026-08-14 16:00:00,28.9,86,0.3,1.3,Lajpat Nagar,28.5677,77.2433
2026-08-14 17:00:00,29.7,81,0.0,4.2,Lajpat Nagar,28.5677,77.2433
2026-08-14 18:00:00,29.2,83,0.0,3.7,Lajpat Nagar,28.5677,77.2433
2026-08-14 19:00:00,28.7,87,0.0,3.7,Lajpat Nagar,28.5677,77.2433
2026-08-14 20:00:00,28.4,88,0.0,4.0,Lajpat Nagar,28.5677,77.2433
2026-08-14 21:00:00,28.3,89,0.0,0.9,Lajpat Nagar,28.5677,77.2433
2026-08-14 22:00:00,28.1,90,0.0,2.8,Lajpat Nagar,28.5677,77.2433
2026-08-14 23:00:00,28.2,88,0.0,2.9,Lajpat Nagar,28.5677,77.2433
2026-08-15 00:00:00,28.0,90,0.0,1.9,Lajpat Nagar,28.5677,77.2433
2026-08-15 01:00:00,27.6,92,0.0,2.0,Lajpat Nagar,28.5677,77.2433
2026-08-15 02:00:00,27.4,94,0.0,1.9,Lajpat Nagar,28.5677,77.2433
2026-08-15 03:00:00,27.1,95,0.0,2.8,Lajpat Nagar,28.5677,77.2433
2026-08-15 04:00:00,27.1,97,0.0,1.5,Lajpat Nagar,28.5677,77.2433
2026-08-15 05:00:00,26.7,95,0.0,6.0,Lajpat Nagar,28.5677,77.2433
2026-08-15 06:00:00,26.8,97,0.4,3.7,Lajpat Nagar,28.5677,77.2433
2026-08-15 07:00:00,26.9,97,0.5,3.1,Lajpat Nagar,28.5677,77.2433
2026-08-15 08:00:00,27.9,92,0.2,2.6,Lajpat Nagar,28.5677,77.2433
2026-08-15 09:00:00,28.6,87,0.0,2.3,Lajpat Nagar,28.5677,77.2433
2026-08-15 10:00:00,30.1,81,0.0,1.8,Lajpat Nagar,28.5677,77.2433
2026-08-15 11:00:00,32.3,70,0.0,6.9,Lajpat Nagar,28.5677,77.2433
2026-08-15 12:00:00,32.8,68,0.2,8.2,Lajpat Nagar,28.5677,77.2433
2026-08-15 13:00:00,30.8,76,2.2,8.2,Lajpat Nagar,28.5677,77.2433
2026-08-15 14:00:00,32.0,74,0.3,3.9,Lajpat Nagar,28.5677,77.2433
2026-08-15 15:00:00,32.7,66,0.2,7.6,Lajpat Nagar,28.5677,77.2433
2026-08-15 16:00:00,32.6,66,0.1,6.6,Lajpat Nagar,28.5677,77.2433
2026-08-15 17:00:00,31.8,73,0.0,10.4,Lajpat Nagar,28.5677,77.2433
2026-08-15 18:00:00,31.1,80,0.1,5.4,Lajpat Nagar,28.5677,77.2433
2026-08-15 19:00:00,30.5,83,0.0,4.8,Lajpat Nagar,28.5677,77.2433
2026-08-15 20:00:00,30.1,86,0.0,4.2,Lajpat Nagar,28.5677,77.2433
2026-08-15 21:00:00,29.7,88,0.0,3.7,Lajpat Nagar,28.5677,77.2433
2026-08-15 22:00:00,29.3,90,0.0,3.4,Lajpat Nagar,28.5677,77.2433
2026-08-15 23:00:00,29.3,86,0.0,8.4,Lajpat Nagar,28.5677,77.2433
2026-08-16 00:00:00,28.9,88,0.0,7.5,Lajpat Nagar,28.5677,77.2433
2026-08-16 01:00:00,28.7,89,0.0,6.5,Lajpat Nagar,28.5677,77.2433
2026-08-16 02:00:00,28.4,88,0.1,5.6,Lajpat Nagar,28.5677,77.2433
2026-08-16 03:00:00,26.5,93,2.0,6.5,Lajpat Nagar,28.5677,77.2433
2026-08-16 04:00:00,26.4,93,0.5,9.0,Lajpat Nagar,28.5677,77.2433
2026-08-16 05:00:00,27.8,88,0.0,10.1,Lajpat Nagar,28.5677,77.2433
2026-08-16 06:00:00,27.9,86,0.1,10.3,Lajpat Nagar,28.5677,77.2433
2026-08-16 07:00:00,28.6,80,0.1,11.2,Lajpat Nagar,28.5677,77.2433
2026-08-16 08:00:00,29.5,78,0.0,9.2,Lajpat Nagar,28.5677,77.2433
2026-08-16 09:00:00,30.3,75,0.0,8.2,Lajpat Nagar,28.5677,77.2433
2026-08-16 10:00:00,31.8,71,0.0,6.4,Lajpat Nagar,28.5677,77.2433
2026-08-16 11:00:00,32.6,68,0.0,6.7,Lajpat Nagar,28.5677,77.2433
2026-08-16 12:00:00,32.9,65,0.2,7.1,Lajpat Nagar,28.5677,77.2433
2026-08-16 13:00:00,33.3,65,0.1,5.4,Lajpat Nagar,28.5677,77.2433
2026-08-16 14:00:00,33.4,65,0.0,7.2,Lajpat Nagar,28.5677,77.2433
2026-08-16 15:00:00,33.4,65,0.1,10.1,Lajpat Nagar,28.5677,77.2433
2026-08-16 16:00:00,32.9,66,0.1,7.3,Lajpat Nagar,28.5677,77.2433
2026-08-16 17:00:00,32.2,72,0.0,4.4,Lajpat Nagar,28.5677,77.2433
2026-08-16 18:00:00,31.5,80,0.0,2.0,Lajpat Nagar,28.5677,77.2433
2026-08-16 19:00:00,30.4,85,0.1,5.9,Lajpat Nagar,28.5677,77.2433
2026-08-16 20:00:00,29.7,87,0.3,5.7,Lajpat Nagar,28.5677,77.2433
2026-08-16 21:00:00,29.3,87,0.1,6.0,Lajpat Nagar,28.5677,77.2433
2026-08-16 22:00:00,29.0,87,0.1,4.7,Lajpat Nagar,28.5677,77.2433
2026-08-16 23:00:00,29.4,84,0.1,6.6,Lajpat Nagar,28.5677,77.2433
2026-07-18 00:00:00,32.2,66,0.0,4.8,Karol Bagh,28.6514,77.1907
2026-07-18 01:00:00,31.5,67,0.0,3.7,Karol Bagh,28.6514,77.1907
2026-07-18 02:00:00,31.1,66,0.0,3.7,Karol Bagh,28.6514,77.1907
2026-07-18 03:00:00,31.0,64,0.0,4.3,Karol Bagh,28.6514,77.1907
2026-07-18 04:00:00,30.9,62,0.0,6.7,Karol Bagh,28.6514,77.1907
2026-07-18 05:00:00,31.3,66,0.0,10.3,Karol Bagh,28.6514,77.1907
2026-07-18 06:00:00,31.2,60,0.0,10.2,Karol Bagh,28.6514,77.1907
2026-07-18 07:00:00,32.0,56,0.0,9.8,Karol Bagh,28.6514,77.1907
2026-07-18 08:00:00,32.3,57,0.0,8.7,Karol Bagh,28.6514,77.1907
2026-07-18 09:00:00,33.1,57,0.0,9.8,Karol Bagh,28.6514,77.1907
2026-07-18 10:00:00,34.7,52,0.0,12.5,Karol Bagh,28.6514,77.1907
2026-07-18 11:00:00,35.4,49,0.0,13.9,Karol Bagh,28.6514,77.1907
2026-07-18 12:00:00,35.7,48,0.0,12.9,Karol Bagh,28.6514,77.1907
2026-07-18 13:00:00,36.2,46,0.0,11.2,Karol Bagh,28.6514,77.1907
2026-07-18 14:00:00,36.2,45,0.0,9.6,Karol Bagh,28.6514,77.1907
2026-07-18 15:00:00,36.6,43,0.0,8.9,Karol Bagh,28.6514,77.1907
2026-07-18 16:00:00,36.2,44,0.0,7.5,Karol Bagh,28.6514,77.1907
2026-07-18 17:00:00,36.6,41,0.0,4.5,Karol Bagh,28.6514,77.1907
2026-07-18 18:00:00,36.0,44,0.0,4.8,Karol Bagh,28.6514,77.1907
2026-07-18 19:00:00,34.7,48,0.0,6.5,Karol Bagh,28.6514,77.1907
2026-07-18 20:00:00,34.2,50,0.0,5.3,Karol Bagh,28.6514,77.1907
2026-07-18 21:00:00,34.3,54,0.0,3.5,Karol Bagh,28.6514,77.1907
2026-07-18 22:00:00,34.0,55,0.0,1.2,Karol Bagh,28.6514,77.1907
2026-07-18 23:00:00,34.0,58,0.0,2.3,Karol Bagh,28.6514,77.1907
2026-07-19 00:00:00,32.9,58,0.0,3.8,Karol Bagh,28.6514,77.1907
2026-07-19 01:00:00,32.3,63,0.0,2.8,Karol Bagh,28.6514,77.1907
2026-07-19 02:00:00,31.5,67,0.0,4.4,Karol Bagh,28.6514,77.1907
2026-07-19 03:00:00,31.1,69,0.0,4.5,Karol Bagh,28.6514,77.1907
2026-07-19 04:00:00,30.6,70,0.0,4.7,Karol Bagh,28.6514,77.1907
2026-07-19 05:00:00,29.9,83,0.0,2.1,Karol Bagh,28.6514,77.1907
2026-07-19 06:00:00,30.6,77,0.0,6.4,Karol Bagh,28.6514,77.1907
2026-07-19 07:00:00,31.8,70,0.0,6.1,Karol Bagh,28.6514,77.1907
2026-07-19 08:00:00,32.7,61,0.0,7.6,Karol Bagh,28.6514,77.1907
2026-07-19 09:00:00,33.2,57,0.0,6.9,Karol Bagh,28.6514,77.1907
2026-07-19 10:00:00,34.4,52,0.0,7.9,Karol Bagh,28.6514,77.1907
2026-07-19 11:00:00,35.7,47,0.0,11.0,Karol Bagh,28.6514,77.1907
2026-07-19 12:00:00,36.1,46,0.0,11.1,Karol Bagh,28.6514,77.1907
2026-07-19 13:00:00,35.7,49,0.0,8.2,Karol Bagh,28.6514,77.1907
2026-07-19 14:00:00,36.2,47,0.0,5.3,Karol Bagh,28.6514,77.1907
2026-07-19 15:00:00,35.8,49,0.0,5.0,Karol Bagh,28.6514,77.1907
2026-07-19 16:00:00,34.1,58,1.0,5.9,Karol Bagh,28.6514,77.1907
2026-07-19 17:00:00,37.1,42,0.0,5.3,Karol Bagh,28.6514,77.1907
2026-07-19 18:00:00,35.2,50,0.4,8.1,Karol Bagh,28.6514,77.1907
2026-07-19 19:00:00,32.4,72,0.1,11.0,Karol Bagh,28.6514,77.1907
2026-07-19 20:00:00,31.8,77,0.0,8.1,Karol Bagh,28.6514,77.1907
2026-07-19 21:00:00,31.6,77,0.1,5.5,Karol Bagh,28.6514,77.1907
2026-07-19 22:00:00,31.0,80,0.6,5.8,Karol Bagh,28.6514,77.1907
2026-07-19 23:00:00,31.8,76,0.6,8.7,Karol Bagh,28.6514,77.1907
2026-07-20 00:00:00,30.4,83,0.0,6.8,Karol Bagh,28.6514,77.1907
2026-07-20 01:00:00,29.1,88,0.0,9.0,Karol Bagh,28.6514,77.1907
2026-07-20 02:00:00,28.4,88,0.0,7.0,Karol Bagh,28.6514,77.1907
2026-07-20 03:00:00,28.6,87,0.0,2.8,Karol Bagh,28.6514,77.1907
2026-07-20 04:00:00,27.2,93,3.8,10.4,Karol Bagh,28.6514,77.1907
2026-07-20 05:00:00,28.8,81,1.1,8.5,Karol Bagh,28.6514,77.1907
2026-07-20 06:00:00,28.9,83,0.1,6.6,Karol Bagh,28.6514,77.1907
2026-07-20 07:00:00,27.9,87,1.2,3.5,Karol Bagh,28.6514,77.1907
2026-07-20 08:00:00,27.4,94,5.8,3.9,Karol Bagh,28.6514,77.1907
2026-07-20 09:00:00,28.9,89,0.6,5.0,Karol Bagh,28.6514,77.1907
2026-07-20 10:00:00,29.5,86,0.7,1.8,Karol Bagh,28.6514,77.1907
2026-07-20 11:00:00,32.2,67,0.3,5.6,Karol Bagh,28.6514,77.1907
2026-07-20 12:00:00,30.7,75,2.0,6.7,Karol Bagh,28.6514,77.1907
2026-07-20 13:00:00,29.7,82,6.0,11.2,Karol Bagh,28.6514,77.1907
2026-07-20 14:00:00,29.9,81,0.4,8.6,Karol Bagh,28.6514,77.1907
2026-07-20 15:00:00,30.8,78,0.2,4.5,Karol Bagh,28.6514,77.1907
2026-07-20 16:00:00,31.0,77,0.0,3.8,Karol Bagh,28.6514,77.1907
2026-07-20 17:00:00,29.5,81,0.0,4.1,Karol Bagh,28.6514,77.1907
2026-07-20 18:00:00,27.5,92,6.3,3.8,Karol Bagh,28.6514,77.1907
2026-07-20 19:00:00,27.4,94,2.9,2.6,Karol Bagh,28.6514,77.1907
2026-07-20 20:00:00,27.6,94,1.0,1.7,Karol Bagh,28.6514,77.1907
2026-07-20 21:00:00,27.7,95,0.5,1.5,Karol Bagh,28.6514,77.1907
2026-07-20 22:00:00,27.6,94,0.1,1.8,Karol Bagh,28.6514,77.1907
2026-07-20 23:00:00,26.6,96,0.0,1.4,Karol Bagh,28.6514,77.1907
2026-07-21 00:00:00,26.8,96,0.2,3.1,Karol Bagh,28.6514,77.1907
2026-07-21 01:00:00,26.7,95,0.9,6.2,Karol Bagh,28.6514,77.1907
2026-07-21 02:00:00,26.5,95,0.3,7.2,Karol Bagh,28.6514,77.1907
2026-07-21 03:00:00,26.3,94,0.1,7.9,Karol Bagh,28.6514,77.1907
2026-07-21 04:00:00,26.2,92,0.1,6.1,Karol Bagh,28.6514,77.1907
2026-07-21 05:00:00,26.5,92,0.5,4.4,Karol Bagh,28.6514,77.1907
2026-07-21 06:00:00,26.0,93,3.7,6.2,Karol Bagh,28.6514,77.1907
2026-07-21 07:00:00,26.0,94,1.0,9.7,Karol Bagh,28.6514,77.1907
2026-07-21 08:00:00,26.6,91,0.2,9.9,Karol Bagh,28.6514,77.1907
2026-07-21 09:00:00,27.3,87,0.1,8.8,Karol Bagh,28.6514,77.1907
2026-07-21 10:00:00,28.3,82,0.2,9.4,Karol Bagh,28.6514,77.1907
2026-07-21 11:00:00,26.8,94,0.1,10.5,Karol Bagh,28.6514,77.1907
2026-07-21 12:00:00,28.0,92,0.9,6.9,Karol Bagh,28.6514,77.1907
2026-07-21 13:00:00,29.9,82,0.5,6.5,Karol Bagh,28.6514,77.1907
2026-07-21 14:00:00,28.7,84,1.5,7.9,Karol Bagh,28.6514,77.1907
2026-07-21 15:00:00,28.2,87,1.5,9.7,Karol Bagh,28.6514,77.1907
2026-07-21 16:00:00,28.8,85,0.6,5.8,Karol Bagh,28.6514,77.1907
2026-07-21 17:00:00,29.7,80,0.1,8.6,Karol Bagh,28.6514,77.1907
2026-07-21 18:00:00,29.3,79,0.3,6.0,Karol Bagh,28.6514,77.1907
2026-07-21 19:00:00,28.6,85,0.2,4.1,Karol Bagh,28.6514,77.1907
2026-07-21 20:00:00,28.5,85,0.0,6.9,Karol Bagh,28.6514,77.1907
2026-07-21 21:00:00,28.2,86,0.1,7.5,Karol Bagh,28.6514,77.1907
2026-07-21 22:00:00,27.9,87,0.0,9.7,Karol Bagh,28.6514,77.1907
2026-07-21 23:00:00,27.1,93,0.1,11.4,Karol Bagh,28.6514,77.1907
2026-07-22 00:00:00,26.8,93,0.1,10.6,Karol Bagh,28.6514,77.1907
2026-07-22 01:00:00,26.6,93,0.1,8.9,Karol Bagh,28.6514,77.1907
2026-07-22 02:00:00,26.6,94,0.0,8.0,Karol Bagh,28.6514,77.1907
2026-07-22 03:00:00,26.0,95,1.3,10.8,Karol Bagh,28.6514,77.1907
2026-07-22 04:00:00,25.8,95,0.5,10.6,Karol Bagh,28.6514,77.1907
2026-07-22 05:00:00,26.1,96,0.6,11.3,Karol Bagh,28.6514,77.1907
2026-07-22 06:00:00,26.1,96,0.8,12.3,Karol Bagh,28.6514,77.1907
2026-07-22 07:00:00,26.6,91,0.4,13.2,Karol Bagh,28.6514,77.1907
2026-07-22 08:00:00,27.1,84,0.9,15.4,Karol Bagh,28.6514,77.1907
2026-07-22 09:00:00,28.8,78,0.3,13.8,Karol Bagh,28.6514,77.1907
2026-07-22 10:00:00,30.2,70,0.3,13.6,Karol Bagh,28.6514,77.1907
2026-07-22 11:00:00,30.7,67,0.3,14.3,Karol Bagh,28.6514,77.1907
2026-07-22 12:00:00,31.6,64,0.2,14.4,Karol Bagh,28.6514,77.1907
2026-07-22 13:00:00,31.8,67,0.0,11.4,Karol Bagh,28.6514,77.1907
2026-07-22 14:00:00,32.0,66,0.2,10.7,Karol Bagh,28.6514,77.1907
2026-07-22 15:00:00,32.0,67,0.1,10.7,Karol Bagh,28.6514,77.1907
2026-07-22 16:00:00,31.7,66,0.5,9.1,Karol Bagh,28.6514,77.1907
2026-07-22 17:00:00,28.3,87,0.2,6.0,Karol Bagh,28.6514,77.1907
2026-07-22 18:00:00,28.9,86,0.0,3.9,Karol Bagh,28.6514,77.1907
2026-07-22 19:00:00,28.8,88,0.0,4.4,Karol Bagh,28.6514,77.1907
2026-07-22 20:00:00,29.0,88,0.0,6.9,Karol Bagh,28.6514,77.1907
2026-07-22 21:00:00,29.0,86,0.0,8.9,Karol Bagh,28.6514,77.1907
2026-07-22 22:00:00,28.9,82,0.1,8.9,Karol Bagh,28.6514,77.1907
2026-07-22 23:00:00,28.4,84,0.0,9.6,Karol Bagh,28.6514,77.1907
2026-07-23 00:00:00,28.3,83,0.0,11.0,Karol Bagh,28.6514,77.1907
2026-07-23 01:00:00,28.1,83,0.0,11.3,Karol Bagh,28.6514,77.1907
2026-07-23 02:00:00,27.8,84,0.0,11.4,Karol Bagh,28.6514,77.1907
2026-07-23 03:00:00,27.5,85,0.0,10.2,Karol Bagh,28.6514,77.1907
2026-07-23 04:00:00,27.3,85,0.0,10.0,Karol Bagh,28.6514,77.1907
2026-07-23 05:00:00,26.8,92,0.0,8.9,Karol Bagh,28.6514,77.1907
2026-07-23 06:00:00,26.4,94,0.9,9.3,Karol Bagh,28.6514,77.1907
2026-07-23 07:00:00,26.6,89,0.5,11.8,Karol Bagh,28.6514,77.1907
2026-07-23 08:00:00,28.1,82,0.3,10.8,Karol Bagh,28.6514,77.1907
2026-07-23 09:00:00,28.8,80,0.4,9.6,Karol Bagh,28.6514,77.1907
2026-07-23 10:00:00,30.5,72,0.1,12.1,Karol Bagh,28.6514,77.1907
2026-07-23 11:00:00,31.4,66,0.0,14.1,Karol Bagh,28.6514,77.1907
2026-07-23 12:00:00,31.8,64,0.1,14.0,Karol Bagh,28.6514,77.1907
2026-07-23 13:00:00,32.2,62,0.2,13.8,Karol Bagh,28.6514,77.1907
2026-07-23 14:00:00,32.6,62,0.1,12.5,Karol Bagh,28.6514,77.1907
2026-07-23 15:00:00,30.7,71,0.9,14.1,Karol Bagh,28.6514,77.1907
2026-07-23 16:00:00,30.4,75,0.7,4.5,Karol Bagh,28.6514,77.1907
2026-07-23 17:00:00,31.7,65,0.2,12.1,Karol Bagh,28.6514,77.1907
2026-07-23 18:00:00,30.7,70,0.2,10.1,Karol Bagh,28.6514,77.1907
2026-07-23 19:00:00,30.2,73,0.2,6.9,Karol Bagh,28.6514,77.1907
2026-07-23 20:00:00,28.8,81,1.0,4.9,Karol Bagh,28.6514,77.1907
2026-07-23 21:00:00,26.4,93,3.6,9.2,Karol Bagh,28.6514,77.1907
2026-07-23 22:00:00,26.6,93,0.4,11.6,Karol Bagh,28.6514,77.1907
2026-07-23 23:00:00,27.7,87,0.0,12.0,Karol Bagh,28.6514,77.1907
2026-07-24 00:00:00,27.3,87,0.0,10.3,Karol Bagh,28.6514,77.1907
2026-07-24 01:00:00,27.1,88,0.0,10.1,Karol Bagh,28.6514,77.1907
2026-07-24 02:00:00,27.0,89,0.0,8.8,Karol Bagh,28.6514,77.1907
2026-07-24 03:00:00,26.8,90,0.0,9.0,Karol Bagh,28.6514,77.1907
2026-07-24 04:00:00,26.7,90,0.0,9.6,Karol Bagh,28.6514,77.1907
2026-07-24 05:00:00,25.8,94,0.1,8.9,Karol Bagh,28.6514,77.1907
2026-07-24 06:00:00,25.9,94,0.2,11.4,Karol Bagh,28.6514,77.1907
2026-07-24 07:00:00,26.9,90,0.0,9.9,Karol Bagh,28.6514,77.1907
2026-07-24 08:00:00,28.4,82,0.0,14.2,Karol Bagh,28.6514,77.1907
2026-07-24 09:00:00,29.6,76,0.0,13.2,Karol Bagh,28.6514,77.1907
2026-07-24 10:00:00,30.5,71,0.2,12.7,Karol Bagh,28.6514,77.1907
2026-07-24 11:00:00,30.5,74,0.1,13.0,Karol Bagh,28.6514,77.1907
2026-07-24 12:00:00,31.3,71,0.7,12.9,Karol Bagh,28.6514,77.1907
2026-07-24 13:00:00,29.7,76,1.8,13.0,Karol Bagh,28.6514,77.1907
2026-07-24 14:00:00,29.0,81,4.0,8.9,Karol Bagh,28.6514,77.1907
2026-07-24 15:00:00,29.4,81,1.9,6.3,Karol Bagh,28.6514,77.1907
2026-07-24 16:00:00,30.5,75,0.1,7.3,Karol Bagh,28.6514,77.1907
2026-07-24 17:00:00,30.2,81,0.1,5.5,Karol Bagh,28.6514,77.1907
2026-07-24 18:00:00,30.2,82,0.0,7.4,Karol Bagh,28.6514,77.1907
2026-07-24 19:00:00,29.8,83,0.0,8.4,Karol Bagh,28.6514,77.1907
2026-07-24 20:00:00,29.7,83,0.0,9.0,Karol Bagh,28.6514,77.1907
2026-07-24 21:00:00,29.2,82,0.0,10.7,Karol Bagh,28.6514,77.1907
2026-07-24 22:00:00,28.8,83,0.0,10.3,Karol Bagh,28.6514,77.1907
2026-07-24 23:00:00,28.5,85,0.0,11.8,Karol Bagh,28.6514,77.1907
2026-07-25 00:00:00,28.4,84,0.0,12.1,Karol Bagh,28.6514,77.1907
2026-07-25 01:00:00,28.2,82,0.0,11.3,Karol Bagh,28.6514,77.1907
2026-07-25 02:00:00,27.9,84,0.1,10.6,Karol Bagh,28.6514,77.1907
2026-07-25 03:00:00,27.7,87,0.1,9.9,Karol Bagh,28.6514,77.1907
2026-07-25 04:00:00,27.6,87,0.0,9.7,Karol Bagh,28.6514,77.1907
2026-07-25 05:00:00,27.3,90,0.1,8.9,Karol Bagh,28.6514,77.1907
2026-07-25 06:00:00,27.6,89,0.0,7.5,Karol Bagh,28.6514,77.1907
2026-07-25 07:00:00,28.4,86,0.0,6.9,Karol Bagh,28.6514,77.1907
2026-07-25 08:00:00,28.6,80,0.6,12.0,Karol Bagh,28.6514,77.1907
2026-07-25 09:00:00,29.7,75,0.2,10.0,Karol Bagh,28.6514,77.1907
2026-07-25 10:00:00,30.4,75,0.4,10.4,Karol Bagh,28.6514,77.1907
2026-07-25 11:00:00,31.6,66,0.2,11.6,Karol Bagh,28.6514,77.1907
2026-07-25 12:00:00,31.9,65,0.1,12.3,Karol Bagh,28.6514,77.1907
2026-07-25 13:00:00,32.4,63,0.1,10.8,Karol Bagh,28.6514,77.1907
2026-07-25 14:00:00,32.8,60,0.2,12.0,Karol Bagh,28.6514,77.1907
2026-07-25 15:00:00,32.6,62,0.2,11.4,Karol Bagh,28.6514,77.1907
2026-07-25 16:00:00,31.7,66,0.1,11.2,Karol Bagh,28.6514,77.1907
2026-07-25 17:00:00,30.8,78,0.1,8.2,Karol Bagh,28.6514,77.1907
2026-07-25 18:00:00,29.9,79,0.0,10.5,Karol Bagh,28.6514,77.1907
2026-07-25 19:00:00,29.1,83,0.0,8.0,Karol Bagh,28.6514,77.1907
2026-07-25 20:00:00,28.7,85,0.0,9.4,Karol Bagh,28.6514,77.1907
2026-07-25 21:00:00,28.2,88,0.0,8.1,Karol Bagh,28.6514,77.1907
2026-07-25 22:00:00,27.9,88,0.0,8.0,Karol Bagh,28.6514,77.1907
2026-07-25 23:00:00,27.5,92,0.0,8.8,Karol Bagh,28.6514,77.1907
2026-07-26 00:00:00,27.5,93,0.1,9.8,Karol Bagh,28.6514,77.1907
2026-07-26 01:00:00,27.6,94,0.0,8.1,Karol Bagh,28.6514,77.1907
2026-07-26 02:00:00,27.6,94,0.0,7.5,Karol Bagh,28.6514,77.1907
2026-07-26 03:00:00,27.5,94,0.0,6.6,Karol Bagh,28.6514,77.1907
2026-07-26 04:00:00,27.4,94,0.0,5.9,Karol Bagh,28.6514,77.1907
2026-07-26 05:00:00,28.3,95,0.0,4.2,Karol Bagh,28.6514,77.1907
2026-07-26 06:00:00,27.8,95,0.6,5.8,Karol Bagh,28.6514,77.1907
2026-07-26 07:00:00,28.3,89,0.3,3.1,Karol Bagh,28.6514,77.1907
2026-07-26 08:00:00,29.7,81,0.3,2.4,Karol Bagh,28.6514,77.1907
2026-07-26 09:00:00,30.9,75,0.0,2.6,Karol Bagh,28.6514,77.1907
2026-07-26 10:00:00,31.8,71,0.1,3.3,Karol Bagh,28.6514,77.1907
2026-07-26 11:00:00,32.4,65,0.0,3.3,Karol Bagh,28.6514,77.1907
2026-07-26 12:00:00,33.3,61,0.2,2.9,Karol Bagh,28.6514,77.1907
2026-07-26 13:00:00,33.9,60,0.3,3.7,Karol Bagh,28.6514,77.1907
2026-07-26 14:00:00,34.0,60,0.2,3.7,Karol Bagh,28.6514,77.1907
2026-07-26 15:00:00,34.1,59,0.2,3.8,Karol Bagh,28.6514,77.1907
2026-07-26 16:00:00,33.9,59,0.1,3.6,Karol Bagh,28.6514,77.1907
2026-07-26 17:00:00,33.2,66,0.1,4.2,Karol Bagh,28.6514,77.1907
2026-07-26 18:00:00,32.5,71,0.0,4.1,Karol Bagh,28.6514,77.1907
2026-07-26 19:00:00,31.7,78,0.0,2.8,Karol Bagh,28.6514,77.1907
2026-07-26 20:00:00,31.7,78,0.0,0.4,Karol Bagh,28.6514,77.1907
2026-07-26 21:00:00,31.5,81,0.0,0.2,Karol Bagh,28.6514,77.1907
2026-07-26 22:00:00,31.3,81,0.0,1.2,Karol Bagh,28.6514,77.1907
2026-07-26 23:00:00,31.1,84,0.0,1.2,Karol Bagh,28.6514,77.1907
2026-07-27 00:00:00,30.6,85,0.0,1.9,Karol Bagh,28.6514,77.1907
2026-07-27 01:00:00,30.3,86,0.0,0.8,Karol Bagh,28.6514,77.1907
2026-07-27 02:00:00,30.0,88,0.0,2.1,Karol Bagh,28.6514,77.1907
2026-07-27 03:00:00,29.8,87,0.0,1.7,Karol Bagh,28.6514,77.1907
2026-07-27 04:00:00,29.6,86,0.0,2.0,Karol Bagh,28.6514,77.1907
2026-07-27 05:00:00,29.7,87,0.0,1.3,Karol Bagh,28.6514,77.1907
2026-07-27 06:00:00,29.7,86,0.0,1.5,Karol Bagh,28.6514,77.1907
2026-07-27 07:00:00,30.5,82,0.0,0.9,Karol Bagh,28.6514,77.1907
2026-07-27 08:00:00,31.6,75,0.0,1.5,Karol Bagh,28.6514,77.1907
2026-07-27 09:00:00,32.8,67,0.0,2.1,Karol Bagh,28.6514,77.1907
2026-07-27 10:00:00,33.6,62,0.2,1.9,Karol Bagh,28.6514,77.1907
2026-07-27 11:00:00,34.7,51,0.1,1.7,Karol Bagh,28.6514,77.1907
2026-07-27 12:00:00,35.6,49,0.0,3.5,Karol Bagh,28.6514,77.1907
2026-07-27 13:00:00,35.6,52,0.0,4.8,Karol Bagh,28.6514,77.1907
2026-07-27 14:00:00,35.3,53,0.0,6.2,Karol Bagh,28.6514,77.1907
2026-07-27 15:00:00,33.9,57,0.8,4.8,Karol Bagh,28.6514,77.1907
2026-07-27 16:00:00,34.1,56,0.1,2.4,Karol Bagh,28.6514,77.1907
2026-07-27 17:00:00,32.9,65,0.0,2.2,Karol Bagh,28.6514,77.1907
2026-07-27 18:00:00,32.3,72,0.0,0.7,Karol Bagh,28.6514,77.1907
2026-07-27 19:00:00,32.1,72,0.0,2.4,Karol Bagh,28.6514,77.1907
2026-07-27 20:00:00,31.6,73,0.0,5.3,Karol Bagh,28.6514,77.1907
2026-07-27 21:00:00,30.4,80,0.0,8.8,Karol Bagh,28.6514,77.1907
2026-07-27 22:00:00,29.6,82,0.0,11.2,Karol Bagh,28.6514,77.1907
2026-07-27 23:00:00,30.2,85,0.1,9.3,Karol Bagh,28.6514,77.1907
2026-07-28 00:00:00,29.0,86,0.5,13.3,Karol Bagh,28.6514,77.1907
2026-07-28 01:00:00,27.8,90,0.2,7.8,Karol Bagh,28.6514,77.1907
2026-07-28 02:00:00,27.4,93,0.4,9.6,Karol Bagh,28.6514,77.1907
2026-07-28 03:00:00,26.6,95,0.2,7.9,Karol Bagh,28.6514,77.1907
2026-07-28 04:00:00,26.3,96,0.2,8.7,Karol Bagh,28.6514,77.1907
2026-07-28 05:00:00,28.7,91,0.1,8.3,Karol Bagh,28.6514,77.1907
2026-07-28 06:00:00,28.6,92,0.0,7.8,Karol Bagh,28.6514,77.1907
2026-07-28 07:00:00,29.0,91,0.2,8.3,Karol Bagh,28.6514,77.1907
2026-07-28 08:00:00,28.9,85,0.6,12.1,Karol Bagh,28.6514,77.1907
2026-07-28 09:00:00,28.6,86,0.5,5.9,Karol Bagh,28.6514,77.1907
2026-07-28 10:00:00,27.3,93,3.1,11.6,Karol Bagh,28.6514,77.1907
2026-07-28 11:00:00,27.3,94,1.2,9.2,Karol Bagh,28.6514,77.1907
2026-07-28 12:00:00,27.1,95,4.9,9.8,Karol Bagh,28.6514,77.1907
2026-07-28 13:00:00,27.1,94,2.4,7.5,Karol Bagh,28.6514,77.1907
2026-07-28 14:00:00,27.2,94,1.9,4.3,Karol Bagh,28.6514,77.1907
2026-07-28 15:00:00,27.7,88,0.5,5.1,Karol Bagh,28.6514,77.1907
2026-07-28 16:00:00,27.6,87,0.3,3.8,Karol Bagh,28.6514,77.1907
2026-07-28 17:00:00,30.8,73,0.0,2.4,Karol Bagh,28.6514,77.1907
2026-07-28 18:00:00,30.2,77,0.0,2.4,Karol Bagh,28.6514,77.1907
2026-07-28 19:00:00,29.5,83,0.0,2.3,Karol Bagh,28.6514,77.1907
2026-07-28 20:00:00,29.0,84,0.0,3.4,Karol Bagh,28.6514,77.1907
2026-07-28 21:00:00,28.7,86,0.0,4.9,Karol Bagh,28.6514,77.1907
2026-07-28 22:00:00,28.2,87,0.1,6.0,Karol Bagh,28.6514,77.1907
2026-07-28 23:00:00,27.9,89,0.5,1.9,Karol Bagh,28.6514,77.1907
2026-07-29 00:00:00,27.7,91,0.1,1.8,Karol Bagh,28.6514,77.1907
2026-07-29 01:00:00,27.4,94,0.6,3.1,Karol Bagh,28.6514,77.1907
2026-07-29 02:00:00,26.9,97,0.7,5.9,Karol Bagh,28.6514,77.1907
2026-07-29 03:00:00,26.6,97,0.3,4.4,Karol Bagh,28.6514,77.1907
2026-07-29 04:00:00,26.7,97,0.0,1.9,Karol Bagh,28.6514,77.1907
2026-07-29 05:00:00,26.8,97,0.0,1.3,Karol Bagh,28.6514,77.1907
2026-07-29 06:00:00,26.5,97,2.5,1.8,Karol Bagh,28.6514,77.1907
2026-07-29 07:00:00,26.5,97,2.3,4.0,Karol Bagh,28.6514,77.1907
2026-07-29 08:00:00,26.8,96,1.8,3.0,Karol Bagh,28.6514,77.1907
2026-07-29 09:00:00,28.1,87,1.0,2.0,Karol Bagh,28.6514,77.1907
2026-07-29 10:00:00,29.1,82,0.2,3.1,Karol Bagh,28.6514,77.1907
2026-07-29 11:00:00,31.0,74,0.1,2.0,Karol Bagh,28.6514,77.1907
2026-07-29 12:00:00,31.9,71,0.1,0.2,Karol Bagh,28.6514,77.1907
2026-07-29 13:00:00,32.1,69,0.1,0.9,Karol Bagh,28.6514,77.1907
2026-07-29 14:00:00,32.6,68,0.0,2.7,Karol Bagh,28.6514,77.1907
2026-07-29 15:00:00,32.9,65,0.1,1.5,Karol Bagh,28.6514,77.1907
2026-07-29 16:00:00,32.3,66,0.1,1.9,Karol Bagh,28.6514,77.1907
2026-07-29 17:00:00,33.3,62,0.0,3.8,Karol Bagh,28.6514,77.1907
2026-07-29 18:00:00,32.5,69,0.0,3.5,Karol Bagh,28.6514,77.1907
2026-07-29 19:00:00,31.4,77,0.0,3.4,Karol Bagh,28.6514,77.1907
2026-07-29 20:00:00,30.8,80,0.0,4.3,Karol Bagh,28.6514,77.1907
2026-07-29 21:00:00,30.2,83,0.0,4.6,Karol Bagh,28.6514,77.1907
2026-07-29 22:00:00,29.7,85,0.0,3.6,Karol Bagh,28.6514,77.1907
2026-07-29 23:00:00,30.1,84,0.0,6.8,Karol Bagh,28.6514,77.1907
2026-07-30 00:00:00,29.4,87,0.0,8.5,Karol Bagh,28.6514,77.1907
2026-07-30 01:00:00,26.9,92,0.9,9.6,Karol Bagh,28.6514,77.1907
2026-07-30 02:00:00,25.6,99,2.5,6.0,Karol Bagh,28.6514,77.1907
2026-07-30 03:00:00,26.1,98,0.3,1.0,Karol Bagh,28.6514,77.1907
2026-07-30 04:00:00,26.3,98,0.1,2.7,Karol Bagh,28.6514,77.1907
2026-07-30 05:00:00,28.5,92,0.0,2.8,Karol Bagh,28.6514,77.1907
2026-07-30 06:00:00,28.5,93,1.3,2.4,Karol Bagh,28.6514,77.1907
2026-07-30 07:00:00,28.8,87,1.0,9.9,Karol Bagh,28.6514,77.1907
2026-07-30 08:00:00,29.5,85,0.9,7.2,Karol Bagh,28.6514,77.1907
2026-07-30 09:00:00,30.8,76,0.2,6.4,Karol Bagh,28.6514,77.1907
2026-07-30 10:00:00,32.0,70,0.0,7.2,Karol Bagh,28.6514,77.1907
2026-07-30 11:00:00,32.8,63,0.0,4.8,Karol Bagh,28.6514,77.1907
2026-07-30 12:00:00,33.2,61,0.1,6.7,Karol Bagh,28.6514,77.1907
2026-07-30 13:00:00,32.5,64,0.7,7.6,Karol Bagh,28.6514,77.1907
2026-07-30 14:00:00,33.1,63,0.3,3.9,Karol Bagh,28.6514,77.1907
2026-07-30 15:00:00,33.5,60,0.1,4.3,Karol Bagh,28.6514,77.1907
2026-07-30 16:00:00,33.4,60,0.1,6.0,Karol Bagh,28.6514,77.1907
2026-07-30 17:00:00,32.3,69,0.0,11.6,Karol Bagh,28.6514,77.1907
2026-07-30 18:00:00,29.3,81,0.0,13.0,Karol Bagh,28.6514,77.1907
2026-07-30 19:00:00,28.8,85,0.0,6.9,Karol Bagh,28.6514,77.1907
2026-07-30 20:00:00,28.7,88,0.0,6.8,Karol Bagh,28.6514,77.1907
2026-07-30 21:00:00,28.5,89,0.0,7.5,Karol Bagh,28.6514,77.1907
2026-07-30 22:00:00,28.4,90,0.0,7.9,Karol Bagh,28.6514,77.1907
2026-07-30 23:00:00,29.1,88,0.0,10.9,Karol Bagh,28.6514,77.1907
2026-07-31 00:00:00,28.8,89,0.0,10.2,Karol Bagh,28.6514,77.1907
2026-07-31 01:00:00,28.7,89,0.0,9.9,Karol Bagh,28.6514,77.1907
2026-07-31 02:00:00,28.5,88,0.0,9.6,Karol Bagh,28.6514,77.1907
2026-07-31 03:00:00,28.3,87,0.0,9.4,Karol Bagh,28.6514,77.1907
2026-07-31 04:00:00,28.1,86,0.0,10.3,Karol Bagh,28.6514,77.1907
2026-07-31 05:00:00,28.3,82,0.0,11.5,Karol Bagh,28.6514,77.1907
2026-07-31 06:00:00,28.1,84,0.0,10.0,Karol Bagh,28.6514,77.1907
2026-07-31 07:00:00,28.7,81,0.0,9.9,Karol Bagh,28.6514,77.1907
2026-07-31 08:00:00,29.1,78,0.1,13.1,Karol Bagh,28.6514,77.1907
2026-07-31 09:00:00,29.6,76,0.2,13.2,Karol Bagh,28.6514,77.1907
2026-07-31 10:00:00,30.1,73,0.2,13.4,Karol Bagh,28.6514,77.1907
2026-07-31 11:00:00,30.6,72,0.4,11.3,Karol Bagh,28.6514,77.1907
2026-07-31 12:00:00,31.4,67,0.1,13.2,Karol Bagh,28.6514,77.1907
2026-07-31 13:00:00,31.9,65,0.1,12.3,Karol Bagh,28.6514,77.1907
2026-07-31 14:00:00,32.6,64,0.2,11.0,Karol Bagh,28.6514,77.1907
2026-07-31 15:00:00,32.7,63,0.3,11.6,Karol Bagh,28.6514,77.1907
2026-07-31 16:00:00,31.8,68,0.5,10.1,Karol Bagh,28.6514,77.1907
2026-07-31 17:00:00,31.6,70,1.1,7.2,Karol Bagh,28.6514,77.1907
2026-07-31 18:00:00,31.2,72,0.0,7.3,Karol Bagh,28.6514,77.1907
2026-07-31 19:00:00,30.4,77,0.0,7.7,Karol Bagh,28.6514,77.1907
2026-07-31 20:00:00,30.0,80,0.0,8.3,Karol Bagh,28.6514,77.1907
2026-07-31 21:00:00,29.6,81,0.3,10.9,Karol Bagh,28.6514,77.1907
2026-07-31 22:00:00,29.2,84,0.0,10.6,Karol Bagh,28.6514,77.1907
2026-07-31 23:00:00,28.5,85,0.0,9.4,Karol Bagh,28.6514,77.1907
2026-08-01 00:00:00,28.5,86,0.0,9.8,Karol Bagh,28.6514,77.1907
2026-08-01 01:00:00,27.3,93,1.3,8.6,Karol Bagh,28.6514,77.1907
2026-08-01 02:00:00,27.5,90,0.0,10.6,Karol Bagh,28.6514,77.1907
2026-08-01 03:00:00,27.4,89,0.0,10.2,Karol Bagh,28.6514,77.1907
2026-08-01 04:00:00,27.4,89,0.0,9.4,Karol Bagh,28.6514,77.1907
2026-08-01 05:00:00,27.1,92,0.1,9.9,Karol Bagh,28.6514,77.1907
2026-08-01 06:00:00,27.3,91,0.0,11.0,Karol Bagh,28.6514,77.1907
2026-08-01 07:00:00,27.4,87,0.1,11.7,Karol Bagh,28.6514,77.1907
2026-08-01 08:00:00,28.2,83,0.0,12.8,Karol Bagh,28.6514,77.1907
2026-08-01 09:00:00,29.7,76,0.0,11.1,Karol Bagh,28.6514,77.1907
2026-08-01 10:00:00,31.0,69,0.1,11.4,Karol Bagh,28.6514,77.1907
2026-08-01 11:00:00,32.1,65,0.2,10.8,Karol Bagh,28.6514,77.1907
2026-08-01 12:00:00,32.7,65,0.1,10.8,Karol Bagh,28.6514,77.1907
2026-08-01 13:00:00,33.2,63,0.2,11.8,Karol Bagh,28.6514,77.1907
2026-08-01 14:00:00,31.6,68,0.7,10.5,Karol Bagh,28.6514,77.1907
2026-08-01 15:00:00,31.2,74,0.4,8.6,Karol Bagh,28.6514,77.1907
2026-08-01 16:00:00,31.6,72,0.1,8.3,Karol Bagh,28.6514,77.1907
2026-08-01 17:00:00,30.8,77,0.5,9.9,Karol Bagh,28.6514,77.1907
2026-08-01 18:00:00,30.7,77,0.0,6.7,Karol Bagh,28.6514,77.1907
2026-08-01 19:00:00,30.2,81,0.0,5.9,Karol Bagh,28.6514,77.1907
2026-08-01 20:00:00,29.9,83,0.0,6.3,Karol Bagh,28.6514,77.1907
2026-08-01 21:00:00,29.6,85,0.0,8.1,Karol Bagh,28.6514,77.1907
2026-08-01 22:00:00,29.4,86,0.0,9.5,Karol Bagh,28.6514,77.1907
2026-08-01 23:00:00,27.2,89,0.0,11.4,Karol Bagh,28.6514,77.1907
2026-08-02 00:00:00,27.1,88,0.2,11.0,Karol Bagh,28.6514,77.1907
2026-08-02 01:00:00,27.1,90,0.3,8.0,Karol Bagh,28.6514,77.1907
2026-08-02 02:00:00,27.1,92,0.2,6.6,Karol Bagh,28.6514,77.1907
2026-08-02 03:00:00,27.0,93,0.0,6.0,Karol Bagh,28.6514,77.1907
2026-08-02 04:00:00,27.0,93,0.0,6.6,Karol Bagh,28.6514,77.1907
2026-08-02 05:00:00,27.4,96,0.0,7.9,Karol Bagh,28.6514,77.1907
2026-08-02 06:00:00,26.9,95,0.1,11.8,Karol Bagh,28.6514,77.1907
2026-08-02 07:00:00,27.3,93,0.2,7.5,Karol Bagh,28.6514,77.1907
2026-08-02 08:00:00,28.9,84,0.1,8.3,Karol Bagh,28.6514,77.1907
2026-08-02 09:00:00,30.6,76,0.0,8.3,Karol Bagh,28.6514,77.1907
2026-08-02 10:00:00,32.2,67,0.1,8.3,Karol Bagh,28.6514,77.1907
2026-08-02 11:00:00,33.8,57,0.1,8.6,Karol Bagh,28.6514,77.1907
2026-08-02 12:00:00,34.1,56,0.3,7.5,Karol Bagh,28.6514,77.1907
2026-08-02 13:00:00,33.3,60,0.7,10.1,Karol Bagh,28.6514,77.1907
2026-08-02 14:00:00,33.2,61,1.0,9.1,Karol Bagh,28.6514,77.1907
2026-08-02 15:00:00,33.3,63,0.1,7.0,Karol Bagh,28.6514,77.1907
2026-08-02 16:00:00,33.2,63,0.2,7.9,Karol Bagh,28.6514,77.1907
2026-08-02 17:00:00,28.9,83,0.2,7.1,Karol Bagh,28.6514,77.1907
2026-08-02 18:00:00,28.4,86,0.2,9.4,Karol Bagh,28.6514,77.1907
2026-08-02 19:00:00,27.3,94,2.2,4.3,Karol Bagh,28.6514,77.1907
2026-08-02 20:00:00,27.6,96,0.5,5.2,Karol Bagh,28.6514,77.1907
2026-08-02 21:00:00,27.9,96,0.1,4.9,Karol Bagh,28.6514,77.1907
2026-08-02 22:00:00,27.9,96,0.0,6.5,Karol Bagh,28.6514,77.1907
2026-08-02 23:00:00,29.0,93,0.0,5.5,Karol Bagh,28.6514,77.1907
2026-08-03 00:00:00,28.7,95,0.0,7.0,Karol Bagh,28.6514,77.1907
2026-08-03 01:00:00,28.5,95,0.0,6.8,Karol Bagh,28.6514,77.1907
2026-08-03 02:00:00,28.1,93,0.0,8.2,Karol Bagh,28.6514,77.1907
2026-08-03 03:00:00,27.7,92,0.0,7.5,Karol Bagh,28.6514,77.1907
2026-08-03 04:00:00,27.5,94,0.0,7.3,Karol Bagh,28.6514,77.1907
2026-08-03 05:00:00,27.1,95,0.0,7.8,Karol Bagh,28.6514,77.1907
2026-08-03 06:00:00,27.2,95,0.6,4.4,Karol Bagh,28.6514,77.1907
2026-08-03 07:00:00,27.5,94,0.2,4.7,Karol Bagh,28.6514,77.1907
2026-08-03 08:00:00,28.4,89,0.2,3.8,Karol Bagh,28.6514,77.1907
2026-08-03 09:00:00,29.8,82,0.1,3.6,Karol Bagh,28.6514,77.1907
2026-08-03 10:00:00,30.7,79,0.2,4.2,Karol Bagh,28.6514,77.1907
2026-08-03 11:00:00,31.8,71,0.1,6.4,Karol Bagh,28.6514,77.1907
2026-08-03 12:00:00,33.3,65,0.1,7.8,Karol Bagh,28.6514,77.1907
2026-08-03 13:00:00,34.2,62,0.0,6.0,Karol Bagh,28.6514,77.1907
2026-08-03 14:00:00,32.2,65,0.6,12.4,Karol Bagh,28.6514,77.1907
2026-08-03 15:00:00,31.1,75,1.4,1.2,Karol Bagh,28.6514,77.1907
2026-08-03 16:00:00,31.2,72,0.4,5.0,Karol Bagh,28.6514,77.1907
2026-08-03 17:00:00,33.2,68,0.1,8.5,Karol Bagh,28.6514,77.1907
2026-08-03 18:00:00,29.9,81,0.3,7.3,Karol Bagh,28.6514,77.1907
2026-08-03 19:00:00,27.8,94,5.9,6.6,Karol Bagh,28.6514,77.1907
2026-08-03 20:00:00,27.7,95,1.2,7.5,Karol Bagh,28.6514,77.1907
2026-08-03 21:00:00,27.3,95,2.4,1.6,Karol Bagh,28.6514,77.1907
2026-08-03 22:00:00,27.2,95,1.8,2.3,Karol Bagh,28.6514,77.1907
2026-08-03 23:00:00,26.7,95,0.5,3.9,Karol Bagh,28.6514,77.1907
2026-08-04 00:00:00,27.1,96,1.2,6.7,Karol Bagh,28.6514,77.1907
2026-08-04 01:00:00,27.0,97,0.5,7.7,Karol Bagh,28.6514,77.1907
2026-08-04 02:00:00,26.8,97,0.3,6.0,Karol Bagh,28.6514,77.1907
2026-08-04 03:00:00,26.7,98,0.1,4.6,Karol Bagh,28.6514,77.1907
2026-08-04 04:00:00,26.9,97,0.1,4.2,Karol Bagh,28.6514,77.1907
2026-08-04 05:00:00,27.0,97,0.1,6.0,Karol Bagh,28.6514,77.1907
2026-08-04 06:00:00,26.6,97,0.6,7.6,Karol Bagh,28.6514,77.1907
2026-08-04 07:00:00,26.9,95,0.5,1.9,Karol Bagh,28.6514,77.1907
2026-08-04 08:00:00,27.5,92,0.3,3.8,Karol Bagh,28.6514,77.1907
2026-08-04 09:00:00,28.9,84,0.2,3.5,Karol Bagh,28.6514,77.1907
2026-08-04 10:00:00,30.0,80,0.4,2.1,Karol Bagh,28.6514,77.1907
2026-08-04 11:00:00,27.6,94,0.7,5.6,Karol Bagh,28.6514,77.1907
2026-08-04 12:00:00,28.1,90,0.9,4.7,Karol Bagh,28.6514,77.1907
2026-08-04 13:00:00,28.5,88,0.8,7.4,Karol Bagh,28.6514,77.1907
2026-08-04 14:00:00,28.8,85,0.7,6.9,Karol Bagh,28.6514,77.1907
2026-08-04 15:00:00,29.3,84,0.2,4.3,Karol Bagh,28.6514,77.1907
2026-08-04 16:00:00,29.4,83,0.0,3.1,Karol Bagh,28.6514,77.1907
2026-08-04 17:00:00,27.6,93,0.0,2.9,Karol Bagh,28.6514,77.1907
2026-08-04 18:00:00,27.4,95,2.1,2.1,Karol Bagh,28.6514,77.1907
2026-08-04 19:00:00,27.5,95,1.0,0.9,Karol Bagh,28.6514,77.1907
2026-08-04 20:00:00,27.4,95,0.5,0.6,Karol Bagh,28.6514,77.1907
2026-08-04 21:00:00,27.4,96,0.5,1.0,Karol Bagh,28.6514,77.1907
2026-08-04 22:00:00,27.1,96,0.4,2.2,Karol Bagh,28.6514,77.1907
2026-08-04 23:00:00,27.5,97,0.3,2.3,Karol Bagh,28.6514,77.1907
2026-08-05 00:00:00,27.5,97,0.0,2.2,Karol Bagh,28.6514,77.1907
2026-08-05 01:00:00,27.4,97,0.0,2.1,Karol Bagh,28.6514,77.1907
2026-08-05 02:00:00,27.4,96,0.0,0.9,Karol Bagh,28.6514,77.1907
2026-08-05 03:00:00,27.2,93,0.0,1.7,Karol Bagh,28.6514,77.1907
2026-08-05 04:00:00,26.8,96,0.2,3.5,Karol Bagh,28.6514,77.1907
2026-08-05 05:00:00,26.1,99,0.1,3.7,Karol Bagh,28.6514,77.1907
2026-08-05 06:00:00,26.1,98,0.6,2.3,Karol Bagh,28.6514,77.1907
2026-08-05 07:00:00,27.0,94,0.0,0.7,Karol Bagh,28.6514,77.1907
2026-08-05 08:00:00,28.4,87,0.0,1.8,Karol Bagh,28.6514,77.1907
2026-08-05 09:00:00,30.2,76,0.0,3.7,Karol Bagh,28.6514,77.1907
2026-08-05 10:00:00,31.3,68,0.0,4.7,Karol Bagh,28.6514,77.1907
2026-08-05 11:00:00,31.9,68,0.1,4.0,Karol Bagh,28.6514,77.1907
2026-08-05 12:00:00,31.3,69,0.0,4.5,Karol Bagh,28.6514,77.1907
2026-08-05 13:00:00,31.9,67,0.0,5.6,Karol Bagh,28.6514,77.1907
2026-08-05 14:00:00,32.3,64,0.0,6.4,Karol Bagh,28.6514,77.1907
2026-08-05 15:00:00,33.1,61,0.0,6.0,Karol Bagh,28.6514,77.1907
2026-08-05 16:00:00,32.9,61,0.0,4.4,Karol Bagh,28.6514,77.1907
2026-08-05 17:00:00,29.8,83,0.0,7.0,Karol Bagh,28.6514,77.1907
2026-08-05 18:00:00,28.8,87,0.4,6.6,Karol Bagh,28.6514,77.1907
2026-08-05 19:00:00,28.4,87,0.1,6.3,Karol Bagh,28.6514,77.1907
2026-08-05 20:00:00,28.3,88,0.0,6.5,Karol Bagh,28.6514,77.1907
2026-08-05 21:00:00,28.3,88,0.0,4.1,Karol Bagh,28.6514,77.1907
2026-08-05 22:00:00,28.1,90,0.0,3.6,Karol Bagh,28.6514,77.1907
2026-08-05 23:00:00,27.4,99,0.0,4.2,Karol Bagh,28.6514,77.1907
2026-08-06 00:00:00,27.8,98,3.5,3.2,Karol Bagh,28.6514,77.1907
2026-08-06 01:00:00,27.2,97,1.2,5.5,Karol Bagh,28.6514,77.1907
2026-08-06 02:00:00,26.8,97,0.4,3.4,Karol Bagh,28.6514,77.1907
2026-08-06 03:00:00,27.0,95,0.0,4.3,Karol Bagh,28.6514,77.1907
2026-08-06 04:00:00,26.9,95,0.0,6.9,Karol Bagh,28.6514,77.1907
2026-08-06 05:00:00,27.1,95,0.0,5.7,Karol Bagh,28.6514,77.1907
2026-08-06 06:00:00,27.3,94,0.3,4.3,Karol Bagh,28.6514,77.1907
2026-08-06 07:00:00,27.9,89,0.0,5.5,Karol Bagh,28.6514,77.1907
2026-08-06 08:00:00,27.7,89,0.8,6.7,Karol Bagh,28.6514,77.1907
2026-08-06 09:00:00,27.3,90,1.4,4.7,Karol Bagh,28.6514,77.1907
2026-08-06 10:00:00,27.0,89,1.5,3.5,Karol Bagh,28.6514,77.1907
2026-08-06 11:00:00,27.1,83,1.3,4.7,Karol Bagh,28.6514,77.1907
2026-08-06 12:00:00,27.5,82,1.0,2.2,Karol Bagh,28.6514,77.1907
2026-08-06 13:00:00,27.3,83,0.5,3.7,Karol Bagh,28.6514,77.1907
2026-08-06 14:00:00,27.1,84,0.2,4.8,Karol Bagh,28.6514,77.1907
2026-08-06 15:00:00,27.2,85,0.3,4.2,Karol Bagh,28.6514,77.1907
2026-08-06 16:00:00,27.5,83,0.1,6.2,Karol Bagh,28.6514,77.1907
2026-08-06 17:00:00,27.9,86,0.0,7.9,Karol Bagh,28.6514,77.1907
2026-08-06 18:00:00,27.6,90,0.6,6.5,Karol Bagh,28.6514,77.1907
2026-08-06 19:00:00,27.3,92,0.1,5.2,Karol Bagh,28.6514,77.1907
2026-08-06 20:00:00,27.0,93,0.0,5.4,Karol Bagh,28.6514,77.1907
2026-08-06 21:00:00,27.0,94,0.0,5.5,Karol Bagh,28.6514,77.1907
2026-08-06 22:00:00,27.0,94,0.0,3.9,Karol Bagh,28.6514,77.1907
2026-08-06 23:00:00,26.8,93,0.0,8.1,Karol Bagh,28.6514,77.1907
2026-08-07 00:00:00,26.1,96,0.8,8.5,Karol Bagh,28.6514,77.1907
2026-08-07 01:00:00,26.0,97,1.2,4.4,Karol Bagh,28.6514,77.1907
2026-08-07 02:00:00,25.9,98,0.3,4.2,Karol Bagh,28.6514,77.1907
2026-08-07 03:00:00,25.9,99,0.0,5.4,Karol Bagh,28.6514,77.1907
2026-08-07 04:00:00,25.9,97,0.0,6.0,Karol Bagh,28.6514,77.1907
2026-08-07 05:00:00,26.6,97,2.1,5.3,Karol Bagh,28.6514,77.1907
2026-08-07 06:00:00,26.3,97,1.1,4.6,Karol Bagh,28.6514,77.1907
2026-08-07 07:00:00,26.0,96,2.5,6.3,Karol Bagh,28.6514,77.1907
2026-08-07 08:00:00,26.6,95,4.0,9.2,Karol Bagh,28.6514,77.1907
2026-08-07 09:00:00,26.7,95,4.0,10.2,Karol Bagh,28.6514,77.1907
2026-08-07 10:00:00,27.3,93,2.4,8.7,Karol Bagh,28.6514,77.1907
2026-08-07 11:00:00,28.3,86,3.2,12.0,Karol Bagh,28.6514,77.1907
2026-08-07 12:00:00,26.1,97,13.5,13.4,Karol Bagh,28.6514,77.1907
2026-08-07 13:00:00,26.8,96,3.1,12.6,Karol Bagh,28.6514,77.1907
2026-08-07 14:00:00,27.7,93,1.2,11.4,Karol Bagh,28.6514,77.1907
2026-08-07 15:00:00,28.6,87,0.3,11.4,Karol Bagh,28.6514,77.1907
2026-08-07 16:00:00,28.8,82,0.1,12.8,Karol Bagh,28.6514,77.1907
2026-08-07 17:00:00,26.9,94,4.7,10.4,Karol Bagh,28.6514,77.1907
2026-08-07 18:00:00,26.8,94,0.6,9.3,Karol Bagh,28.6514,77.1907
2026-08-07 19:00:00,26.5,96,1.1,6.5,Karol Bagh,28.6514,77.1907
2026-08-07 20:00:00,26.4,95,0.1,9.9,Karol Bagh,28.6514,77.1907
2026-08-07 21:00:00,25.7,97,2.9,11.8,Karol Bagh,28.6514,77.1907
2026-08-07 22:00:00,25.7,97,7.7,9.8,Karol Bagh,28.6514,77.1907
2026-08-07 23:00:00,26.0,97,6.0,6.4,Karol Bagh,28.6514,77.1907
2026-08-08 00:00:00,26.1,96,2.5,6.8,Karol Bagh,28.6514,77.1907
2026-08-08 01:00:00,26.0,96,0.3,10.9,Karol Bagh,28.6514,77.1907
2026-08-08 02:00:00,25.3,96,0.6,8.5,Karol Bagh,28.6514,77.1907
2026-08-08 03:00:00,24.9,98,8.5,7.6,Karol Bagh,28.6514,77.1907
2026-08-08 04:00:00,24.7,98,6.6,6.8,Karol Bagh,28.6514,77.1907
2026-08-08 05:00:00,25.7,96,0.4,8.0,Karol Bagh,28.6514,77.1907
2026-08-08 06:00:00,25.7,96,5.2,9.5,Karol Bagh,28.6514,77.1907
2026-08-08 07:00:00,25.8,96,1.2,8.0,Karol Bagh,28.6514,77.1907
2026-08-08 08:00:00,27.3,92,0.3,6.7,Karol Bagh,28.6514,77.1907
2026-08-08 09:00:00,29.4,85,0.1,7.4,Karol Bagh,28.6514,77.1907
2026-08-08 10:00:00,30.9,77,0.1,12.7,Karol Bagh,28.6514,77.1907
2026-08-08 11:00:00,29.9,79,0.4,15.5,Karol Bagh,28.6514,77.1907
2026-08-08 12:00:00,31.1,75,0.9,10.2,Karol Bagh,28.6514,77.1907
2026-08-08 13:00:00,31.1,73,0.2,11.3,Karol Bagh,28.6514,77.1907
2026-08-08 14:00:00,30.6,75,1.2,5.8,Karol Bagh,28.6514,77.1907
2026-08-08 15:00:00,32.2,68,0.1,6.7,Karol Bagh,28.6514,77.1907
2026-08-08 16:00:00,32.2,66,0.1,7.2,Karol Bagh,28.6514,77.1907
2026-08-08 17:00:00,31.2,73,0.6,8.4,Karol Bagh,28.6514,77.1907
2026-08-08 18:00:00,30.4,77,0.0,7.6,Karol Bagh,28.6514,77.1907
2026-08-08 19:00:00,29.5,82,0.0,4.9,Karol Bagh,28.6514,77.1907
2026-08-08 20:00:00,29.1,85,0.0,3.2,Karol Bagh,28.6514,77.1907
2026-08-08 21:00:00,28.9,86,0.0,5.3,Karol Bagh,28.6514,77.1907
2026-08-08 22:00:00,28.6,88,0.0,3.6,Karol Bagh,28.6514,77.1907
2026-08-08 23:00:00,29.0,89,0.0,1.8,Karol Bagh,28.6514,77.1907
2026-08-09 00:00:00,28.5,88,0.1,2.9,Karol Bagh,28.6514,77.1907
2026-08-09 01:00:00,28.4,88,0.6,2.3,Karol Bagh,28.6514,77.1907
2026-08-09 02:00:00,27.9,90,0.1,4.3,Karol Bagh,28.6514,77.1907
2026-08-09 03:00:00,27.1,93,0.3,7.9,Karol Bagh,28.6514,77.1907
2026-08-09 04:00:00,26.7,94,0.2,6.7,Karol Bagh,28.6514,77.1907
2026-08-09 05:00:00,25.0,99,0.1,6.1,Karol Bagh,28.6514,77.1907
2026-08-09 06:00:00,25.7,96,0.0,5.3,Karol Bagh,28.6514,77.1907
2026-08-09 07:00:00,27.0,94,0.0,2.6,Karol Bagh,28.6514,77.1907
2026-08-09 08:00:00,28.9,87,0.0,3.5,Karol Bagh,28.6514,77.1907
2026-08-09 09:00:00,30.6,79,0.0,4.9,Karol Bagh,28.6514,77.1907
2026-08-09 10:00:00,31.6,74,0.1,6.9,Karol Bagh,28.6514,77.1907
2026-08-09 11:00:00,32.6,66,0.0,8.0,Karol Bagh,28.6514,77.1907
2026-08-09 12:00:00,32.6,68,0.5,6.5,Karol Bagh,28.6514,77.1907
2026-08-09 13:00:00,33.4,65,0.1,4.2,Karol Bagh,28.6514,77.1907
2026-08-09 14:00:00,33.7,64,0.1,3.7,Karol Bagh,28.6514,77.1907
2026-08-09 15:00:00,33.9,63,0.0,1.1,Karol Bagh,28.6514,77.1907
2026-08-09 16:00:00,33.7,63,0.0,2.6,Karol Bagh,28.6514,77.1907
2026-08-09 17:00:00,33.4,66,0.5,3.6,Karol Bagh,28.6514,77.1907
2026-08-09 18:00:00,31.8,74,0.3,3.3,Karol Bagh,28.6514,77.1907
2026-08-09 19:00:00,30.7,79,0.0,4.1,Karol Bagh,28.6514,77.1907
2026-08-09 20:00:00,30.4,81,0.0,4.5,Karol Bagh,28.6514,77.1907
2026-08-09 21:00:00,30.1,82,0.0,4.1,Karol Bagh,28.6514,77.1907
2026-08-09 22:00:00,29.7,82,0.0,5.0,Karol Bagh,28.6514,77.1907
2026-08-09 23:00:00,30.3,80,0.0,4.9,Karol Bagh,28.6514,77.1907
2026-08-10 00:00:00,28.5,85,0.1,1.9,Karol Bagh,28.6514,77.1907
2026-08-10 01:00:00,26.5,93,1.1,12.3,Karol Bagh,28.6514,77.1907
2026-08-10 02:00:00,26.5,94,0.2,4.3,Karol Bagh,28.6514,77.1907
2026-08-10 03:00:00,26.9,93,0.0,5.1,Karol Bagh,28.6514,77.1907
2026-08-10 04:00:00,27.2,93,0.0,4.6,Karol Bagh,28.6514,77.1907
2026-08-10 05:00:00,28.0,93,0.0,5.6,Karol Bagh,28.6514,77.1907
2026-08-10 06:00:00,27.1,94,1.0,6.0,Karol Bagh,28.6514,77.1907
2026-08-10 07:00:00,27.3,92,0.2,6.3,Karol Bagh,28.6514,77.1907
2026-08-10 08:00:00,28.4,86,0.0,5.4,Karol Bagh,28.6514,77.1907
2026-08-10 09:00:00,29.7,81,0.0,6.7,Karol Bagh,28.6514,77.1907
2026-08-10 10:00:00,31.0,76,0.0,5.2,Karol Bagh,28.6514,77.1907
2026-08-10 11:00:00,33.0,65,0.0,5.4,Karol Bagh,28.6514,77.1907
2026-08-10 12:00:00,33.4,64,0.1,4.9,Karol Bagh,28.6514,77.1907
2026-08-10 13:00:00,32.2,69,0.1,8.1,Karol Bagh,28.6514,77.1907
2026-08-10 14:00:00,27.7,93,7.8,3.0,Karol Bagh,28.6514,77.1907
2026-08-10 15:00:00,28.2,90,1.3,2.9,Karol Bagh,28.6514,77.1907
2026-08-10 16:00:00,28.6,88,0.2,2.1,Karol Bagh,28.6514,77.1907
2026-08-10 17:00:00,29.7,84,0.0,7.6,Karol Bagh,28.6514,77.1907
2026-08-10 18:00:00,29.5,85,0.0,6.4,Karol Bagh,28.6514,77.1907
2026-08-10 19:00:00,29.0,87,0.0,6.3,Karol Bagh,28.6514,77.1907
2026-08-10 20:00:00,28.7,89,0.0,5.5,Karol Bagh,28.6514,77.1907
2026-08-10 21:00:00,28.6,90,0.0,3.6,Karol Bagh,28.6514,77.1907
2026-08-10 22:00:00,28.4,91,0.0,3.3,Karol Bagh,28.6514,77.1907
2026-08-10 23:00:00,27.8,95,0.0,6.9,Karol Bagh,28.6514,77.1907
2026-08-11 00:00:00,27.6,96,0.3,9.5,Karol Bagh,28.6514,77.1907
2026-08-11 01:00:00,27.6,95,0.0,8.8,Karol Bagh,28.6514,77.1907
2026-08-11 02:00:00,27.4,95,0.0,9.1,Karol Bagh,28.6514,77.1907
2026-08-11 03:00:00,27.2,95,0.0,8.1,Karol Bagh,28.6514,77.1907
2026-08-11 04:00:00,27.0,94,0.0,7.4,Karol Bagh,28.6514,77.1907
2026-08-11 05:00:00,27.0,93,0.1,7.1,Karol Bagh,28.6514,77.1907
2026-08-11 06:00:00,27.1,93,0.0,7.2,Karol Bagh,28.6514,77.1907
2026-08-11 07:00:00,27.8,88,0.0,8.2,Karol Bagh,28.6514,77.1907
2026-08-11 08:00:00,28.8,85,0.0,6.6,Karol Bagh,28.6514,77.1907
2026-08-11 09:00:00,29.5,82,0.0,5.6,Karol Bagh,28.6514,77.1907
2026-08-11 10:00:00,30.4,80,0.1,4.3,Karol Bagh,28.6514,77.1907
2026-08-11 11:00:00,30.5,80,0.2,1.7,Karol Bagh,28.6514,77.1907
2026-08-11 12:00:00,28.4,87,4.2,8.2,Karol Bagh,28.6514,77.1907
2026-08-11 13:00:00,28.0,93,3.9,5.4,Karol Bagh,28.6514,77.1907
2026-08-11 14:00:00,28.6,90,1.1,3.3,Karol Bagh,28.6514,77.1907
2026-08-11 15:00:00,30.0,80,0.6,5.5,Karol Bagh,28.6514,77.1907
2026-08-11 16:00:00,30.5,76,0.3,4.8,Karol Bagh,28.6514,77.1907
2026-08-11 17:00:00,30.5,77,0.1,4.4,Karol Bagh,28.6514,77.1907
2026-08-11 18:00:00,30.2,79,0.0,2.3,Karol Bagh,28.6514,77.1907
2026-08-11 19:00:00,29.6,86,0.7,1.5,Karol Bagh,28.6514,77.1907
2026-08-11 20:00:00,29.1,88,0.1,3.1,Karol Bagh,28.6514,77.1907
2026-08-11 21:00:00,28.8,90,0.1,3.5,Karol Bagh,28.6514,77.1907
2026-08-11 22:00:00,28.3,91,0.0,3.8,Karol Bagh,28.6514,77.1907
2026-08-11 23:00:00,28.6,87,0.0,4.8,Karol Bagh,28.6514,77.1907
2026-08-12 00:00:00,28.3,89,0.0,3.0,Karol Bagh,28.6514,77.1907
2026-08-12 01:00:00,28.4,89,0.0,0.3,Karol Bagh,28.6514,77.1907
2026-08-12 02:00:00,27.9,91,0.0,2.8,Karol Bagh,28.6514,77.1907
2026-08-12 03:00:00,27.6,91,0.0,3.8,Karol Bagh,28.6514,77.1907
2026-08-12 04:00:00,27.3,93,0.0,2.8,Karol Bagh,28.6514,77.1907
2026-08-12 05:00:00,27.8,95,0.0,1.5,Karol Bagh,28.6514,77.1907
2026-08-12 06:00:00,27.9,94,0.0,3.0,Karol Bagh,28.6514,77.1907
2026-08-12 07:00:00,28.6,92,0.0,2.9,Karol Bagh,28.6514,77.1907
2026-08-12 08:00:00,29.9,83,0.0,2.9,Karol Bagh,28.6514,77.1907
2026-08-12 09:00:00,31.1,75,0.0,3.2,Karol Bagh,28.6514,77.1907
2026-08-12 10:00:00,32.0,71,0.2,2.8,Karol Bagh,28.6514,77.1907
2026-08-12 11:00:00,33.0,64,0.3,3.6,Karol Bagh,28.6514,77.1907
2026-08-12 12:00:00,33.6,62,0.1,2.8,Karol Bagh,28.6514,77.1907
2026-08-12 13:00:00,34.1,60,0.1,2.1,Karol Bagh,28.6514,77.1907
2026-08-12 14:00:00,34.5,59,0.1,0.3,Karol Bagh,28.6514,77.1907
2026-08-12 15:00:00,34.7,58,0.0,0.7,Karol Bagh,28.6514,77.1907
2026-08-12 16:00:00,34.3,60,0.0,1.1,Karol Bagh,28.6514,77.1907
2026-08-12 17:00:00,34.4,61,0.3,1.9,Karol Bagh,28.6514,77.1907
2026-08-12 18:00:00,30.2,82,0.7,10.5,Karol Bagh,28.6514,77.1907
2026-08-12 19:00:00,28.7,89,0.8,8.4,Karol Bagh,28.6514,77.1907
2026-08-12 20:00:00,28.0,93,0.6,5.0,Karol Bagh,28.6514,77.1907
2026-08-12 21:00:00,28.1,94,0.0,5.5,Karol Bagh,28.6514,77.1907
2026-08-12 22:00:00,28.2,92,0.0,4.0,Karol Bagh,28.6514,77.1907
2026-08-12 23:00:00,29.6,87,0.0,5.7,Karol Bagh,28.6514,77.1907
2026-08-13 00:00:00,29.1,89,0.0,3.8,Karol Bagh,28.6514,77.1907
2026-08-13 01:00:00,28.8,89,0.0,3.7,Karol Bagh,28.6514,77.1907
2026-08-13 02:00:00,28.5,90,0.0,5.1,Karol Bagh,28.6514,77.1907
2026-08-13 03:00:00,28.2,92,0.0,5.6,Karol Bagh,28.6514,77.1907
2026-08-13 04:00:00,27.9,94,0.0,3.6,Karol Bagh,28.6514,77.1907
2026-08-13 05:00:00,26.9,97,0.0,5.6,Karol Bagh,28.6514,77.1907
2026-08-13 06:00:00,26.7,95,0.7,9.3,Karol Bagh,28.6514,77.1907
2026-08-13 07:00:00,27.9,95,0.2,5.8,Karol Bagh,28.6514,77.1907
2026-08-13 08:00:00,30.1,81,0.0,3.1,Karol Bagh,28.6514,77.1907
2026-08-13 09:00:00,31.7,75,0.0,4.0,Karol Bagh,28.6514,77.1907
2026-08-13 10:00:00,32.6,71,0.0,2.1,Karol Bagh,28.6514,77.1907
2026-08-13 11:00:00,33.3,65,0.1,1.6,Karol Bagh,28.6514,77.1907
2026-08-13 12:00:00,33.8,60,0.0,5.0,Karol Bagh,28.6514,77.1907
2026-08-13 13:00:00,32.8,67,0.4,8.1,Karol Bagh,28.6514,77.1907
2026-08-13 14:00:00,33.2,68,0.2,3.2,Karol Bagh,28.6514,77.1907
2026-08-13 15:00:00,33.6,66,0.1,5.5,Karol Bagh,28.6514,77.1907
2026-08-13 16:00:00,33.7,65,0.0,4.5,Karol Bagh,28.6514,77.1907
2026-08-13 17:00:00,31.3,81,0.8,7.5,Karol Bagh,28.6514,77.1907
2026-08-13 18:00:00,31.1,80,0.1,0.3,Karol Bagh,28.6514,77.1907
2026-08-13 19:00:00,30.6,85,0.0,3.8,Karol Bagh,28.6514,77.1907
2026-08-13 20:00:00,30.4,86,0.0,2.4,Karol Bagh,28.6514,77.1907
2026-08-13 21:00:00,30.5,85,0.0,2.4,Karol Bagh,28.6514,77.1907
2026-08-13 22:00:00,30.1,85,0.0,3.6,Karol Bagh,28.6514,77.1907
2026-08-13 23:00:00,30.4,87,0.0,2.2,Karol Bagh,28.6514,77.1907
2026-08-14 00:00:00,30.0,88,0.0,3.1,Karol Bagh,28.6514,77.1907
2026-08-14 01:00:00,29.5,89,0.0,2.9,Karol Bagh,28.6514,77.1907
2026-08-14 02:00:00,29.2,89,0.0,3.6,Karol Bagh,28.6514,77.1907
2026-08-14 03:00:00,29.0,90,0.0,3.9,Karol Bagh,28.6514,77.1907
2026-08-14 04:00:00,28.7,90,0.0,4.3,Karol Bagh,28.6514,77.1907
2026-08-14 05:00:00,27.5,97,0.0,2.5,Karol Bagh,28.6514,77.1907
2026-08-14 06:00:00,27.0,99,2.2,4.8,Karol Bagh,28.6514,77.1907
2026-08-14 07:00:00,27.5,95,0.8,2.6,Karol Bagh,28.6514,77.1907
2026-08-14 08:00:00,28.3,89,0.2,1.5,Karol Bagh,28.6514,77.1907
2026-08-14 09:00:00,28.8,84,0.1,2.6,Karol Bagh,28.6514,77.1907
2026-08-14 10:00:00,29.8,81,0.0,2.0,Karol Bagh,28.6514,77.1907
2026-08-14 11:00:00,30.3,80,0.0,4.7,Karol Bagh,28.6514,77.1907
2026-08-14 12:00:00,30.7,80,0.9,0.5,Karol Bagh,28.6514,77.1907
2026-08-14 13:00:00,31.4,78,0.4,1.0,Karol Bagh,28.6514,77.1907
2026-08-14 14:00:00,28.8,85,4.1,5.3,Karol Bagh,28.6514,77.1907
2026-08-14 15:00:00,28.3,91,4.6,1.5,Karol Bagh,28.6514,77.1907
2026-08-14 16:00:00,28.7,88,0.8,1.4,Karol Bagh,28.6514,77.1907
2026-08-14 17:00:00,30.3,78,0.3,4.0,Karol Bagh,28.6514,77.1907
2026-08-14 18:00:00,29.7,82,0.0,3.4,Karol Bagh,28.6514,77.1907
2026-08-14 19:00:00,29.0,87,0.0,4.0,Karol Bagh,28.6514,77.1907
2026-08-14 20:00:00,28.6,88,0.0,6.0,Karol Bagh,28.6514,77.1907
2026-08-14 21:00:00,28.3,89,0.0,3.3,Karol Bagh,28.6514,77.1907
2026-08-14 22:00:00,28.0,91,0.0,3.2,Karol Bagh,28.6514,77.1907
2026-08-14 23:00:00,28.2,88,0.0,3.5,Karol Bagh,28.6514,77.1907
2026-08-15 00:00:00,28.0,90,0.0,1.7,Karol Bagh,28.6514,77.1907
2026-08-15 01:00:00,27.7,92,0.0,1.5,Karol Bagh,28.6514,77.1907
2026-08-15 02:00:00,27.5,93,0.0,2.0,Karol Bagh,28.6514,77.1907
2026-08-15 03:00:00,27.4,94,0.0,2.9,Karol Bagh,28.6514,77.1907
2026-08-15 04:00:00,27.3,94,0.0,1.0,Karol Bagh,28.6514,77.1907
2026-08-15 05:00:00,26.5,98,0.0,6.1,Karol Bagh,28.6514,77.1907
2026-08-15 06:00:00,26.5,96,3.3,1.3,Karol Bagh,28.6514,77.1907
2026-08-15 07:00:00,26.7,97,1.9,3.1,Karol Bagh,28.6514,77.1907
2026-08-15 08:00:00,27.2,96,1.4,3.3,Karol Bagh,28.6514,77.1907
2026-08-15 09:00:00,27.9,93,0.6,3.4,Karol Bagh,28.6514,77.1907
2026-08-15 10:00:00,29.3,86,0.1,0.9,Karol Bagh,28.6514,77.1907
2026-08-15 11:00:00,32.2,74,0.0,4.2,Karol Bagh,28.6514,77.1907
2026-08-15 12:00:00,31.4,78,1.4,7.8,Karol Bagh,28.6514,77.1907
2026-08-15 13:00:00,31.2,81,2.3,5.8,Karol Bagh,28.6514,77.1907
2026-08-15 14:00:00,32.6,70,0.2,4.9,Karol Bagh,28.6514,77.1907
2026-08-15 15:00:00,32.6,67,0.6,7.5,Karol Bagh,28.6514,77.1907
2026-08-15 16:00:00,32.5,67,0.0,6.1,Karol Bagh,28.6514,77.1907
2026-08-15 17:00:00,31.8,74,0.0,7.0,Karol Bagh,28.6514,77.1907
2026-08-15 18:00:00,31.4,78,0.0,4.3,Karol Bagh,28.6514,77.1907
2026-08-15 19:00:00,30.6,84,0.0,4.6,Karol Bagh,28.6514,77.1907
2026-08-15 20:00:00,30.2,86,0.0,4.4,Karol Bagh,28.6514,77.1907
2026-08-15 21:00:00,29.9,87,0.0,4.0,Karol Bagh,28.6514,77.1907
2026-08-15 22:00:00,29.5,88,0.0,3.6,Karol Bagh,28.6514,77.1907
2026-08-15 23:00:00,29.2,85,0.0,8.2,Karol Bagh,28.6514,77.1907
2026-08-16 00:00:00,29.0,87,0.0,7.3,Karol Bagh,28.6514,77.1907
2026-08-16 01:00:00,28.7,89,0.1,5.6,Karol Bagh,28.6514,77.1907
2026-08-16 02:00:00,27.1,90,0.5,10.9,Karol Bagh,28.6514,77.1907
2026-08-16 03:00:00,25.7,96,3.3,4.8,Karol Bagh,28.6514,77.1907
2026-08-16 04:00:00,26.4,94,0.3,7.1,Karol Bagh,28.6514,77.1907
2026-08-16 05:00:00,28.1,85,0.0,9.9,Karol Bagh,28.6514,77.1907
2026-08-16 06:00:00,27.8,84,0.2,8.2,Karol Bagh,28.6514,77.1907
2026-08-16 07:00:00,28.4,82,0.2,9.2,Karol Bagh,28.6514,77.1907
2026-08-16 08:00:00,29.5,78,0.0,8.0,Karol Bagh,28.6514,77.1907
2026-08-16 09:00:00,30.7,74,0.0,7.3,Karol Bagh,28.6514,77.1907
2026-08-16 10:00:00,32.2,68,0.0,7.0,Karol Bagh,28.6514,77.1907
2026-08-16 11:00:00,32.8,66,0.0,7.8,Karol Bagh,28.6514,77.1907
2026-08-16 12:00:00,33.4,65,0.1,7.4,Karol Bagh,28.6514,77.1907
2026-08-16 13:00:00,33.6,64,0.1,6.2,Karol Bagh,28.6514,77.1907
2026-08-16 14:00:00,33.7,63,0.0,7.6,Karol Bagh,28.6514,77.1907
2026-08-16 15:00:00,33.6,64,0.1,8.8,Karol Bagh,28.6514,77.1907
2026-08-16 16:00:00,33.4,64,0.1,9.4,Karol Bagh,28.6514,77.1907
2026-08-16 17:00:00,31.5,75,0.2,4.2,Karol Bagh,28.6514,77.1907
2026-08-16 18:00:00,31.0,78,0.0,2.0,Karol Bagh,28.6514,77.1907
2026-08-16 19:00:00,30.3,81,0.0,4.2,Karol Bagh,28.6514,77.1907
2026-08-16 20:00:00,29.8,83,0.1,4.5,Karol Bagh,28.6514,77.1907
2026-08-16 21:00:00,29.5,86,0.0,5.4,Karol Bagh,28.6514,77.1907
2026-08-16 22:00:00,29.2,88,0.0,5.4,Karol Bagh,28.6514,77.1907
2026-08-16 23:00:00,29.6,84,0.0,5.6,Karol Bagh,28.6514,77.1907
2026-07-18 00:00:00,32.6,66,0.0,4.5,Anand Vihar,28.6469,77.316
2026-07-18 01:00:00,32.0,68,0.0,4.9,Anand Vihar,28.6469,77.316
2026-07-18 02:00:00,31.6,65,0.0,4.9,Anand Vihar,28.6469,77.316
2026-07-18 03:00:00,31.3,63,0.0,4.3,Anand Vihar,28.6469,77.316
2026-07-18 04:00:00,31.4,60,0.0,6.5,Anand Vihar,28.6469,77.316
2026-07-18 05:00:00,32.0,64,0.0,11.0,Anand Vihar,28.6469,77.316
2026-07-18 06:00:00,31.9,57,0.0,11.3,Anand Vihar,28.6469,77.316
2026-07-18 07:00:00,32.4,54,0.0,11.1,Anand Vihar,28.6469,77.316
2026-07-18 08:00:00,32.6,55,0.0,9.2,Anand Vihar,28.6469,77.316
2026-07-18 09:00:00,33.5,53,0.0,10.1,Anand Vihar,28.6469,77.316
2026-07-18 10:00:00,35.4,48,0.0,13.5,Anand Vihar,28.6469,77.316
2026-07-18 11:00:00,35.8,47,0.0,14.2,Anand Vihar,28.6469,77.316
2026-07-18 12:00:00,35.9,46,0.0,13.0,Anand Vihar,28.6469,77.316
2026-07-18 13:00:00,36.6,44,0.0,11.4,Anand Vihar,28.6469,77.316
2026-07-18 14:00:00,36.8,42,0.0,9.6,Anand Vihar,28.6469,77.316
2026-07-18 15:00:00,37.1,40,0.0,9.1,Anand Vihar,28.6469,77.316
2026-07-18 16:00:00,36.5,41,0.0,8.2,Anand Vihar,28.6469,77.316
2026-07-18 17:00:00,37.0,38,0.0,4.9,Anand Vihar,28.6469,77.316
2026-07-18 18:00:00,36.9,38,0.0,4.7,Anand Vihar,28.6469,77.316
2026-07-18 19:00:00,35.6,44,0.0,7.8,Anand Vihar,28.6469,77.316
2026-07-18 20:00:00,35.2,44,0.0,8.0,Anand Vihar,28.6469,77.316
2026-07-18 21:00:00,34.7,52,0.0,2.1,Anand Vihar,28.6469,77.316
2026-07-18 22:00:00,33.6,53,0.0,4.0,Anand Vihar,28.6469,77.316
2026-07-18 23:00:00,34.0,56,0.0,2.4,Anand Vihar,28.6469,77.316
2026-07-19 00:00:00,32.8,60,0.1,4.9,Anand Vihar,28.6469,77.316
2026-07-19 01:00:00,32.2,64,0.1,4.3,Anand Vihar,28.6469,77.316
2026-07-19 02:00:00,31.6,67,0.0,7.0,Anand Vihar,28.6469,77.316
2026-07-19 03:00:00,31.5,66,0.0,6.0,Anand Vihar,28.6469,77.316
2026-07-19 04:00:00,31.0,67,0.0,5.8,Anand Vihar,28.6469,77.316
2026-07-19 05:00:00,30.8,73,0.0,3.6,Anand Vihar,28.6469,77.316
2026-07-19 06:00:00,30.9,74,0.0,5.2,Anand Vihar,28.6469,77.316
2026-07-19 07:00:00,31.7,73,0.0,4.7,Anand Vihar,28.6469,77.316
2026-07-19 08:00:00,33.2,59,0.0,6.7,Anand Vihar,28.6469,77.316
2026-07-19 09:00:00,33.7,54,0.0,7.8,Anand Vihar,28.6469,77.316
2026-07-19 10:00:00,34.8,49,0.0,7.9,Anand Vihar,28.6469,77.316
2026-07-19 11:00:00,36.4,43,0.0,11.8,Anand Vihar,28.6469,77.316
2026-07-19 12:00:00,36.5,44,0.1,11.1,Anand Vihar,28.6469,77.316
2026-07-19 13:00:00,35.9,47,0.0,10.2,Anand Vihar,28.6469,77.316
2026-07-19 14:00:00,36.4,46,0.0,6.0,Anand Vihar,28.6469,77.316
2026-07-19 15:00:00,34.5,53,0.3,6.3,Anand Vihar,28.6469,77.316
2026-07-19 16:00:00,33.8,59,0.8,5.7,Anand Vihar,28.6469,77.316
2026-07-19 17:00:00,36.7,42,0.0,6.3,Anand Vihar,28.6469,77.316
2026-07-19 18:00:00,33.3,66,0.0,12.6,Anand Vihar,28.6469,77.316
2026-07-19 19:00:00,32.2,73,0.1,9.3,Anand Vihar,28.6469,77.316
2026-07-19 20:00:00,31.7,79,0.0,7.9,Anand Vihar,28.6469,77.316
2026-07-19 21:00:00,31.6,78,0.0,6.3,Anand Vihar,28.6469,77.316
2026-07-19 22:00:00,31.2,80,0.3,5.0,Anand Vihar,28.6469,77.316
2026-07-19 23:00:00,30.9,82,0.3,9.4,Anand Vihar,28.6469,77.316
2026-07-20 00:00:00,28.7,89,1.4,10.4,Anand Vihar,28.6469,77.316
2026-07-20 01:00:00,27.8,89,0.1,8.0,Anand Vihar,28.6469,77.316
2026-07-20 02:00:00,27.6,88,0.0,6.5,Anand Vihar,28.6469,77.316
2026-07-20 03:00:00,27.7,89,0.0,3.9,Anand Vihar,28.6469,77.316
2026-07-20 04:00:00,27.2,94,3.6,10.3,Anand Vihar,28.6469,77.316
2026-07-20 05:00:00,29.5,77,0.9,9.4,Anand Vihar,28.6469,77.316
2026-07-20 06:00:00,29.4,78,0.0,6.2,Anand Vihar,28.6469,77.316
2026-07-20 07:00:00,28.7,83,2.1,5.0,Anand Vihar,28.6469,77.316
2026-07-20 08:00:00,27.5,92,5.1,4.9,Anand Vihar,28.6469,77.316
2026-07-20 09:00:00,28.6,89,0.6,3.6,Anand Vihar,28.6469,77.316
2026-07-20 10:00:00,28.3,89,1.0,5.5,Anand Vihar,28.6469,77.316
2026-07-20 11:00:00,32.2,70,0.7,6.1,Anand Vihar,28.6469,77.316
2026-07-20 12:00:00,30.0,79,2.3,9.5,Anand Vihar,28.6469,77.316
2026-07-20 13:00:00,30.6,77,0.9,10.0,Anand Vihar,28.6469,77.316
2026-07-20 14:00:00,30.0,80,0.5,7.7,Anand Vihar,28.6469,77.316
2026-07-20 15:00:00,30.6,79,0.2,3.8,Anand Vihar,28.6469,77.316
2026-07-20 16:00:00,31.1,77,0.0,3.0,Anand Vihar,28.6469,77.316
2026-07-20 17:00:00,30.0,79,0.1,3.3,Anand Vihar,28.6469,77.316
2026-07-20 18:00:00,27.2,93,7.7,2.1,Anand Vihar,28.6469,77.316
2026-07-20 19:00:00,27.2,95,2.8,1.6,Anand Vihar,28.6469,77.316
2026-07-20 20:00:00,27.5,94,1.3,2.7,Anand Vihar,28.6469,77.316
2026-07-20 21:00:00,27.7,94,0.4,1.9,Anand Vihar,28.6469,77.316
2026-07-20 22:00:00,27.7,91,0.1,1.4,Anand Vihar,28.6469,77.316
2026-07-20 23:00:00,27.0,95,0.2,2.0,Anand Vihar,28.6469,77.316
2026-07-21 00:00:00,27.1,91,0.4,3.3,Anand Vihar,28.6469,77.316
2026-07-21 01:00:00,26.7,93,0.3,5.1,Anand Vihar,28.6469,77.316
2026-07-21 02:00:00,26.6,92,0.0,6.7,Anand Vihar,28.6469,77.316
2026-07-21 03:00:00,26.4,93,0.0,7.4,Anand Vihar,28.6469,77.316
2026-07-21 04:00:00,26.1,93,0.6,7.4,Anand Vihar,28.6469,77.316
2026-07-21 05:00:00,26.2,93,0.8,6.9,Anand Vihar,28.6469,77.316
2026-07-21 06:00:00,26.1,92,2.6,8.8,Anand Vihar,28.6469,77.316
2026-07-21 07:00:00,26.1,93,0.5,11.5,Anand Vihar,28.6469,77.316
2026-07-21 08:00:00,26.6,91,0.2,10.9,Anand Vihar,28.6469,77.316
2026-07-21 09:00:00,27.5,85,0.1,9.0,Anand Vihar,28.6469,77.316
2026-07-21 10:00:00,28.5,80,0.1,10.3,Anand Vihar,28.6469,77.316
2026-07-21 11:00:00,27.5,91,0.1,11.1,Anand Vihar,28.6469,77.316
2026-07-21 12:00:00,28.7,89,0.7,6.6,Anand Vihar,28.6469,77.316
2026-07-21 13:00:00,30.3,80,0.5,7.9,Anand Vihar,28.6469,77.316
2026-07-21 14:00:00,28.7,83,2.1,8.8,Anand Vihar,28.6469,77.316
2026-07-21 15:00:00,28.4,87,1.7,7.9,Anand Vihar,28.6469,77.316
2026-07-21 16:00:00,29.2,83,0.4,3.9,Anand Vihar,28.6469,77.316
2026-07-21 17:00:00,29.7,80,0.1,7.9,Anand Vihar,28.6469,77.316
2026-07-21 18:00:00,29.5,77,0.2,7.6,Anand Vihar,28.6469,77.316
2026-07-21 19:00:00,28.8,84,0.1,5.4,Anand Vihar,28.6469,77.316
2026-07-21 20:00:00,28.4,85,0.1,6.7,Anand Vihar,28.6469,77.316
2026-07-21 21:00:00,28.1,87,0.1,8.0,Anand Vihar,28.6469,77.316
2026-07-21 22:00:00,27.7,87,0.1,10.5,Anand Vihar,28.6469,77.316
2026-07-21 23:00:00,27.1,93,0.3,11.5,Anand Vihar,28.6469,77.316
2026-07-22 00:00:00,26.8,92,0.2,10.3,Anand Vihar,28.6469,77.316
2026-07-22 01:00:00,26.5,94,0.1,8.8,Anand Vihar,28.6469,77.316
2026-07-22 02:00:00,26.7,95,0.0,8.6,Anand Vihar,28.6469,77.316
2026-07-22 03:00:00,25.9,96,1.9,10.2,Anand Vihar,28.6469,77.316
2026-07-22 04:00:00,25.6,96,0.3,11.4,Anand Vihar,28.6469,77.316
2026-07-22 05:00:00,26.2,94,0.6,10.3,Anand Vihar,28.6469,77.316
2026-07-22 06:00:00,26.1,95,0.8,12.9,Anand Vihar,28.6469,77.316
2026-07-22 07:00:00,26.8,90,0.4,14.5,Anand Vihar,28.6469,77.316
2026-07-22 08:00:00,27.2,86,1.1,13.4,Anand Vihar,28.6469,77.316
2026-07-22 09:00:00,29.0,76,0.2,14.1,Anand Vihar,28.6469,77.316
2026-07-22 10:00:00,30.0,73,0.4,13.3,Anand Vihar,28.6469,77.316
2026-07-22 11:00:00,30.9,66,0.4,15.4,Anand Vihar,28.6469,77.316
2026-07-22 12:00:00,31.5,66,0.3,14.2,Anand Vihar,28.6469,77.316
2026-07-22 13:00:00,31.6,67,0.0,11.4,Anand Vihar,28.6469,77.316
2026-07-22 14:00:00,32.0,66,0.0,11.5,Anand Vihar,28.6469,77.316
2026-07-22 15:00:00,32.0,66,0.1,11.0,Anand Vihar,28.6469,77.316
2026-07-22 16:00:00,31.7,66,0.1,9.4,Anand Vihar,28.6469,77.316
2026-07-22 17:00:00,28.3,88,0.5,4.6,Anand Vihar,28.6469,77.316
2026-07-22 18:00:00,28.9,87,0.0,3.5,Anand Vihar,28.6469,77.316
2026-07-22 19:00:00,28.8,90,0.0,4.8,Anand Vihar,28.6469,77.316
2026-07-22 20:00:00,29.1,90,0.0,6.9,Anand Vihar,28.6469,77.316
2026-07-22 21:00:00,29.1,84,0.0,9.4,Anand Vihar,28.6469,77.316
2026-07-22 22:00:00,28.6,83,0.1,9.1,Anand Vihar,28.6469,77.316
2026-07-22 23:00:00,28.5,83,0.0,10.3,Anand Vihar,28.6469,77.316
2026-07-23 00:00:00,28.4,83,0.0,11.4,Anand Vihar,28.6469,77.316
2026-07-23 01:00:00,28.0,84,0.0,10.8,Anand Vihar,28.6469,77.316
2026-07-23 02:00:00,27.8,85,0.0,10.9,Anand Vihar,28.6469,77.316
2026-07-23 03:00:00,27.5,85,0.0,10.1,Anand Vihar,28.6469,77.316
2026-07-23 04:00:00,27.3,85,0.0,9.9,Anand Vihar,28.6469,77.316
2026-07-23 05:00:00,26.9,92,0.0,8.7,Anand Vihar,28.6469,77.316
2026-07-23 06:00:00,26.6,92,0.6,7.9,Anand Vihar,28.6469,77.316
2026-07-23 07:00:00,26.8,88,0.5,11.4,Anand Vihar,28.6469,77.316
2026-07-23 08:00:00,28.0,81,0.3,12.2,Anand Vihar,28.6469,77.316
2026-07-23 09:00:00,29.0,79,0.3,10.0,Anand Vihar,28.6469,77.316
2026-07-23 10:00:00,30.6,73,0.1,11.9,Anand Vihar,28.6469,77.316
2026-07-23 11:00:00,31.2,66,0.0,14.1,Anand Vihar,28.6469,77.316
2026-07-23 12:00:00,31.9,63,0.1,14.0,Anand Vihar,28.6469,77.316
2026-07-23 13:00:00,32.3,62,0.2,13.5,Anand Vihar,28.6469,77.316
2026-07-23 14:00:00,32.5,62,0.1,12.7,Anand Vihar,28.6469,77.316
2026-07-23 15:00:00,30.4,74,1.5,12.3,Anand Vihar,28.6469,77.316
2026-07-23 16:00:00,31.0,74,0.5,5.2,Anand Vihar,28.6469,77.316
2026-07-23 17:00:00,31.9,65,0.2,12.8,Anand Vihar,28.6469,77.316
2026-07-23 18:00:00,30.8,70,0.1,9.1,Anand Vihar,28.6469,77.316
2026-07-23 19:00:00,30.2,74,0.0,8.0,Anand Vihar,28.6469,77.316
2026-07-23 20:00:00,29.6,78,0.0,7.4,Anand Vihar,28.6469,77.316
2026-07-23 21:00:00,26.6,93,2.8,8.3,Anand Vihar,28.6469,77.316
2026-07-23 22:00:00,26.9,91,0.1,12.0,Anand Vihar,28.6469,77.316
2026-07-23 23:00:00,27.6,87,0.0,12.7,Anand Vihar,28.6469,77.316
2026-07-24 00:00:00,27.2,87,0.0,10.3,Anand Vihar,28.6469,77.316
2026-07-24 01:00:00,27.1,88,0.0,10.1,Anand Vihar,28.6469,77.316
2026-07-24 02:00:00,27.0,89,0.0,8.7,Anand Vihar,28.6469,77.316
2026-07-24 03:00:00,26.8,90,0.0,8.9,Anand Vihar,28.6469,77.316
2026-07-24 04:00:00,26.6,90,0.0,9.6,Anand Vihar,28.6469,77.316
2026-07-24 05:00:00,25.8,94,0.0,8.5,Anand Vihar,28.6469,77.316
2026-07-24 06:00:00,26.0,94,0.3,10.5,Anand Vihar,28.6469,77.316
2026-07-24 07:00:00,26.9,90,0.0,9.4,Anand Vihar,28.6469,77.316
2026-07-24 08:00:00,28.4,82,0.0,14.0,Anand Vihar,28.6469,77.316
2026-07-24 09:00:00,29.6,75,0.1,13.8,Anand Vihar,28.6469,77.316
2026-07-24 10:00:00,30.4,72,0.3,13.5,Anand Vihar,28.6469,77.316
2026-07-24 11:00:00,31.0,73,0.2,13.2,Anand Vihar,28.6469,77.316
2026-07-24 12:00:00,31.6,70,0.3,12.6,Anand Vihar,28.6469,77.316
2026-07-24 13:00:00,31.5,70,0.5,12.7,Anand Vihar,28.6469,77.316
2026-07-24 14:00:00,29.0,80,3.5,11.6,Anand Vihar,28.6469,77.316
2026-07-24 15:00:00,29.5,81,0.6,5.8,Anand Vihar,28.6469,77.316
2026-07-24 16:00:00,30.7,73,0.1,7.9,Anand Vihar,28.6469,77.316
2026-07-24 17:00:00,30.4,80,0.1,6.5,Anand Vihar,28.6469,77.316
2026-07-24 18:00:00,30.4,81,0.0,7.4,Anand Vihar,28.6469,77.316
2026-07-24 19:00:00,29.9,83,0.0,8.9,Anand Vihar,28.6469,77.316
2026-07-24 20:00:00,29.5,83,0.0,9.7,Anand Vihar,28.6469,77.316
2026-07-24 21:00:00,29.0,83,0.0,10.2,Anand Vihar,28.6469,77.316
2026-07-24 22:00:00,28.8,83,0.0,10.3,Anand Vihar,28.6469,77.316
2026-07-24 23:00:00,28.6,85,0.0,12.5,Anand Vihar,28.6469,77.316
2026-07-25 00:00:00,28.5,83,0.0,12.2,Anand Vihar,28.6469,77.316
2026-07-25 01:00:00,28.2,83,0.0,11.3,Anand Vihar,28.6469,77.316
2026-07-25 02:00:00,27.9,86,0.1,10.0,Anand Vihar,28.6469,77.316
2026-07-25 03:00:00,27.8,88,0.1,10.3,Anand Vihar,28.6469,77.316
2026-07-25 04:00:00,27.6,89,0.1,9.4,Anand Vihar,28.6469,77.316
2026-07-25 05:00:00,27.2,92,0.2,9.7,Anand Vihar,28.6469,77.316
2026-07-25 06:00:00,27.5,91,0.0,8.1,Anand Vihar,28.6469,77.316
2026-07-25 07:00:00,28.7,81,0.2,8.4,Anand Vihar,28.6469,77.316
2026-07-25 08:00:00,28.6,82,0.6,11.2,Anand Vihar,28.6469,77.316
2026-07-25 09:00:00,29.5,81,0.1,9.3,Anand Vihar,28.6469,77.316
2026-07-25 10:00:00,30.0,77,0.2,10.2,Anand Vihar,28.6469,77.316
2026-07-25 11:00:00,31.5,67,0.3,11.0,Anand Vihar,28.6469,77.316
2026-07-25 12:00:00,31.5,66,0.2,11.4,Anand Vihar,28.6469,77.316
2026-07-25 13:00:00,32.4,63,0.1,11.2,Anand Vihar,28.6469,77.316
2026-07-25 14:00:00,32.6,61,0.2,12.3,Anand Vihar,28.6469,77.316
2026-07-25 15:00:00,32.5,62,0.4,10.7,Anand Vihar,28.6469,77.316
2026-07-25 16:00:00,31.2,70,0.2,11.0,Anand Vihar,28.6469,77.316
2026-07-25 17:00:00,30.0,75,0.0,8.0,Anand Vihar,28.6469,77.316
2026-07-25 18:00:00,29.4,83,1.3,9.5,Anand Vihar,28.6469,77.316
2026-07-25 19:00:00,28.8,86,0.1,8.2,Anand Vihar,28.6469,77.316
2026-07-25 20:00:00,28.3,88,0.0,8.8,Anand Vihar,28.6469,77.316
2026-07-25 21:00:00,27.9,89,0.0,7.4,Anand Vihar,28.6469,77.316
2026-07-25 22:00:00,27.7,89,0.0,7.8,Anand Vihar,28.6469,77.316
2026-07-25 23:00:00,27.3,94,0.0,8.2,Anand Vihar,28.6469,77.316
2026-07-26 00:00:00,27.4,96,0.1,9.6,Anand Vihar,28.6469,77.316
2026-07-26 01:00:00,27.6,95,0.0,7.9,Anand Vihar,28.6469,77.316
2026-07-26 02:00:00,27.5,95,0.0,7.3,Anand Vihar,28.6469,77.316
2026-07-26 03:00:00,27.4,95,0.0,5.9,Anand Vihar,28.6469,77.316
2026-07-26 04:00:00,27.3,95,0.0,5.9,Anand Vihar,28.6469,77.316
2026-07-26 05:00:00,28.1,95,0.0,4.2,Anand Vihar,28.6469,77.316
2026-07-26 06:00:00,28.0,93,0.2,4.5,Anand Vihar,28.6469,77.316
2026-07-26 07:00:00,28.7,87,0.3,5.0,Anand Vihar,28.6469,77.316
2026-07-26 08:00:00,29.1,87,0.3,2.3,Anand Vihar,28.6469,77.316
2026-07-26 09:00:00,30.5,80,0.0,2.5,Anand Vihar,28.6469,77.316
2026-07-26 10:00:00,31.5,74,0.1,2.7,Anand Vihar,28.6469,77.316
2026-07-26 11:00:00,32.5,71,0.0,2.8,Anand Vihar,28.6469,77.316
2026-07-26 12:00:00,33.0,69,0.2,3.0,Anand Vihar,28.6469,77.316
2026-07-26 13:00:00,33.6,68,0.0,2.7,Anand Vihar,28.6469,77.316
2026-07-26 14:00:00,33.4,68,0.1,2.6,Anand Vihar,28.6469,77.316
2026-07-26 15:00:00,33.5,68,0.1,2.8,Anand Vihar,28.6469,77.316
2026-07-26 16:00:00,33.2,70,0.1,3.1,Anand Vihar,28.6469,77.316
2026-07-26 17:00:00,33.3,64,0.1,2.2,Anand Vihar,28.6469,77.316
2026-07-26 18:00:00,32.7,69,0.0,2.7,Anand Vihar,28.6469,77.316
2026-07-26 19:00:00,31.8,78,0.0,2.1,Anand Vihar,28.6469,77.316
2026-07-26 20:00:00,31.5,81,0.0,0.6,Anand Vihar,28.6469,77.316
2026-07-26 21:00:00,31.4,82,0.0,1.5,Anand Vihar,28.6469,77.316
2026-07-26 22:00:00,31.0,83,0.0,2.2,Anand Vihar,28.6469,77.316
2026-07-26 23:00:00,30.8,86,0.0,1.8,Anand Vihar,28.6469,77.316
2026-07-27 00:00:00,30.3,86,0.0,1.8,Anand Vihar,28.6469,77.316
2026-07-27 01:00:00,29.9,89,0.0,1.5,Anand Vihar,28.6469,77.316
2026-07-27 02:00:00,29.7,90,0.0,2.2,Anand Vihar,28.6469,77.316
2026-07-27 03:00:00,29.6,89,0.0,2.1,Anand Vihar,28.6469,77.316
2026-07-27 04:00:00,29.4,89,0.0,2.1,Anand Vihar,28.6469,77.316
2026-07-27 05:00:00,29.3,90,0.0,2.2,Anand Vihar,28.6469,77.316
2026-07-27 06:00:00,29.3,90,0.1,1.6,Anand Vihar,28.6469,77.316
2026-07-27 07:00:00,30.2,85,0.0,1.1,Anand Vihar,28.6469,77.316
2026-07-27 08:00:00,31.6,75,0.0,1.0,Anand Vihar,28.6469,77.316
2026-07-27 09:00:00,32.6,69,0.1,1.3,Anand Vihar,28.6469,77.316
2026-07-27 10:00:00,33.4,65,0.1,2.0,Anand Vihar,28.6469,77.316
2026-07-27 11:00:00,34.5,52,0.1,2.4,Anand Vihar,28.6469,77.316
2026-07-27 12:00:00,35.3,50,0.0,3.0,Anand Vihar,28.6469,77.316
2026-07-27 13:00:00,35.7,50,0.0,4.1,Anand Vihar,28.6469,77.316
2026-07-27 14:00:00,35.4,52,0.1,5.2,Anand Vihar,28.6469,77.316
2026-07-27 15:00:00,33.6,56,0.1,4.3,Anand Vihar,28.6469,77.316
2026-07-27 16:00:00,34.0,56,0.2,3.8,Anand Vihar,28.6469,77.316
2026-07-27 17:00:00,33.4,58,0.0,0.9,Anand Vihar,28.6469,77.316
2026-07-27 18:00:00,32.6,65,0.0,2.4,Anand Vihar,28.6469,77.316
2026-07-27 19:00:00,31.8,71,0.0,4.2,Anand Vihar,28.6469,77.316
2026-07-27 20:00:00,30.8,79,0.0,8.9,Anand Vihar,28.6469,77.316
2026-07-27 21:00:00,29.7,84,0.0,9.0,Anand Vihar,28.6469,77.316
2026-07-27 22:00:00,29.3,84,0.0,10.8,Anand Vihar,28.6469,77.316
2026-07-27 23:00:00,30.3,85,0.1,10.3,Anand Vihar,28.6469,77.316
2026-07-28 00:00:00,28.6,89,0.1,12.2,Anand Vihar,28.6469,77.316
2026-07-28 01:00:00,26.9,95,1.3,8.5,Anand Vihar,28.6469,77.316
2026-07-28 02:00:00,26.7,95,0.5,10.6,Anand Vihar,28.6469,77.316
2026-07-28 03:00:00,26.0,96,0.2,7.7,Anand Vihar,28.6469,77.316
2026-07-28 04:00:00,25.9,97,0.3,8.9,Anand Vihar,28.6469,77.316
2026-07-28 05:00:00,28.8,92,0.1,7.5,Anand Vihar,28.6469,77.316
2026-07-28 06:00:00,28.6,93,0.0,7.8,Anand Vihar,28.6469,77.316
2026-07-28 07:00:00,28.9,90,0.1,7.4,Anand Vihar,28.6469,77.316
2026-07-28 08:00:00,27.9,88,1.2,13.1,Anand Vihar,28.6469,77.316
2026-07-28 09:00:00,27.6,91,0.7,8.6,Anand Vihar,28.6469,77.316
2026-07-28 10:00:00,27.2,93,4.6,8.9,Anand Vihar,28.6469,77.316
2026-07-28 11:00:00,27.3,93,0.8,7.7,Anand Vihar,28.6469,77.316
2026-07-28 12:00:00,27.1,94,2.1,9.0,Anand Vihar,28.6469,77.316
2026-07-28 13:00:00,26.9,93,1.6,7.0,Anand Vihar,28.6469,77.316
2026-07-28 14:00:00,27.4,90,0.9,3.9,Anand Vihar,28.6469,77.316
2026-07-28 15:00:00,27.9,85,0.2,4.9,Anand Vihar,28.6469,77.316
2026-07-28 16:00:00,27.7,86,0.4,3.6,Anand Vihar,28.6469,77.316
2026-07-28 17:00:00,30.5,74,0.0,2.8,Anand Vihar,28.6469,77.316
2026-07-28 18:00:00,29.9,77,0.0,3.4,Anand Vihar,28.6469,77.316
2026-07-28 19:00:00,29.0,83,0.0,3.2,Anand Vihar,28.6469,77.316
2026-07-28 20:00:00,28.5,85,0.0,4.2,Anand Vihar,28.6469,77.316
2026-07-28 21:00:00,28.3,87,0.0,4.5,Anand Vihar,28.6469,77.316
2026-07-28 22:00:00,28.0,89,0.2,4.6,Anand Vihar,28.6469,77.316
2026-07-28 23:00:00,27.6,90,0.2,1.9,Anand Vihar,28.6469,77.316
2026-07-29 00:00:00,27.4,92,0.4,1.5,Anand Vihar,28.6469,77.316
2026-07-29 01:00:00,26.9,96,0.8,5.2,Anand Vihar,28.6469,77.316
2026-07-29 02:00:00,26.7,97,0.7,4.7,Anand Vihar,28.6469,77.316
2026-07-29 03:00:00,26.6,97,0.2,3.0,Anand Vihar,28.6469,77.316
2026-07-29 04:00:00,26.6,98,0.0,1.5,Anand Vihar,28.6469,77.316
2026-07-29 05:00:00,27.0,96,0.1,1.6,Anand Vihar,28.6469,77.316
2026-07-29 06:00:00,26.3,98,1.4,1.4,Anand Vihar,28.6469,77.316
2026-07-29 07:00:00,26.5,99,1.5,3.0,Anand Vihar,28.6469,77.316
2026-07-29 08:00:00,27.0,95,0.7,1.5,Anand Vihar,28.6469,77.316
2026-07-29 09:00:00,28.3,85,0.5,2.3,Anand Vihar,28.6469,77.316
2026-07-29 10:00:00,28.9,82,0.1,3.5,Anand Vihar,28.6469,77.316
2026-07-29 11:00:00,30.5,76,0.1,2.4,Anand Vihar,28.6469,77.316
2026-07-29 12:00:00,31.9,71,0.1,2.3,Anand Vihar,28.6469,77.316
2026-07-29 13:00:00,32.3,69,0.1,4.3,Anand Vihar,28.6469,77.316
2026-07-29 14:00:00,32.6,68,0.1,5.6,Anand Vihar,28.6469,77.316
2026-07-29 15:00:00,32.1,70,0.2,2.7,Anand Vihar,28.6469,77.316
2026-07-29 16:00:00,31.1,78,0.3,5.7,Anand Vihar,28.6469,77.316
2026-07-29 17:00:00,33.0,64,0.0,3.5,Anand Vihar,28.6469,77.316
2026-07-29 18:00:00,32.2,69,0.0,3.9,Anand Vihar,28.6469,77.316
2026-07-29 19:00:00,31.1,78,0.0,3.9,Anand Vihar,28.6469,77.316
2026-07-29 20:00:00,30.5,82,0.0,5.3,Anand Vihar,28.6469,77.316
2026-07-29 21:00:00,30.0,84,0.0,5.1,Anand Vihar,28.6469,77.316
2026-07-29 22:00:00,29.5,88,0.0,3.5,Anand Vihar,28.6469,77.316
2026-07-29 23:00:00,29.9,85,0.0,6.4,Anand Vihar,28.6469,77.316
2026-07-30 00:00:00,29.2,89,0.0,7.5,Anand Vihar,28.6469,77.316
2026-07-30 01:00:00,28.9,88,0.0,0.5,Anand Vihar,28.6469,77.316
2026-07-30 02:00:00,25.9,96,1.5,4.3,Anand Vihar,28.6469,77.316
2026-07-30 03:00:00,26.1,97,0.4,2.3,Anand Vihar,28.6469,77.316
2026-07-30 04:00:00,26.4,99,0.1,1.8,Anand Vihar,28.6469,77.316
2026-07-30 05:00:00,28.9,92,0.0,2.8,Anand Vihar,28.6469,77.316
2026-07-30 06:00:00,28.6,94,1.0,1.3,Anand Vihar,28.6469,77.316
2026-07-30 07:00:00,28.8,85,0.4,8.8,Anand Vihar,28.6469,77.316
2026-07-30 08:00:00,29.3,83,0.4,7.4,Anand Vihar,28.6469,77.316
2026-07-30 09:00:00,30.9,75,0.1,5.0,Anand Vihar,28.6469,77.316
2026-07-30 10:00:00,32.1,70,0.0,7.1,Anand Vihar,28.6469,77.316
2026-07-30 11:00:00,32.6,67,0.0,5.6,Anand Vihar,28.6469,77.316
2026-07-30 12:00:00,32.8,65,0.2,6.5,Anand Vihar,28.6469,77.316
2026-07-30 13:00:00,33.0,66,0.1,6.5,Anand Vihar,28.6469,77.316
2026-07-30 14:00:00,33.2,66,0.0,4.1,Anand Vihar,28.6469,77.316
2026-07-30 15:00:00,33.5,63,0.1,4.7,Anand Vihar,28.6469,77.316
2026-07-30 16:00:00,33.7,57,0.1,6.1,Anand Vihar,28.6469,77.316
2026-07-30 17:00:00,31.3,74,0.0,13.1,Anand Vihar,28.6469,77.316
2026-07-30 18:00:00,28.8,84,0.1,10.1,Anand Vihar,28.6469,77.316
2026-07-30 19:00:00,28.8,86,0.0,6.9,Anand Vihar,28.6469,77.316
2026-07-30 20:00:00,28.7,90,0.0,6.7,Anand Vihar,28.6469,77.316
2026-07-30 21:00:00,28.4,91,0.0,7.1,Anand Vihar,28.6469,77.316
2026-07-30 22:00:00,28.4,90,0.0,7.4,Anand Vihar,28.6469,77.316
2026-07-30 23:00:00,29.1,89,0.0,10.3,Anand Vihar,28.6469,77.316
2026-07-31 00:00:00,28.8,90,0.0,10.2,Anand Vihar,28.6469,77.316
2026-07-31 01:00:00,28.7,88,0.0,9.9,Anand Vihar,28.6469,77.316
2026-07-31 02:00:00,28.5,87,0.0,9.8,Anand Vihar,28.6469,77.316
2026-07-31 03:00:00,28.3,87,0.0,9.9,Anand Vihar,28.6469,77.316
2026-07-31 04:00:00,28.0,86,0.0,10.5,Anand Vihar,28.6469,77.316
2026-07-31 05:00:00,28.3,83,0.0,11.6,Anand Vihar,28.6469,77.316
2026-07-31 06:00:00,28.1,84,0.1,9.7,Anand Vihar,28.6469,77.316
2026-07-31 07:00:00,28.7,81,0.0,9.2,Anand Vihar,28.6469,77.316
2026-07-31 08:00:00,29.0,79,0.2,13.1,Anand Vihar,28.6469,77.316
2026-07-31 09:00:00,29.7,75,0.2,13.3,Anand Vihar,28.6469,77.316
2026-07-31 10:00:00,30.2,72,0.3,13.7,Anand Vihar,28.6469,77.316
2026-07-31 11:00:00,30.9,70,0.6,12.4,Anand Vihar,28.6469,77.316
2026-07-31 12:00:00,31.3,66,0.1,14.5,Anand Vihar,28.6469,77.316
2026-07-31 13:00:00,31.6,67,0.2,10.8,Anand Vihar,28.6469,77.316
2026-07-31 14:00:00,32.4,67,0.1,10.6,Anand Vihar,28.6469,77.316
2026-07-31 15:00:00,32.6,66,0.1,11.5,Anand Vihar,28.6469,77.316
2026-07-31 16:00:00,31.8,69,0.5,10.7,Anand Vihar,28.6469,77.316
2026-07-31 17:00:00,31.8,69,0.9,6.7,Anand Vihar,28.6469,77.316
2026-07-31 18:00:00,31.2,73,0.0,7.2,Anand Vihar,28.6469,77.316
2026-07-31 19:00:00,30.3,79,0.0,7.4,Anand Vihar,28.6469,77.316
2026-07-31 20:00:00,29.9,82,0.0,8.1,Anand Vihar,28.6469,77.316
2026-07-31 21:00:00,29.7,82,0.1,10.6,Anand Vihar,28.6469,77.316
2026-07-31 22:00:00,29.2,84,0.0,10.3,Anand Vihar,28.6469,77.316
2026-07-31 23:00:00,28.4,86,0.0,9.2,Anand Vihar,28.6469,77.316
2026-08-01 00:00:00,28.7,86,0.0,10.7,Anand Vihar,28.6469,77.316
2026-08-01 01:00:00,27.8,90,1.0,8.7,Anand Vihar,28.6469,77.316
2026-08-01 02:00:00,27.7,87,0.0,10.1,Anand Vihar,28.6469,77.316
2026-08-01 03:00:00,27.6,88,0.0,9.3,Anand Vihar,28.6469,77.316
2026-08-01 04:00:00,27.6,89,0.0,9.0,Anand Vihar,28.6469,77.316
2026-08-01 05:00:00,27.0,93,0.1,10.0,Anand Vihar,28.6469,77.316
2026-08-01 06:00:00,26.8,92,0.0,12.3,Anand Vihar,28.6469,77.316
2026-08-01 07:00:00,27.1,88,0.2,11.6,Anand Vihar,28.6469,77.316
2026-08-01 08:00:00,27.9,83,0.0,12.1,Anand Vihar,28.6469,77.316
2026-08-01 09:00:00,29.7,76,0.1,11.4,Anand Vihar,28.6469,77.316
2026-08-01 10:00:00,31.0,70,0.2,11.7,Anand Vihar,28.6469,77.316
2026-08-01 11:00:00,32.0,66,0.3,11.4,Anand Vihar,28.6469,77.316
2026-08-01 12:00:00,32.6,66,0.2,10.3,Anand Vihar,28.6469,77.316
2026-08-01 13:00:00,32.4,67,0.2,12.1,Anand Vihar,28.6469,77.316
2026-08-01 14:00:00,31.1,73,0.7,9.0,Anand Vihar,28.6469,77.316
2026-08-01 15:00:00,31.3,74,0.1,8.1,Anand Vihar,28.6469,77.316
2026-08-01 16:00:00,31.8,71,0.1,8.0,Anand Vihar,28.6469,77.316
2026-08-01 17:00:00,30.4,80,0.5,8.2,Anand Vihar,28.6469,77.316
2026-08-01 18:00:00,30.7,78,0.0,6.4,Anand Vihar,28.6469,77.316
2026-08-01 19:00:00,30.2,82,0.0,6.7,Anand Vihar,28.6469,77.316
2026-08-01 20:00:00,29.9,84,0.0,6.5,Anand Vihar,28.6469,77.316
2026-08-01 21:00:00,29.6,85,0.0,8.8,Anand Vihar,28.6469,77.316
2026-08-01 22:00:00,29.4,85,0.0,9.3,Anand Vihar,28.6469,77.316
2026-08-01 23:00:00,26.7,90,0.0,11.0,Anand Vihar,28.6469,77.316
2026-08-02 00:00:00,26.9,91,0.8,11.2,Anand Vihar,28.6469,77.316
2026-08-02 01:00:00,27.0,92,0.4,9.0,Anand Vihar,28.6469,77.316
2026-08-02 02:00:00,27.0,93,0.2,6.6,Anand Vihar,28.6469,77.316
2026-08-02 03:00:00,26.9,94,0.0,6.2,Anand Vihar,28.6469,77.316
2026-08-02 04:00:00,26.9,94,0.0,6.8,Anand Vihar,28.6469,77.316
2026-08-02 05:00:00,27.1,96,0.0,9.2,Anand Vihar,28.6469,77.316
2026-08-02 06:00:00,26.5,96,0.3,10.0,Anand Vihar,28.6469,77.316
2026-08-02 07:00:00,27.1,94,0.4,6.3,Anand Vihar,28.6469,77.316
2026-08-02 08:00:00,28.8,85,0.1,7.9,Anand Vihar,28.6469,77.316
2026-08-02 09:00:00,30.6,76,0.0,8.6,Anand Vihar,28.6469,77.316
2026-08-02 10:00:00,32.0,68,0.1,8.3,Anand Vihar,28.6469,77.316
2026-08-02 11:00:00,33.7,59,0.1,7.5,Anand Vihar,28.6469,77.316
2026-08-02 12:00:00,33.4,61,0.4,7.4,Anand Vihar,28.6469,77.316
2026-08-02 13:00:00,32.4,65,1.0,8.3,Anand Vihar,28.6469,77.316
2026-08-02 14:00:00,32.5,68,0.4,7.5,Anand Vihar,28.6469,77.316
2026-08-02 15:00:00,33.0,65,0.1,6.7,Anand Vihar,28.6469,77.316
2026-08-02 16:00:00,33.0,64,0.3,7.5,Anand Vihar,28.6469,77.316
2026-08-02 17:00:00,29.2,84,0.2,3.6,Anand Vihar,28.6469,77.316
2026-08-02 18:00:00,27.9,90,2.0,10.0,Anand Vihar,28.6469,77.316
2026-08-02 19:00:00,27.5,94,1.8,3.1,Anand Vihar,28.6469,77.316
2026-08-02 20:00:00,27.7,95,0.4,5.2,Anand Vihar,28.6469,77.316
2026-08-02 21:00:00,27.9,96,0.1,4.7,Anand Vihar,28.6469,77.316
2026-08-02 22:00:00,27.9,97,0.0,6.8,Anand Vihar,28.6469,77.316
2026-08-02 23:00:00,28.8,96,0.0,6.8,Anand Vihar,28.6469,77.316
2026-08-03 00:00:00,28.5,97,0.0,7.2,Anand Vihar,28.6469,77.316
2026-08-03 01:00:00,28.3,96,0.0,7.7,Anand Vihar,28.6469,77.316
2026-08-03 02:00:00,27.7,94,0.0,8.4,Anand Vihar,28.6469,77.316
2026-08-03 03:00:00,27.4,94,0.0,7.6,Anand Vihar,28.6469,77.316
2026-08-03 04:00:00,27.3,95,0.0,7.7,Anand Vihar,28.6469,77.316
2026-08-03 05:00:00,27.7,95,0.0,8.3,Anand Vihar,28.6469,77.316
2026-08-03 06:00:00,27.1,97,0.1,2.3,Anand Vihar,28.6469,77.316
2026-08-03 07:00:00,27.7,93,0.1,7.3,Anand Vihar,28.6469,77.316
2026-08-03 08:00:00,28.7,87,0.1,4.2,Anand Vihar,28.6469,77.316
2026-08-03 09:00:00,29.6,81,0.0,2.7,Anand Vihar,28.6469,77.316
2026-08-03 10:00:00,30.8,77,0.0,4.7,Anand Vihar,28.6469,77.316
2026-08-03 11:00:00,31.7,71,0.1,5.4,Anand Vihar,28.6469,77.316
2026-08-03 12:00:00,33.3,65,0.2,6.7,Anand Vihar,28.6469,77.316
2026-08-03 13:00:00,34.1,62,0.0,7.5,Anand Vihar,28.6469,77.316
2026-08-03 14:00:00,31.9,68,1.0,12.5,Anand Vihar,28.6469,77.316
2026-08-03 15:00:00,31.6,74,0.5,2.4,Anand Vihar,28.6469,77.316
2026-08-03 16:00:00,31.3,74,0.1,6.0,Anand Vihar,28.6469,77.316
2026-08-03 17:00:00,33.3,67,0.2,9.3,Anand Vihar,28.6469,77.316
2026-08-03 18:00:00,30.6,75,0.0,7.7,Anand Vihar,28.6469,77.316
2026-08-03 19:00:00,27.4,93,7.7,4.0,Anand Vihar,28.6469,77.316
2026-08-03 20:00:00,27.4,95,1.6,6.5,Anand Vihar,28.6469,77.316
2026-08-03 21:00:00,27.4,94,1.2,2.3,Anand Vihar,28.6469,77.316
2026-08-03 22:00:00,27.2,94,0.9,2.4,Anand Vihar,28.6469,77.316
2026-08-03 23:00:00,26.7,97,0.4,4.1,Anand Vihar,28.6469,77.316
2026-08-04 00:00:00,27.1,96,1.5,6.4,Anand Vihar,28.6469,77.316
2026-08-04 01:00:00,27.0,97,0.4,7.2,Anand Vihar,28.6469,77.316
2026-08-04 02:00:00,26.7,98,0.2,5.8,Anand Vihar,28.6469,77.316
2026-08-04 03:00:00,26.7,97,0.1,4.9,Anand Vihar,28.6469,77.316
2026-08-04 04:00:00,26.7,97,0.0,3.6,Anand Vihar,28.6469,77.316
2026-08-04 05:00:00,27.0,96,0.0,8.4,Anand Vihar,28.6469,77.316
2026-08-04 06:00:00,26.6,97,0.3,8.5,Anand Vihar,28.6469,77.316
2026-08-04 07:00:00,27.1,93,0.2,1.9,Anand Vihar,28.6469,77.316
2026-08-04 08:00:00,28.0,88,0.0,2.9,Anand Vihar,28.6469,77.316
2026-08-04 09:00:00,29.7,79,0.0,4.7,Anand Vihar,28.6469,77.316
2026-08-04 10:00:00,30.6,77,0.1,3.2,Anand Vihar,28.6469,77.316
2026-08-04 11:00:00,28.9,85,0.4,5.4,Anand Vihar,28.6469,77.316
2026-08-04 12:00:00,28.2,91,2.8,4.4,Anand Vihar,28.6469,77.316
2026-08-04 13:00:00,28.8,85,0.6,7.1,Anand Vihar,28.6469,77.316
2026-08-04 14:00:00,29.1,84,0.3,7.6,Anand Vihar,28.6469,77.316
2026-08-04 15:00:00,29.5,82,0.2,5.5,Anand Vihar,28.6469,77.316
2026-08-04 16:00:00,29.1,83,0.1,3.7,Anand Vihar,28.6469,77.316
2026-08-04 17:00:00,27.5,92,0.0,1.5,Anand Vihar,28.6469,77.316
2026-08-04 18:00:00,27.3,94,1.8,1.9,Anand Vihar,28.6469,77.316
2026-08-04 19:00:00,27.2,95,0.9,1.0,Anand Vihar,28.6469,77.316
2026-08-04 20:00:00,27.3,96,0.6,1.5,Anand Vihar,28.6469,77.316
2026-08-04 21:00:00,27.3,96,0.6,1.6,Anand Vihar,28.6469,77.316
2026-08-04 22:00:00,27.1,96,0.9,1.1,Anand Vihar,28.6469,77.316
2026-08-04 23:00:00,27.7,96,0.5,2.2,Anand Vihar,28.6469,77.316
2026-08-05 00:00:00,27.5,97,0.0,2.7,Anand Vihar,28.6469,77.316
2026-08-05 01:00:00,27.4,99,0.0,1.8,Anand Vihar,28.6469,77.316
2026-08-05 02:00:00,27.4,93,0.1,1.5,Anand Vihar,28.6469,77.316
2026-08-05 03:00:00,27.0,92,0.1,2.6,Anand Vihar,28.6469,77.316
2026-08-05 04:00:00,26.4,96,1.0,3.3,Anand Vihar,28.6469,77.316
2026-08-05 05:00:00,26.1,95,0.1,2.2,Anand Vihar,28.6469,77.316
2026-08-05 06:00:00,25.7,95,2.4,2.0,Anand Vihar,28.6469,77.316
2026-08-05 07:00:00,26.8,94,0.1,2.8,Anand Vihar,28.6469,77.316
2026-08-05 08:00:00,28.5,85,0.0,2.2,Anand Vihar,28.6469,77.316
2026-08-05 09:00:00,30.0,77,0.0,3.7,Anand Vihar,28.6469,77.316
2026-08-05 10:00:00,31.3,69,0.0,4.7,Anand Vihar,28.6469,77.316
2026-08-05 11:00:00,31.6,71,0.1,3.6,Anand Vihar,28.6469,77.316
2026-08-05 12:00:00,31.1,72,0.1,4.4,Anand Vihar,28.6469,77.316
2026-08-05 13:00:00,31.9,69,0.0,5.0,Anand Vihar,28.6469,77.316
2026-08-05 14:00:00,31.8,68,0.0,5.7,Anand Vihar,28.6469,77.316
2026-08-05 15:00:00,33.0,62,0.0,6.9,Anand Vihar,28.6469,77.316
2026-08-05 16:00:00,32.7,63,0.0,4.5,Anand Vihar,28.6469,77.316
2026-08-05 17:00:00,28.3,94,0.0,5.3,Anand Vihar,28.6469,77.316
2026-08-05 18:00:00,28.4,88,0.9,4.6,Anand Vihar,28.6469,77.316
2026-08-05 19:00:00,28.1,90,0.5,7.0,Anand Vihar,28.6469,77.316
2026-08-05 20:00:00,27.6,92,0.9,6.7,Anand Vihar,28.6469,77.316
2026-08-05 21:00:00,27.8,93,0.0,5.3,Anand Vihar,28.6469,77.316
2026-08-05 22:00:00,27.8,95,0.0,4.4,Anand Vihar,28.6469,77.316
2026-08-05 23:00:00,27.3,100,0.1,5.4,Anand Vihar,28.6469,77.316
2026-08-06 00:00:00,27.3,96,2.8,2.6,Anand Vihar,28.6469,77.316
2026-08-06 01:00:00,26.4,95,2.1,5.6,Anand Vihar,28.6469,77.316
2026-08-06 02:00:00,26.5,96,2.5,3.8,Anand Vihar,28.6469,77.316
2026-08-06 03:00:00,26.8,95,0.1,4.4,Anand Vihar,28.6469,77.316
2026-08-06 04:00:00,26.9,97,0.0,5.4,Anand Vihar,28.6469,77.316
2026-08-06 05:00:00,27.4,95,0.0,3.5,Anand Vihar,28.6469,77.316
2026-08-06 06:00:00,27.5,94,0.2,2.7,Anand Vihar,28.6469,77.316
2026-08-06 07:00:00,27.7,92,0.3,6.7,Anand Vihar,28.6469,77.316
2026-08-06 08:00:00,27.3,90,0.7,7.0,Anand Vihar,28.6469,77.316
2026-08-06 09:00:00,27.0,88,1.8,3.6,Anand Vihar,28.6469,77.316
2026-08-06 10:00:00,26.7,87,1.5,1.6,Anand Vihar,28.6469,77.316
2026-08-06 11:00:00,26.8,85,1.0,1.8,Anand Vihar,28.6469,77.316
2026-08-06 12:00:00,28.0,80,1.0,3.0,Anand Vihar,28.6469,77.316
2026-08-06 13:00:00,27.5,84,0.6,4.6,Anand Vihar,28.6469,77.316
2026-08-06 14:00:00,27.3,85,0.3,5.5,Anand Vihar,28.6469,77.316
2026-08-06 15:00:00,27.2,87,0.4,5.5,Anand Vihar,28.6469,77.316
2026-08-06 16:00:00,27.8,84,0.0,6.9,Anand Vihar,28.6469,77.316
2026-08-06 17:00:00,27.7,90,0.0,8.9,Anand Vihar,28.6469,77.316
2026-08-06 18:00:00,27.5,91,0.4,7.4,Anand Vihar,28.6469,77.316
2026-08-06 19:00:00,27.3,92,0.1,5.2,Anand Vihar,28.6469,77.316
2026-08-06 20:00:00,27.1,93,0.0,4.7,Anand Vihar,28.6469,77.316
2026-08-06 21:00:00,27.0,94,0.0,5.7,Anand Vihar,28.6469,77.316
2026-08-06 22:00:00,26.9,94,0.0,5.9,Anand Vihar,28.6469,77.316
2026-08-06 23:00:00,26.7,93,0.0,8.7,Anand Vihar,28.6469,77.316
2026-08-07 00:00:00,26.0,97,1.7,8.0,Anand Vihar,28.6469,77.316
2026-08-07 01:00:00,26.0,97,1.2,3.3,Anand Vihar,28.6469,77.316
2026-08-07 02:00:00,26.0,98,0.2,4.2,Anand Vihar,28.6469,77.316
2026-08-07 03:00:00,25.9,99,0.0,6.0,Anand Vihar,28.6469,77.316
2026-08-07 04:00:00,25.9,95,0.2,6.9,Anand Vihar,28.6469,77.316
2026-08-07 05:00:00,26.3,97,2.8,3.9,Anand Vihar,28.6469,77.316
2026-08-07 06:00:00,26.2,98,0.8,6.1,Anand Vihar,28.6469,77.316
2026-08-07 07:00:00,25.9,96,4.2,7.8,Anand Vihar,28.6469,77.316
2026-08-07 08:00:00,26.5,94,2.8,9.7,Anand Vihar,28.6469,77.316
2026-08-07 09:00:00,26.6,92,3.4,12.4,Anand Vihar,28.6469,77.316
2026-08-07 10:00:00,27.0,92,1.6,11.1,Anand Vihar,28.6469,77.316
2026-08-07 11:00:00,27.3,90,2.4,14.6,Anand Vihar,28.6469,77.316
2026-08-07 12:00:00,26.4,96,7.6,11.8,Anand Vihar,28.6469,77.316
2026-08-07 13:00:00,27.2,95,1.9,12.0,Anand Vihar,28.6469,77.316
2026-08-07 14:00:00,28.4,89,0.6,10.5,Anand Vihar,28.6469,77.316
2026-08-07 15:00:00,29.5,82,0.1,11.1,Anand Vihar,28.6469,77.316
2026-08-07 16:00:00,28.6,79,0.8,12.6,Anand Vihar,28.6469,77.316
2026-08-07 17:00:00,27.2,92,9.6,9.8,Anand Vihar,28.6469,77.316
2026-08-07 18:00:00,27.0,93,1.1,8.2,Anand Vihar,28.6469,77.316
2026-08-07 19:00:00,26.7,95,1.1,7.7,Anand Vihar,28.6469,77.316
2026-08-07 20:00:00,26.4,95,0.2,12.1,Anand Vihar,28.6469,77.316
2026-08-07 21:00:00,25.7,97,3.0,11.7,Anand Vihar,28.6469,77.316
2026-08-07 22:00:00,25.7,96,8.3,9.3,Anand Vihar,28.6469,77.316
2026-08-07 23:00:00,25.9,97,11.9,2.3,Anand Vihar,28.6469,77.316
2026-08-08 00:00:00,26.0,98,1.4,7.2,Anand Vihar,28.6469,77.316
2026-08-08 01:00:00,25.8,96,0.3,10.3,Anand Vihar,28.6469,77.316
2026-08-08 02:00:00,25.3,96,1.8,6.8,Anand Vihar,28.6469,77.316
2026-08-08 03:00:00,24.9,99,5.7,7.6,Anand Vihar,28.6469,77.316
2026-08-08 04:00:00,24.8,99,5.8,6.5,Anand Vihar,28.6469,77.316
2026-08-08 05:00:00,25.5,96,0.5,2.2,Anand Vihar,28.6469,77.316
2026-08-08 06:00:00,25.6,96,5.8,10.5,Anand Vihar,28.6469,77.316
2026-08-08 07:00:00,26.0,95,1.3,6.9,Anand Vihar,28.6469,77.316
2026-08-08 08:00:00,27.3,93,0.3,4.8,Anand Vihar,28.6469,77.316
2026-08-08 09:00:00,29.6,85,0.1,6.5,Anand Vihar,28.6469,77.316
2026-08-08 10:00:00,31.1,77,0.1,12.6,Anand Vihar,28.6469,77.316
2026-08-08 11:00:00,29.6,80,0.8,13.3,Anand Vihar,28.6469,77.316
2026-08-08 12:00:00,31.2,74,0.5,12.4,Anand Vihar,28.6469,77.316
2026-08-08 13:00:00,30.8,73,0.5,12.9,Anand Vihar,28.6469,77.316
2026-08-08 14:00:00,30.7,76,1.0,7.0,Anand Vihar,28.6469,77.316
2026-08-08 15:00:00,32.3,66,0.1,8.1,Anand Vihar,28.6469,77.316
2026-08-08 16:00:00,32.2,66,0.1,7.4,Anand Vihar,28.6469,77.316
2026-08-08 17:00:00,31.1,73,0.8,8.6,Anand Vihar,28.6469,77.316
2026-08-08 18:00:00,30.3,78,0.0,6.5,Anand Vihar,28.6469,77.316
2026-08-08 19:00:00,29.4,82,0.0,5.9,Anand Vihar,28.6469,77.316
2026-08-08 20:00:00,29.1,85,0.0,4.0,Anand Vihar,28.6469,77.316
2026-08-08 21:00:00,28.9,87,0.0,6.4,Anand Vihar,28.6469,77.316
2026-08-08 22:00:00,28.6,87,0.0,5.4,Anand Vihar,28.6469,77.316
2026-08-08 23:00:00,29.1,89,0.0,2.6,Anand Vihar,28.6469,77.316
2026-08-09 00:00:00,28.5,90,0.1,3.1,Anand Vihar,28.6469,77.316
2026-08-09 01:00:00,28.2,90,0.4,2.9,Anand Vihar,28.6469,77.316
2026-08-09 02:00:00,27.2,92,0.3,5.8,Anand Vihar,28.6469,77.316
2026-08-09 03:00:00,26.9,94,0.6,5.2,Anand Vihar,28.6469,77.316
2026-08-09 04:00:00,26.6,95,0.2,4.8,Anand Vihar,28.6469,77.316
2026-08-09 05:00:00,25.3,97,0.1,4.7,Anand Vihar,28.6469,77.316
2026-08-09 06:00:00,26.0,96,0.0,3.5,Anand Vihar,28.6469,77.316
2026-08-09 07:00:00,27.3,93,0.0,1.8,Anand Vihar,28.6469,77.316
2026-08-09 08:00:00,29.2,85,0.0,3.1,Anand Vihar,28.6469,77.316
2026-08-09 09:00:00,30.8,79,0.0,5.1,Anand Vihar,28.6469,77.316
2026-08-09 10:00:00,31.7,74,0.1,6.5,Anand Vihar,28.6469,77.316
2026-08-09 11:00:00,32.6,68,0.0,8.9,Anand Vihar,28.6469,77.316
2026-08-09 12:00:00,32.9,66,0.2,6.1,Anand Vihar,28.6469,77.316
2026-08-09 13:00:00,33.6,62,0.0,4.8,Anand Vihar,28.6469,77.316
2026-08-09 14:00:00,33.9,61,0.0,4.4,Anand Vihar,28.6469,77.316
2026-08-09 15:00:00,34.1,61,0.0,2.2,Anand Vihar,28.6469,77.316
2026-08-09 16:00:00,33.8,61,0.0,3.3,Anand Vihar,28.6469,77.316
2026-08-09 17:00:00,34.0,60,0.0,3.3,Anand Vihar,28.6469,77.316
2026-08-09 18:00:00,32.0,71,0.5,4.4,Anand Vihar,28.6469,77.316
2026-08-09 19:00:00,30.9,80,0.0,4.4,Anand Vihar,28.6469,77.316
2026-08-09 20:00:00,30.4,82,0.0,4.7,Anand Vihar,28.6469,77.316
2026-08-09 21:00:00,30.0,83,0.0,4.0,Anand Vihar,28.6469,77.316
2026-08-09 22:00:00,29.6,85,0.0,3.7,Anand Vihar,28.6469,77.316
2026-08-09 23:00:00,30.3,80,0.0,7.4,Anand Vihar,28.6469,77.316
2026-08-10 00:00:00,29.3,85,0.0,3.1,Anand Vihar,28.6469,77.316
2026-08-10 01:00:00,27.4,92,0.2,9.0,Anand Vihar,28.6469,77.316
2026-08-10 02:00:00,27.1,92,0.1,4.4,Anand Vihar,28.6469,77.316
2026-08-10 03:00:00,27.4,93,0.0,4.1,Anand Vihar,28.6469,77.316
2026-08-10 04:00:00,27.7,93,0.0,4.6,Anand Vihar,28.6469,77.316
2026-08-10 05:00:00,27.8,90,0.0,8.1,Anand Vihar,28.6469,77.316
2026-08-10 06:00:00,27.4,91,0.1,6.6,Anand Vihar,28.6469,77.316
2026-08-10 07:00:00,27.5,89,0.1,5.0,Anand Vihar,28.6469,77.316
2026-08-10 08:00:00,28.5,85,0.0,6.0,Anand Vihar,28.6469,77.316
2026-08-10 09:00:00,29.7,80,0.0,7.6,Anand Vihar,28.6469,77.316
2026-08-10 10:00:00,31.1,74,0.0,5.5,Anand Vihar,28.6469,77.316
2026-08-10 11:00:00,33.0,64,0.0,6.2,Anand Vihar,28.6469,77.316
2026-08-10 12:00:00,33.0,66,0.0,4.9,Anand Vihar,28.6469,77.316
2026-08-10 13:00:00,29.5,81,3.0,13.6,Anand Vihar,28.6469,77.316
2026-08-10 14:00:00,28.4,89,3.2,2.0,Anand Vihar,28.6469,77.316
2026-08-10 15:00:00,29.2,86,1.1,1.9,Anand Vihar,28.6469,77.316
2026-08-10 16:00:00,29.6,83,0.0,2.7,Anand Vihar,28.6469,77.316
2026-08-10 17:00:00,29.9,82,0.0,8.5,Anand Vihar,28.6469,77.316
2026-08-10 18:00:00,29.4,85,0.0,6.2,Anand Vihar,28.6469,77.316
2026-08-10 19:00:00,28.9,88,0.0,6.0,Anand Vihar,28.6469,77.316
2026-08-10 20:00:00,28.6,90,0.0,5.3,Anand Vihar,28.6469,77.316
2026-08-10 21:00:00,28.6,91,0.0,3.4,Anand Vihar,28.6469,77.316
2026-08-10 22:00:00,28.5,92,0.0,3.2,Anand Vihar,28.6469,77.316
2026-08-10 23:00:00,27.9,95,0.0,6.0,Anand Vihar,28.6469,77.316
2026-08-11 00:00:00,27.7,95,0.2,9.6,Anand Vihar,28.6469,77.316
2026-08-11 01:00:00,27.5,94,0.0,8.5,Anand Vihar,28.6469,77.316
2026-08-11 02:00:00,27.3,95,0.0,8.8,Anand Vihar,28.6469,77.316
2026-08-11 03:00:00,27.1,96,0.1,7.6,Anand Vihar,28.6469,77.316
2026-08-11 04:00:00,27.3,90,0.1,7.8,Anand Vihar,28.6469,77.316
2026-08-11 05:00:00,26.8,94,0.8,7.2,Anand Vihar,28.6469,77.316
2026-08-11 06:00:00,27.0,93,0.1,7.3,Anand Vihar,28.6469,77.316
2026-08-11 07:00:00,27.6,90,0.0,8.1,Anand Vihar,28.6469,77.316
2026-08-11 08:00:00,28.5,87,0.0,5.7,Anand Vihar,28.6469,77.316
2026-08-11 09:00:00,29.0,85,0.0,5.6,Anand Vihar,28.6469,77.316
2026-08-11 10:00:00,30.1,81,0.1,4.3,Anand Vihar,28.6469,77.316
2026-08-11 11:00:00,30.0,81,0.9,4.0,Anand Vihar,28.6469,77.316
2026-08-11 12:00:00,28.2,88,4.5,7.7,Anand Vihar,28.6469,77.316
2026-08-11 13:00:00,28.3,92,2.1,5.4,Anand Vihar,28.6469,77.316
2026-08-11 14:00:00,29.2,89,0.6,4.8,Anand Vihar,28.6469,77.316
2026-08-11 15:00:00,30.3,83,0.2,5.5,Anand Vihar,28.6469,77.316
2026-08-11 16:00:00,30.5,79,0.0,5.0,Anand Vihar,28.6469,77.316
2026-08-11 17:00:00,30.4,79,0.2,3.8,Anand Vihar,28.6469,77.316
2026-08-11 18:00:00,30.2,80,0.1,2.7,Anand Vihar,28.6469,77.316
2026-08-11 19:00:00,29.3,87,0.2,3.1,Anand Vihar,28.6469,77.316
2026-08-11 20:00:00,28.9,89,0.2,4.4,Anand Vihar,28.6469,77.316
2026-08-11 21:00:00,28.7,89,0.1,3.6,Anand Vihar,28.6469,77.316
2026-08-11 22:00:00,28.3,90,0.0,4.4,Anand Vihar,28.6469,77.316
2026-08-11 23:00:00,28.7,87,0.0,4.9,Anand Vihar,28.6469,77.316
2026-08-12 00:00:00,28.4,88,0.0,3.1,Anand Vihar,28.6469,77.316
2026-08-12 01:00:00,28.3,89,0.0,0.5,Anand Vihar,28.6469,77.316
2026-08-12 02:00:00,27.8,91,0.0,2.8,Anand Vihar,28.6469,77.316
2026-08-12 03:00:00,27.4,93,0.0,3.6,Anand Vihar,28.6469,77.316
2026-08-12 04:00:00,27.1,95,0.0,2.4,Anand Vihar,28.6469,77.316
2026-08-12 05:00:00,27.5,97,0.0,2.2,Anand Vihar,28.6469,77.316
2026-08-12 06:00:00,27.4,97,0.0,2.9,Anand Vihar,28.6469,77.316
2026-08-12 07:00:00,28.5,92,0.0,2.7,Anand Vihar,28.6469,77.316
2026-08-12 08:00:00,30.0,82,0.0,3.1,Anand Vihar,28.6469,77.316
2026-08-12 09:00:00,31.2,74,0.0,3.4,Anand Vihar,28.6469,77.316
2026-08-12 10:00:00,32.1,69,0.1,2.7,Anand Vihar,28.6469,77.316
2026-08-12 11:00:00,33.0,64,0.1,3.5,Anand Vihar,28.6469,77.316
2026-08-12 12:00:00,33.6,63,0.1,2.3,Anand Vihar,28.6469,77.316
2026-08-12 13:00:00,34.1,60,0.1,1.9,Anand Vihar,28.6469,77.316
2026-08-12 14:00:00,34.5,59,0.1,0.2,Anand Vihar,28.6469,77.316
2026-08-12 15:00:00,34.7,59,0.0,0.2,Anand Vihar,28.6469,77.316
2026-08-12 16:00:00,34.4,60,0.0,0.0,Anand Vihar,28.6469,77.316
2026-08-12 17:00:00,34.3,61,0.2,3.5,Anand Vihar,28.6469,77.316
2026-08-12 18:00:00,31.9,73,0.5,5.8,Anand Vihar,28.6469,77.316
2026-08-12 19:00:00,30.0,83,0.3,8.1,Anand Vihar,28.6469,77.316
2026-08-12 20:00:00,28.7,87,0.0,5.9,Anand Vihar,28.6469,77.316
2026-08-12 21:00:00,28.6,91,0.0,6.3,Anand Vihar,28.6469,77.316
2026-08-12 22:00:00,28.5,92,0.0,5.0,Anand Vihar,28.6469,77.316
2026-08-12 23:00:00,30.0,84,0.0,5.8,Anand Vihar,28.6469,77.316
2026-08-13 00:00:00,29.3,87,0.0,3.8,Anand Vihar,28.6469,77.316
2026-08-13 01:00:00,29.0,88,0.0,4.2,Anand Vihar,28.6469,77.316
2026-08-13 02:00:00,28.8,88,0.0,4.3,Anand Vihar,28.6469,77.316
2026-08-13 03:00:00,28.5,89,0.0,5.6,Anand Vihar,28.6469,77.316
2026-08-13 04:00:00,28.1,92,0.0,3.1,Anand Vihar,28.6469,77.316
2026-08-13 05:00:00,27.3,95,0.0,5.1,Anand Vihar,28.6469,77.316
2026-08-13 06:00:00,26.9,94,0.2,10.1,Anand Vihar,28.6469,77.316
2026-08-13 07:00:00,28.1,90,0.0,6.3,Anand Vihar,28.6469,77.316
2026-08-13 08:00:00,30.1,80,0.0,3.8,Anand Vihar,28.6469,77.316
2026-08-13 09:00:00,31.6,75,0.0,4.1,Anand Vihar,28.6469,77.316
2026-08-13 10:00:00,32.6,71,0.0,2.7,Anand Vihar,28.6469,77.316
2026-08-13 11:00:00,33.3,67,0.1,3.1,Anand Vihar,28.6469,77.316
2026-08-13 12:00:00,34.2,64,0.0,3.5,Anand Vihar,28.6469,77.316
2026-08-13 13:00:00,33.5,63,0.2,8.2,Anand Vihar,28.6469,77.316
2026-08-13 14:00:00,32.8,68,0.8,3.9,Anand Vihar,28.6469,77.316
2026-08-13 15:00:00,33.7,66,0.0,5.1,Anand Vihar,28.6469,77.316
2026-08-13 16:00:00,33.5,67,0.0,4.8,Anand Vihar,28.6469,77.316
2026-08-13 17:00:00,30.2,87,0.7,3.8,Anand Vihar,28.6469,77.316
2026-08-13 18:00:00,30.3,85,0.2,1.8,Anand Vihar,28.6469,77.316
2026-08-13 19:00:00,29.9,89,0.0,3.8,Anand Vihar,28.6469,77.316
2026-08-13 20:00:00,30.0,89,0.0,2.7,Anand Vihar,28.6469,77.316
2026-08-13 21:00:00,30.1,88,0.0,2.5,Anand Vihar,28.6469,77.316
2026-08-13 22:00:00,29.9,88,0.0,3.3,Anand Vihar,28.6469,77.316
2026-08-13 23:00:00,30.5,88,0.0,2.1,Anand Vihar,28.6469,77.316
2026-08-14 00:00:00,30.0,88,0.0,3.1,Anand Vihar,28.6469,77.316
2026-08-14 01:00:00,29.6,89,0.0,4.2,Anand Vihar,28.6469,77.316
2026-08-14 02:00:00,29.4,89,0.0,3.9,Anand Vihar,28.6469,77.316
2026-08-14 03:00:00,29.2,89,0.0,4.0,Anand Vihar,28.6469,77.316
2026-08-14 04:00:00,28.9,90,0.0,4.6,Anand Vihar,28.6469,77.316
2026-08-14 05:00:00,27.5,96,0.0,0.7,Anand Vihar,28.6469,77.316
2026-08-14 06:00:00,26.8,98,2.9,3.8,Anand Vihar,28.6469,77.316
2026-08-14 07:00:00,27.2,96,0.8,4.1,Anand Vihar,28.6469,77.316
2026-08-14 08:00:00,28.2,91,0.2,2.8,Anand Vihar,28.6469,77.316
2026-08-14 09:00:00,28.8,85,0.2,3.7,Anand Vihar,28.6469,77.316
2026-08-14 10:00:00,29.8,81,0.1,1.2,Anand Vihar,28.6469,77.316
2026-08-14 11:00:00,30.4,79,0.1,2.4,Anand Vihar,28.6469,77.316
2026-08-14 12:00:00,30.6,80,0.7,1.5,Anand Vihar,28.6469,77.316
2026-08-14 13:00:00,31.2,78,0.3,2.6,Anand Vihar,28.6469,77.316
2026-08-14 14:00:00,30.3,80,0.3,5.4,Anand Vihar,28.6469,77.316
2026-08-14 15:00:00,29.1,85,0.8,1.5,Anand Vihar,28.6469,77.316
2026-08-14 16:00:00,29.4,84,0.4,0.9,Anand Vihar,28.6469,77.316
2026-08-14 17:00:00,29.9,80,0.1,4.1,Anand Vihar,28.6469,77.316
2026-08-14 18:00:00,29.3,83,0.0,3.6,Anand Vihar,28.6469,77.316
2026-08-14 19:00:00,28.7,87,0.0,4.2,Anand Vihar,28.6469,77.316
2026-08-14 20:00:00,28.3,89,0.0,4.5,Anand Vihar,28.6469,77.316
2026-08-14 21:00:00,28.2,89,0.0,1.7,Anand Vihar,28.6469,77.316
2026-08-14 22:00:00,28.1,90,0.0,2.7,Anand Vihar,28.6469,77.316
2026-08-14 23:00:00,28.3,88,0.0,3.3,Anand Vihar,28.6469,77.316
2026-08-15 00:00:00,28.0,90,0.0,1.8,Anand Vihar,28.6469,77.316
2026-08-15 01:00:00,27.7,92,0.0,2.4,Anand Vihar,28.6469,77.316
2026-08-15 02:00:00,27.5,93,0.0,1.9,Anand Vihar,28.6469,77.316
2026-08-15 03:00:00,27.3,93,0.0,2.2,Anand Vihar,28.6469,77.316
2026-08-15 04:00:00,27.2,94,0.0,0.2,Anand Vihar,28.6469,77.316
2026-08-15 05:00:00,26.7,95,0.0,4.7,Anand Vihar,28.6469,77.316
2026-08-15 06:00:00,26.5,99,1.2,3.1,Anand Vihar,28.6469,77.316
2026-08-15 07:00:00,26.5,98,1.6,2.1,Anand Vihar,28.6469,77.316
2026-08-15 08:00:00,27.5,93,0.6,2.7,Anand Vihar,28.6469,77.316
2026-08-15 09:00:00,28.0,89,0.3,2.4,Anand Vihar,28.6469,77.316
2026-08-15 10:00:00,29.6,82,0.1,0.8,Anand Vihar,28.6469,77.316
2026-08-15 11:00:00,32.3,71,0.0,5.5,Anand Vihar,28.6469,77.316
2026-08-15 12:00:00,31.8,70,0.1,8.7,Anand Vihar,28.6469,77.316
2026-08-15 13:00:00,30.6,80,2.3,5.5,Anand Vihar,28.6469,77.316
2026-08-15 14:00:00,32.3,71,0.3,4.6,Anand Vihar,28.6469,77.316
2026-08-15 15:00:00,32.7,64,0.3,8.3,Anand Vihar,28.6469,77.316
2026-08-15 16:00:00,32.5,67,0.1,6.4,Anand Vihar,28.6469,77.316
2026-08-15 17:00:00,31.9,73,0.0,9.6,Anand Vihar,28.6469,77.316
2026-08-15 18:00:00,31.3,78,0.0,4.8,Anand Vihar,28.6469,77.316
2026-08-15 19:00:00,30.7,82,0.0,4.9,Anand Vihar,28.6469,77.316
2026-08-15 20:00:00,30.3,85,0.0,5.0,Anand Vihar,28.6469,77.316
2026-08-15 21:00:00,30.0,87,0.0,3.8,Anand Vihar,28.6469,77.316
2026-08-15 22:00:00,29.7,88,0.0,3.1,Anand Vihar,28.6469,77.316
2026-08-15 23:00:00,29.6,83,0.0,8.4,Anand Vihar,28.6469,77.316
2026-08-16 00:00:00,29.1,86,0.0,7.0,Anand Vihar,28.6469,77.316
2026-08-16 01:00:00,28.8,88,0.1,4.9,Anand Vihar,28.6469,77.316
2026-08-16 02:00:00,28.6,88,0.4,9.0,Anand Vihar,28.6469,77.316
2026-08-16 03:00:00,26.1,93,2.2,8.0,Anand Vihar,28.6469,77.316
2026-08-16 04:00:00,26.4,92,0.3,8.0,Anand Vihar,28.6469,77.316
2026-08-16 05:00:00,28.0,86,0.0,10.3,Anand Vihar,28.6469,77.316
2026-08-16 06:00:00,27.7,85,0.2,10.6,Anand Vihar,28.6469,77.316
2026-08-16 07:00:00,28.7,80,0.1,10.7,Anand Vihar,28.6469,77.316
2026-08-16 08:00:00,29.5,78,0.0,8.8,Anand Vihar,28.6469,77.316
2026-08-16 09:00:00,30.2,76,0.0,6.5,Anand Vihar,28.6469,77.316
2026-08-16 10:00:00,31.9,70,0.0,6.1,Anand Vihar,28.6469,77.316
2026-08-16 11:00:00,32.6,67,0.0,7.2,Anand Vihar,28.6469,77.316
2026-08-16 12:00:00,33.3,65,0.1,7.2,Anand Vihar,28.6469,77.316
2026-08-16 13:00:00,33.5,65,0.0,5.7,Anand Vihar,28.6469,77.316
2026-08-16 14:00:00,33.6,65,0.0,7.2,Anand Vihar,28.6469,77.316
2026-08-16 15:00:00,33.5,64,0.1,10.4,Anand Vihar,28.6469,77.316
2026-08-16 16:00:00,33.2,65,0.1,6.7,Anand Vihar,28.6469,77.316
2026-08-16 17:00:00,31.6,74,0.1,4.5,Anand Vihar,28.6469,77.316
2026-08-16 18:00:00,31.2,78,0.0,2.2,Anand Vihar,28.6469,77.316
2026-08-16 19:00:00,30.6,81,0.2,4.3,Anand Vihar,28.6469,77.316
2026-08-16 20:00:00,29.9,84,0.5,7.0,Anand Vihar,28.6469,77.316
2026-08-16 21:00:00,29.5,87,0.0,5.7,Anand Vihar,28.6469,77.316
2026-08-16 22:00:00,29.1,88,0.1,6.6,Anand Vihar,28.6469,77.316
2026-08-16 23:00:00,29.5,84,0.0,5.5,Anand Vihar,28.6469,77.316
2026-07-18 00:00:00,31.4,68,0.0,6.1,Vasant Kunj,28.5293,77.1541
2026-07-18 01:00:00,31.0,67,0.0,3.1,Vasant Kunj,28.5293,77.1541
2026-07-18 02:00:00,30.8,66,0.0,3.5,Vasant Kunj,28.5293,77.1541
2026-07-18 03:00:00,30.8,63,0.0,4.5,Vasant Kunj,28.5293,77.1541
2026-07-18 04:00:00,30.7,61,0.0,7.7,Vasant Kunj,28.5293,77.1541
2026-07-18 05:00:00,30.9,64,0.0,12.2,Vasant Kunj,28.5293,77.1541
2026-07-18 06:00:00,30.7,61,0.0,12.3,Vasant Kunj,28.5293,77.1541
2026-07-18 07:00:00,31.6,58,0.0,12.5,Vasant Kunj,28.5293,77.1541
2026-07-18 08:00:00,32.0,58,0.0,12.0,Vasant Kunj,28.5293,77.1541
2026-07-18 09:00:00,33.4,54,0.0,13.6,Vasant Kunj,28.5293,77.1541
2026-07-18 10:00:00,34.9,50,0.0,15.1,Vasant Kunj,28.5293,77.1541
2026-07-18 11:00:00,35.8,47,0.0,16.1,Vasant Kunj,28.5293,77.1541
2026-07-18 12:00:00,35.5,48,0.0,15.0,Vasant Kunj,28.5293,77.1541
2026-07-18 13:00:00,35.8,47,0.0,13.0,Vasant Kunj,28.5293,77.1541
2026-07-18 14:00:00,35.8,47,0.0,10.7,Vasant Kunj,28.5293,77.1541
2026-07-18 15:00:00,35.9,45,0.0,9.9,Vasant Kunj,28.5293,77.1541
2026-07-18 16:00:00,35.4,46,0.0,8.4,Vasant Kunj,28.5293,77.1541
2026-07-18 17:00:00,36.1,42,0.0,7.5,Vasant Kunj,28.5293,77.1541
2026-07-18 18:00:00,35.0,55,0.0,2.9,Vasant Kunj,28.5293,77.1541
2026-07-18 19:00:00,34.1,56,0.0,3.6,Vasant Kunj,28.5293,77.1541
2026-07-18 20:00:00,34.1,55,0.0,2.7,Vasant Kunj,28.5293,77.1541
2026-07-18 21:00:00,33.2,55,0.0,3.7,Vasant Kunj,28.5293,77.1541
2026-07-18 22:00:00,32.7,56,0.0,7.6,Vasant Kunj,28.5293,77.1541
2026-07-18 23:00:00,32.2,64,0.1,10.0,Vasant Kunj,28.5293,77.1541
2026-07-19 00:00:00,31.2,70,0.0,5.7,Vasant Kunj,28.5293,77.1541
2026-07-19 01:00:00,30.6,72,0.0,7.0,Vasant Kunj,28.5293,77.1541
2026-07-19 02:00:00,30.3,71,0.0,7.4,Vasant Kunj,28.5293,77.1541
2026-07-19 03:00:00,29.9,71,0.0,8.1,Vasant Kunj,28.5293,77.1541
2026-07-19 04:00:00,29.5,71,0.0,8.4,Vasant Kunj,28.5293,77.1541
2026-07-19 05:00:00,30.2,77,0.0,2.4,Vasant Kunj,28.5293,77.1541
2026-07-19 06:00:00,30.4,79,0.0,3.6,Vasant Kunj,28.5293,77.1541
2026-07-19 07:00:00,31.4,71,0.0,7.5,Vasant Kunj,28.5293,77.1541
2026-07-19 08:00:00,32.4,61,0.0,9.0,Vasant Kunj,28.5293,77.1541
2026-07-19 09:00:00,33.0,57,0.0,8.6,Vasant Kunj,28.5293,77.1541
2026-07-19 10:00:00,33.8,55,0.0,8.4,Vasant Kunj,28.5293,77.1541
2026-07-19 11:00:00,35.4,47,0.0,11.4,Vasant Kunj,28.5293,77.1541
2026-07-19 12:00:00,35.5,47,0.0,10.5,Vasant Kunj,28.5293,77.1541
2026-07-19 13:00:00,34.1,53,0.0,8.7,Vasant Kunj,28.5293,77.1541
2026-07-19 14:00:00,33.6,58,0.0,6.5,Vasant Kunj,28.5293,77.1541
2026-07-19 15:00:00,33.3,61,0.1,8.5,Vasant Kunj,28.5293,77.1541
2026-07-19 16:00:00,33.1,63,0.1,4.0,Vasant Kunj,28.5293,77.1541
2026-07-19 17:00:00,35.8,45,0.1,1.5,Vasant Kunj,28.5293,77.1541
2026-07-19 18:00:00,33.2,63,0.0,12.0,Vasant Kunj,28.5293,77.1541
2026-07-19 19:00:00,31.0,82,0.0,11.1,Vasant Kunj,28.5293,77.1541
2026-07-19 20:00:00,30.9,82,0.0,10.3,Vasant Kunj,28.5293,77.1541
2026-07-19 21:00:00,30.7,83,0.0,7.6,Vasant Kunj,28.5293,77.1541
2026-07-19 22:00:00,30.5,85,0.2,6.7,Vasant Kunj,28.5293,77.1541
2026-07-19 23:00:00,31.3,78,0.2,9.4,Vasant Kunj,28.5293,77.1541
2026-07-20 00:00:00,30.1,85,0.0,10.2,Vasant Kunj,28.5293,77.1541
2026-07-20 01:00:00,28.3,91,0.2,8.4,Vasant Kunj,28.5293,77.1541
2026-07-20 02:00:00,27.8,93,0.1,9.1,Vasant Kunj,28.5293,77.1541
2026-07-20 03:00:00,28.2,94,0.1,8.0,Vasant Kunj,28.5293,77.1541
2026-07-20 04:00:00,26.7,96,1.7,9.3,Vasant Kunj,28.5293,77.1541
2026-07-20 05:00:00,28.1,86,0.9,9.9,Vasant Kunj,28.5293,77.1541
2026-07-20 06:00:00,28.3,87,0.1,8.2,Vasant Kunj,28.5293,77.1541
2026-07-20 07:00:00,28.3,88,0.4,10.2,Vasant Kunj,28.5293,77.1541
2026-07-20 08:00:00,28.1,91,1.5,1.0,Vasant Kunj,28.5293,77.1541
2026-07-20 09:00:00,28.4,91,1.1,8.8,Vasant Kunj,28.5293,77.1541
2026-07-20 10:00:00,29.2,86,0.5,1.0,Vasant Kunj,28.5293,77.1541
2026-07-20 11:00:00,31.6,71,0.4,5.1,Vasant Kunj,28.5293,77.1541
2026-07-20 12:00:00,31.9,72,0.5,5.7,Vasant Kunj,28.5293,77.1541
2026-07-20 13:00:00,28.1,89,6.8,11.7,Vasant Kunj,28.5293,77.1541
2026-07-20 14:00:00,28.4,89,1.0,7.2,Vasant Kunj,28.5293,77.1541
2026-07-20 15:00:00,29.8,83,0.2,4.3,Vasant Kunj,28.5293,77.1541
2026-07-20 16:00:00,30.3,79,0.0,4.4,Vasant Kunj,28.5293,77.1541
2026-07-20 17:00:00,29.8,76,0.0,7.6,Vasant Kunj,28.5293,77.1541
2026-07-20 18:00:00,27.7,93,1.3,4.6,Vasant Kunj,28.5293,77.1541
2026-07-20 19:00:00,27.3,95,2.8,3.8,Vasant Kunj,28.5293,77.1541
2026-07-20 20:00:00,27.2,95,1.2,6.0,Vasant Kunj,28.5293,77.1541
2026-07-20 21:00:00,26.9,95,0.7,4.4,Vasant Kunj,28.5293,77.1541
2026-07-20 22:00:00,26.9,95,0.3,3.8,Vasant Kunj,28.5293,77.1541
2026-07-20 23:00:00,26.2,98,0.1,1.3,Vasant Kunj,28.5293,77.1541
2026-07-21 00:00:00,26.4,98,0.3,5.3,Vasant Kunj,28.5293,77.1541
2026-07-21 01:00:00,26.3,97,0.5,8.9,Vasant Kunj,28.5293,77.1541
2026-07-21 02:00:00,26.2,96,0.1,8.0,Vasant Kunj,28.5293,77.1541
2026-07-21 03:00:00,26.0,95,0.3,7.5,Vasant Kunj,28.5293,77.1541
2026-07-21 04:00:00,25.9,95,0.3,6.4,Vasant Kunj,28.5293,77.1541
2026-07-21 05:00:00,26.1,93,0.2,6.4,Vasant Kunj,28.5293,77.1541
2026-07-21 06:00:00,25.4,97,2.9,7.9,Vasant Kunj,28.5293,77.1541
2026-07-21 07:00:00,25.6,97,0.8,9.3,Vasant Kunj,28.5293,77.1541
2026-07-21 08:00:00,26.1,94,0.2,9.0,Vasant Kunj,28.5293,77.1541
2026-07-21 09:00:00,26.6,91,0.2,9.6,Vasant Kunj,28.5293,77.1541
2026-07-21 10:00:00,27.5,87,0.3,9.1,Vasant Kunj,28.5293,77.1541
2026-07-21 11:00:00,26.7,95,0.1,12.6,Vasant Kunj,28.5293,77.1541
2026-07-21 12:00:00,27.5,95,1.0,8.3,Vasant Kunj,28.5293,77.1541
2026-07-21 13:00:00,28.8,91,0.7,7.7,Vasant Kunj,28.5293,77.1541
2026-07-21 14:00:00,28.7,86,0.5,9.6,Vasant Kunj,28.5293,77.1541
2026-07-21 15:00:00,27.0,96,1.9,9.6,Vasant Kunj,28.5293,77.1541
2026-07-21 16:00:00,28.0,90,0.5,6.8,Vasant Kunj,28.5293,77.1541
2026-07-21 17:00:00,29.0,78,0.0,5.5,Vasant Kunj,28.5293,77.1541
2026-07-21 18:00:00,28.3,87,0.8,6.2,Vasant Kunj,28.5293,77.1541
2026-07-21 19:00:00,28.1,90,0.1,5.4,Vasant Kunj,28.5293,77.1541
2026-07-21 20:00:00,27.9,90,0.0,7.6,Vasant Kunj,28.5293,77.1541
2026-07-21 21:00:00,27.7,90,0.0,8.1,Vasant Kunj,28.5293,77.1541
2026-07-21 22:00:00,27.4,90,0.1,11.1,Vasant Kunj,28.5293,77.1541
2026-07-21 23:00:00,26.3,97,0.1,12.6,Vasant Kunj,28.5293,77.1541
2026-07-22 00:00:00,26.2,96,0.1,11.2,Vasant Kunj,28.5293,77.1541
2026-07-22 01:00:00,26.1,96,0.0,10.0,Vasant Kunj,28.5293,77.1541
2026-07-22 02:00:00,26.1,96,0.0,9.5,Vasant Kunj,28.5293,77.1541
2026-07-22 03:00:00,25.8,96,0.7,12.0,Vasant Kunj,28.5293,77.1541
2026-07-22 04:00:00,25.8,95,0.2,12.9,Vasant Kunj,28.5293,77.1541
2026-07-22 05:00:00,25.5,98,0.8,12.4,Vasant Kunj,28.5293,77.1541
2026-07-22 06:00:00,25.7,96,0.4,14.4,Vasant Kunj,28.5293,77.1541
2026-07-22 07:00:00,26.5,90,0.1,17.0,Vasant Kunj,28.5293,77.1541
2026-07-22 08:00:00,26.7,88,0.6,16.2,Vasant Kunj,28.5293,77.1541
2026-07-22 09:00:00,28.5,82,0.1,15.3,Vasant Kunj,28.5293,77.1541
2026-07-22 10:00:00,29.7,77,0.1,14.3,Vasant Kunj,28.5293,77.1541
2026-07-22 11:00:00,30.6,67,0.2,16.5,Vasant Kunj,28.5293,77.1541
2026-07-22 12:00:00,31.2,67,0.1,15.4,Vasant Kunj,28.5293,77.1541
2026-07-22 13:00:00,31.8,67,0.0,13.0,Vasant Kunj,28.5293,77.1541
2026-07-22 14:00:00,31.6,67,0.1,12.4,Vasant Kunj,28.5293,77.1541
2026-07-22 15:00:00,31.3,70,0.2,10.4,Vasant Kunj,28.5293,77.1541
2026-07-22 16:00:00,31.4,69,0.1,9.0,Vasant Kunj,28.5293,77.1541
2026-07-22 17:00:00,28.2,89,0.2,6.4,Vasant Kunj,28.5293,77.1541
2026-07-22 18:00:00,28.9,86,0.1,3.4,Vasant Kunj,28.5293,77.1541
2026-07-22 19:00:00,28.5,90,0.1,5.1,Vasant Kunj,28.5293,77.1541
2026-07-22 20:00:00,28.5,91,0.0,7.1,Vasant Kunj,28.5293,77.1541
2026-07-22 21:00:00,28.7,87,0.0,10.2,Vasant Kunj,28.5293,77.1541
2026-07-22 22:00:00,28.3,85,0.1,10.3,Vasant Kunj,28.5293,77.1541
2026-07-22 23:00:00,28.0,86,0.1,10.9,Vasant Kunj,28.5293,77.1541
2026-07-23 00:00:00,28.0,85,0.0,12.1,Vasant Kunj,28.5293,77.1541
2026-07-23 01:00:00,27.8,85,0.0,12.4,Vasant Kunj,28.5293,77.1541
2026-07-23 02:00:00,27.6,85,0.0,12.5,Vasant Kunj,28.5293,77.1541
2026-07-23 03:00:00,27.3,85,0.0,11.4,Vasant Kunj,28.5293,77.1541
2026-07-23 04:00:00,27.0,85,0.0,11.7,Vasant Kunj,28.5293,77.1541
2026-07-23 05:00:00,26.3,94,0.0,10.6,Vasant Kunj,28.5293,77.1541
2026-07-23 06:00:00,26.2,95,0.8,9.4,Vasant Kunj,28.5293,77.1541
2026-07-23 07:00:00,26.3,91,0.7,13.7,Vasant Kunj,28.5293,77.1541
2026-07-23 08:00:00,27.1,89,0.4,13.6,Vasant Kunj,28.5293,77.1541
2026-07-23 09:00:00,28.3,83,0.2,11.0,Vasant Kunj,28.5293,77.1541
2026-07-23 10:00:00,30.3,75,0.1,13.6,Vasant Kunj,28.5293,77.1541
2026-07-23 11:00:00,30.8,68,0.0,15.3,Vasant Kunj,28.5293,77.1541
2026-07-23 12:00:00,31.3,65,0.2,16.2,Vasant Kunj,28.5293,77.1541
2026-07-23 13:00:00,31.8,65,0.2,14.0,Vasant Kunj,28.5293,77.1541
2026-07-23 14:00:00,32.0,65,0.1,14.0,Vasant Kunj,28.5293,77.1541
2026-07-23 15:00:00,29.6,75,0.6,15.1,Vasant Kunj,28.5293,77.1541
2026-07-23 16:00:00,30.1,77,0.3,6.5,Vasant Kunj,28.5293,77.1541
2026-07-23 17:00:00,30.9,76,0.1,9.3,Vasant Kunj,28.5293,77.1541
2026-07-23 18:00:00,29.9,78,0.3,8.3,Vasant Kunj,28.5293,77.1541
2026-07-23 19:00:00,29.4,79,0.0,7.8,Vasant Kunj,28.5293,77.1541
2026-07-23 20:00:00,27.6,88,1.1,10.5,Vasant Kunj,28.5293,77.1541
2026-07-23 21:00:00,26.4,95,2.1,9.1,Vasant Kunj,28.5293,77.1541
2026-07-23 22:00:00,26.5,95,1.5,11.5,Vasant Kunj,28.5293,77.1541
2026-07-23 23:00:00,27.2,90,0.0,13.9,Vasant Kunj,28.5293,77.1541
2026-07-24 00:00:00,26.9,90,0.0,11.7,Vasant Kunj,28.5293,77.1541
2026-07-24 01:00:00,26.7,91,0.0,12.1,Vasant Kunj,28.5293,77.1541
2026-07-24 02:00:00,26.6,91,0.0,10.6,Vasant Kunj,28.5293,77.1541
2026-07-24 03:00:00,26.5,90,0.0,10.6,Vasant Kunj,28.5293,77.1541
2026-07-24 04:00:00,26.3,91,0.0,11.0,Vasant Kunj,28.5293,77.1541
2026-07-24 05:00:00,25.7,96,0.1,10.5,Vasant Kunj,28.5293,77.1541
2026-07-24 06:00:00,25.9,95,0.1,13.0,Vasant Kunj,28.5293,77.1541
2026-07-24 07:00:00,26.8,90,0.0,11.9,Vasant Kunj,28.5293,77.1541
2026-07-24 08:00:00,28.1,82,0.0,16.0,Vasant Kunj,28.5293,77.1541
2026-07-24 09:00:00,28.9,78,0.1,15.7,Vasant Kunj,28.5293,77.1541
2026-07-24 10:00:00,30.1,74,0.2,14.0,Vasant Kunj,28.5293,77.1541
2026-07-24 11:00:00,30.5,74,0.2,13.8,Vasant Kunj,28.5293,77.1541
2026-07-24 12:00:00,30.9,74,0.4,12.7,Vasant Kunj,28.5293,77.1541
2026-07-24 13:00:00,29.1,84,2.1,10.8,Vasant Kunj,28.5293,77.1541
2026-07-24 14:00:00,29.2,83,0.6,5.2,Vasant Kunj,28.5293,77.1541
2026-07-24 15:00:00,30.2,78,0.3,8.9,Vasant Kunj,28.5293,77.1541
2026-07-24 16:00:00,30.6,75,0.1,8.1,Vasant Kunj,28.5293,77.1541
2026-07-24 17:00:00,29.9,83,0.1,6.9,Vasant Kunj,28.5293,77.1541
2026-07-24 18:00:00,29.7,84,0.0,8.1,Vasant Kunj,28.5293,77.1541
2026-07-24 19:00:00,29.1,88,0.2,6.9,Vasant Kunj,28.5293,77.1541
2026-07-24 20:00:00,29.0,87,0.1,10.3,Vasant Kunj,28.5293,77.1541
2026-07-24 21:00:00,28.7,87,0.0,11.4,Vasant Kunj,28.5293,77.1541
2026-07-24 22:00:00,28.3,87,0.0,11.6,Vasant Kunj,28.5293,77.1541
2026-07-24 23:00:00,28.0,87,0.0,13.5,Vasant Kunj,28.5293,77.1541
2026-07-25 00:00:00,28.0,85,0.0,13.4,Vasant Kunj,28.5293,77.1541
2026-07-25 01:00:00,27.9,83,0.0,13.0,Vasant Kunj,28.5293,77.1541
2026-07-25 02:00:00,27.5,84,0.1,11.9,Vasant Kunj,28.5293,77.1541
2026-07-25 03:00:00,27.3,86,0.1,11.4,Vasant Kunj,28.5293,77.1541
2026-07-25 04:00:00,27.1,86,0.1,11.4,Vasant Kunj,28.5293,77.1541
2026-07-25 05:00:00,27.2,88,0.1,10.3,Vasant Kunj,28.5293,77.1541
2026-07-25 06:00:00,27.3,89,0.0,8.0,Vasant Kunj,28.5293,77.1541
2026-07-25 07:00:00,28.0,87,0.0,8.5,Vasant Kunj,28.5293,77.1541
2026-07-25 08:00:00,29.0,80,0.1,12.1,Vasant Kunj,28.5293,77.1541
2026-07-25 09:00:00,29.9,72,0.1,11.4,Vasant Kunj,28.5293,77.1541
2026-07-25 10:00:00,30.5,69,0.1,11.5,Vasant Kunj,28.5293,77.1541
2026-07-25 11:00:00,31.4,65,0.4,14.2,Vasant Kunj,28.5293,77.1541
2026-07-25 12:00:00,31.1,67,0.2,12.6,Vasant Kunj,28.5293,77.1541
2026-07-25 13:00:00,31.9,66,0.0,11.1,Vasant Kunj,28.5293,77.1541
2026-07-25 14:00:00,31.7,69,0.4,12.5,Vasant Kunj,28.5293,77.1541
2026-07-25 15:00:00,32.2,66,0.1,12.2,Vasant Kunj,28.5293,77.1541
2026-07-25 16:00:00,31.2,68,0.0,12.8,Vasant Kunj,28.5293,77.1541
2026-07-25 17:00:00,30.1,82,0.0,10.8,Vasant Kunj,28.5293,77.1541
2026-07-25 18:00:00,29.6,82,0.0,10.7,Vasant Kunj,28.5293,77.1541
2026-07-25 19:00:00,28.9,83,0.0,9.5,Vasant Kunj,28.5293,77.1541
2026-07-25 20:00:00,28.4,87,0.0,10.0,Vasant Kunj,28.5293,77.1541
2026-07-25 21:00:00,27.9,89,0.0,8.6,Vasant Kunj,28.5293,77.1541
2026-07-25 22:00:00,27.6,89,0.0,9.2,Vasant Kunj,28.5293,77.1541
2026-07-25 23:00:00,27.4,94,0.0,9.2,Vasant Kunj,28.5293,77.1541
2026-07-26 00:00:00,27.5,93,0.0,10.2,Vasant Kunj,28.5293,77.1541
2026-07-26 01:00:00,27.5,94,0.0,8.9,Vasant Kunj,28.5293,77.1541
2026-07-26 02:00:00,27.3,95,0.0,8.5,Vasant Kunj,28.5293,77.1541
2026-07-26 03:00:00,27.1,95,0.0,7.8,Vasant Kunj,28.5293,77.1541
2026-07-26 04:00:00,27.1,95,0.0,6.2,Vasant Kunj,28.5293,77.1541
2026-07-26 05:00:00,27.8,92,0.0,5.2,Vasant Kunj,28.5293,77.1541
2026-07-26 06:00:00,27.3,96,0.8,4.2,Vasant Kunj,28.5293,77.1541
2026-07-26 07:00:00,28.1,92,0.1,5.2,Vasant Kunj,28.5293,77.1541
2026-07-26 08:00:00,29.3,86,0.0,2.7,Vasant Kunj,28.5293,77.1541
2026-07-26 09:00:00,30.6,77,0.0,4.0,Vasant Kunj,28.5293,77.1541
2026-07-26 10:00:00,31.4,71,0.3,5.0,Vasant Kunj,28.5293,77.1541
2026-07-26 11:00:00,32.4,67,0.4,4.9,Vasant Kunj,28.5293,77.1541
2026-07-26 12:00:00,32.6,67,0.2,5.2,Vasant Kunj,28.5293,77.1541
2026-07-26 13:00:00,33.3,62,0.1,5.2,Vasant Kunj,28.5293,77.1541
2026-07-26 14:00:00,33.4,61,0.0,4.3,Vasant Kunj,28.5293,77.1541
2026-07-26 15:00:00,33.5,61,0.0,3.0,Vasant Kunj,28.5293,77.1541
2026-07-26 16:00:00,33.3,61,0.0,3.8,Vasant Kunj,28.5293,77.1541
2026-07-26 17:00:00,33.7,61,0.0,4.2,Vasant Kunj,28.5293,77.1541
2026-07-26 18:00:00,32.6,72,0.0,3.4,Vasant Kunj,28.5293,77.1541
2026-07-26 19:00:00,31.5,78,0.0,2.7,Vasant Kunj,28.5293,77.1541
2026-07-26 20:00:00,31.1,81,0.0,2.0,Vasant Kunj,28.5293,77.1541
2026-07-26 21:00:00,30.7,84,0.0,1.6,Vasant Kunj,28.5293,77.1541
2026-07-26 22:00:00,30.3,84,0.0,1.9,Vasant Kunj,28.5293,77.1541
2026-07-26 23:00:00,30.4,81,0.0,1.5,Vasant Kunj,28.5293,77.1541
2026-07-27 00:00:00,30.2,79,0.0,1.5,Vasant Kunj,28.5293,77.1541
2026-07-27 01:00:00,29.8,80,0.0,1.9,Vasant Kunj,28.5293,77.1541
2026-07-27 02:00:00,29.3,80,0.0,3.1,Vasant Kunj,28.5293,77.1541
2026-07-27 03:00:00,29.0,81,0.0,3.2,Vasant Kunj,28.5293,77.1541
2026-07-27 04:00:00,28.8,82,0.0,2.6,Vasant Kunj,28.5293,77.1541
2026-07-27 05:00:00,29.4,83,0.0,3.3,Vasant Kunj,28.5293,77.1541
2026-07-27 06:00:00,29.5,82,0.0,3.7,Vasant Kunj,28.5293,77.1541
2026-07-27 07:00:00,30.3,79,0.0,2.6,Vasant Kunj,28.5293,77.1541
2026-07-27 08:00:00,31.3,75,0.0,3.0,Vasant Kunj,28.5293,77.1541
2026-07-27 09:00:00,32.3,68,0.1,3.1,Vasant Kunj,28.5293,77.1541
2026-07-27 10:00:00,33.2,62,0.1,3.2,Vasant Kunj,28.5293,77.1541
2026-07-27 11:00:00,34.3,55,0.1,2.0,Vasant Kunj,28.5293,77.1541
2026-07-27 12:00:00,34.9,54,0.0,4.8,Vasant Kunj,28.5293,77.1541
2026-07-27 13:00:00,35.0,53,0.0,4.0,Vasant Kunj,28.5293,77.1541
2026-07-27 14:00:00,35.3,51,0.0,4.9,Vasant Kunj,28.5293,77.1541
2026-07-27 15:00:00,34.3,54,0.1,4.5,Vasant Kunj,28.5293,77.1541
2026-07-27 16:00:00,33.6,56,0.1,0.4,Vasant Kunj,28.5293,77.1541
2026-07-27 17:00:00,33.0,63,0.0,2.9,Vasant Kunj,28.5293,77.1541
2026-07-27 18:00:00,32.0,75,0.0,2.1,Vasant Kunj,28.5293,77.1541
2026-07-27 19:00:00,31.4,78,0.0,3.6,Vasant Kunj,28.5293,77.1541
2026-07-27 20:00:00,30.7,78,0.0,7.1,Vasant Kunj,28.5293,77.1541
2026-07-27 21:00:00,29.7,83,0.0,9.9,Vasant Kunj,28.5293,77.1541
2026-07-27 22:00:00,28.6,88,0.5,12.9,Vasant Kunj,28.5293,77.1541
2026-07-27 23:00:00,29.4,86,0.3,14.0,Vasant Kunj,28.5293,77.1541
2026-07-28 00:00:00,27.1,92,3.1,12.8,Vasant Kunj,28.5293,77.1541
2026-07-28 01:00:00,26.8,96,1.9,6.0,Vasant Kunj,28.5293,77.1541
2026-07-28 02:00:00,26.5,98,0.5,11.3,Vasant Kunj,28.5293,77.1541
2026-07-28 03:00:00,25.9,98,0.5,8.3,Vasant Kunj,28.5293,77.1541
2026-07-28 04:00:00,26.0,99,0.6,9.8,Vasant Kunj,28.5293,77.1541
2026-07-28 05:00:00,28.3,93,0.3,7.2,Vasant Kunj,28.5293,77.1541
2026-07-28 06:00:00,28.4,94,0.2,9.1,Vasant Kunj,28.5293,77.1541
2026-07-28 07:00:00,28.7,93,0.4,7.2,Vasant Kunj,28.5293,77.1541
2026-07-28 08:00:00,27.9,91,0.5,10.8,Vasant Kunj,28.5293,77.1541
2026-07-28 09:00:00,27.5,92,0.7,13.3,Vasant Kunj,28.5293,77.1541
2026-07-28 10:00:00,27.4,95,4.7,7.7,Vasant Kunj,28.5293,77.1541
2026-07-28 11:00:00,27.4,93,1.1,8.8,Vasant Kunj,28.5293,77.1541
2026-07-28 12:00:00,26.3,97,3.7,7.8,Vasant Kunj,28.5293,77.1541
2026-07-28 13:00:00,26.6,94,2.5,7.3,Vasant Kunj,28.5293,77.1541
2026-07-28 14:00:00,26.7,95,1.8,3.2,Vasant Kunj,28.5293,77.1541
2026-07-28 15:00:00,26.9,95,2.2,5.6,Vasant Kunj,28.5293,77.1541
2026-07-28 16:00:00,26.8,96,1.1,5.3,Vasant Kunj,28.5293,77.1541
2026-07-28 17:00:00,31.0,71,0.2,5.1,Vasant Kunj,28.5293,77.1541
2026-07-28 18:00:00,30.2,78,0.1,5.3,Vasant Kunj,28.5293,77.1541
2026-07-28 19:00:00,29.3,86,0.0,1.9,Vasant Kunj,28.5293,77.1541
2026-07-28 20:00:00,28.8,87,0.0,3.6,Vasant Kunj,28.5293,77.1541
2026-07-28 21:00:00,28.5,89,0.0,4.6,Vasant Kunj,28.5293,77.1541
2026-07-28 22:00:00,28.3,88,0.0,6.5,Vasant Kunj,28.5293,77.1541
2026-07-28 23:00:00,27.8,90,0.0,2.5,Vasant Kunj,28.5293,77.1541
2026-07-29 00:00:00,27.6,91,0.0,2.0,Vasant Kunj,28.5293,77.1541
2026-07-29 01:00:00,27.6,91,0.0,1.4,Vasant Kunj,28.5293,77.1541
2026-07-29 02:00:00,27.3,90,0.0,5.0,Vasant Kunj,28.5293,77.1541
2026-07-29 03:00:00,26.7,93,0.3,4.8,Vasant Kunj,28.5293,77.1541
2026-07-29 04:00:00,26.6,93,0.0,3.5,Vasant Kunj,28.5293,77.1541
2026-07-29 05:00:00,26.3,97,0.1,3.3,Vasant Kunj,28.5293,77.1541
2026-07-29 06:00:00,26.1,96,0.5,2.5,Vasant Kunj,28.5293,77.1541
2026-07-29 07:00:00,26.0,97,2.0,5.8,Vasant Kunj,28.5293,77.1541
2026-07-29 08:00:00,26.6,93,0.3,3.6,Vasant Kunj,28.5293,77.1541
2026-07-29 09:00:00,27.8,86,0.4,1.9,Vasant Kunj,28.5293,77.1541
2026-07-29 10:00:00,28.4,86,1.3,3.2,Vasant Kunj,28.5293,77.1541
2026-07-29 11:00:00,31.1,73,0.3,0.9,Vasant Kunj,28.5293,77.1541
2026-07-29 12:00:00,31.7,72,0.2,1.7,Vasant Kunj,28.5293,77.1541
2026-07-29 13:00:00,32.1,72,0.1,3.1,Vasant Kunj,28.5293,77.1541
2026-07-29 14:00:00,31.8,73,0.0,3.1,Vasant Kunj,28.5293,77.1541
2026-07-29 15:00:00,32.3,71,0.0,1.7,Vasant Kunj,28.5293,77.1541
2026-07-29 16:00:00,31.7,74,0.2,1.4,Vasant Kunj,28.5293,77.1541
2026-07-29 17:00:00,31.8,76,0.3,6.0,Vasant Kunj,28.5293,77.1541
2026-07-29 18:00:00,31.2,79,0.0,4.6,Vasant Kunj,28.5293,77.1541
2026-07-29 19:00:00,30.4,83,0.0,3.7,Vasant Kunj,28.5293,77.1541
2026-07-29 20:00:00,29.9,84,0.0,5.0,Vasant Kunj,28.5293,77.1541
2026-07-29 21:00:00,29.4,86,0.0,4.7,Vasant Kunj,28.5293,77.1541
2026-07-29 22:00:00,29.0,90,0.0,3.5,Vasant Kunj,28.5293,77.1541
2026-07-29 23:00:00,29.5,90,0.0,7.1,Vasant Kunj,28.5293,77.1541
2026-07-30 00:00:00,29.2,92,0.0,8.1,Vasant Kunj,28.5293,77.1541
2026-07-30 01:00:00,28.9,93,0.0,6.0,Vasant Kunj,28.5293,77.1541
2026-07-30 02:00:00,26.0,97,1.5,7.0,Vasant Kunj,28.5293,77.1541
2026-07-30 03:00:00,26.3,99,0.6,4.5,Vasant Kunj,28.5293,77.1541
2026-07-30 04:00:00,26.5,99,0.2,1.7,Vasant Kunj,28.5293,77.1541
2026-07-30 05:00:00,28.3,95,0.0,0.4,Vasant Kunj,28.5293,77.1541
2026-07-30 06:00:00,28.4,95,0.4,3.9,Vasant Kunj,28.5293,77.1541
2026-07-30 07:00:00,27.9,93,0.7,11.3,Vasant Kunj,28.5293,77.1541
2026-07-30 08:00:00,29.0,85,0.3,9.5,Vasant Kunj,28.5293,77.1541
2026-07-30 09:00:00,30.3,78,0.1,6.5,Vasant Kunj,28.5293,77.1541
2026-07-30 10:00:00,31.5,72,0.0,7.5,Vasant Kunj,28.5293,77.1541
2026-07-30 11:00:00,32.7,63,0.0,7.4,Vasant Kunj,28.5293,77.1541
2026-07-30 12:00:00,32.8,60,0.2,9.7,Vasant Kunj,28.5293,77.1541
2026-07-30 13:00:00,31.9,67,0.9,7.5,Vasant Kunj,28.5293,77.1541
2026-07-30 14:00:00,32.8,63,0.1,6.1,Vasant Kunj,28.5293,77.1541
2026-07-30 15:00:00,33.1,61,0.1,6.3,Vasant Kunj,28.5293,77.1541
2026-07-30 16:00:00,33.0,60,0.0,7.2,Vasant Kunj,28.5293,77.1541
2026-07-30 17:00:00,30.2,79,0.0,7.6,Vasant Kunj,28.5293,77.1541
2026-07-30 18:00:00,28.9,85,0.4,13.7,Vasant Kunj,28.5293,77.1541
2026-07-30 19:00:00,28.5,86,0.0,7.5,Vasant Kunj,28.5293,77.1541
2026-07-30 20:00:00,28.4,88,0.0,8.4,Vasant Kunj,28.5293,77.1541
2026-07-30 21:00:00,28.4,89,0.0,8.4,Vasant Kunj,28.5293,77.1541
2026-07-30 22:00:00,28.2,91,0.0,8.7,Vasant Kunj,28.5293,77.1541
2026-07-30 23:00:00,28.5,91,0.0,11.2,Vasant Kunj,28.5293,77.1541
2026-07-31 00:00:00,28.3,90,0.0,12.6,Vasant Kunj,28.5293,77.1541
2026-07-31 01:00:00,28.2,89,0.0,11.9,Vasant Kunj,28.5293,77.1541
2026-07-31 02:00:00,28.1,88,0.0,11.6,Vasant Kunj,28.5293,77.1541
2026-07-31 03:00:00,28.0,87,0.0,12.3,Vasant Kunj,28.5293,77.1541
2026-07-31 04:00:00,27.8,86,0.0,12.3,Vasant Kunj,28.5293,77.1541
2026-07-31 05:00:00,28.0,84,0.0,14.0,Vasant Kunj,28.5293,77.1541
2026-07-31 06:00:00,27.9,84,0.0,12.0,Vasant Kunj,28.5293,77.1541
2026-07-31 07:00:00,28.5,82,0.0,12.3,Vasant Kunj,28.5293,77.1541
2026-07-31 08:00:00,28.9,79,0.1,16.0,Vasant Kunj,28.5293,77.1541
2026-07-31 09:00:00,29.5,77,0.2,16.0,Vasant Kunj,28.5293,77.1541
2026-07-31 10:00:00,29.9,75,0.1,15.2,Vasant Kunj,28.5293,77.1541
2026-07-31 11:00:00,30.6,71,0.1,13.7,Vasant Kunj,28.5293,77.1541
2026-07-31 12:00:00,31.4,67,0.1,15.2,Vasant Kunj,28.5293,77.1541
2026-07-31 13:00:00,31.8,64,0.3,15.3,Vasant Kunj,28.5293,77.1541
2026-07-31 14:00:00,32.2,65,0.3,13.7,Vasant Kunj,28.5293,77.1541
2026-07-31 15:00:00,32.0,66,0.2,13.4,Vasant Kunj,28.5293,77.1541
2026-07-31 16:00:00,30.2,80,1.1,10.7,Vasant Kunj,28.5293,77.1541
2026-07-31 17:00:00,31.1,74,0.1,7.1,Vasant Kunj,28.5293,77.1541
2026-07-31 18:00:00,30.6,78,0.1,8.3,Vasant Kunj,28.5293,77.1541
2026-07-31 19:00:00,29.7,82,0.0,8.9,Vasant Kunj,28.5293,77.1541
2026-07-31 20:00:00,29.3,85,0.0,8.6,Vasant Kunj,28.5293,77.1541
2026-07-31 21:00:00,28.8,84,0.3,11.7,Vasant Kunj,28.5293,77.1541
2026-07-31 22:00:00,28.5,86,0.0,11.6,Vasant Kunj,28.5293,77.1541
2026-07-31 23:00:00,27.7,92,0.0,9.8,Vasant Kunj,28.5293,77.1541
2026-08-01 00:00:00,27.4,92,0.7,12.0,Vasant Kunj,28.5293,77.1541
2026-08-01 01:00:00,27.0,94,0.4,10.5,Vasant Kunj,28.5293,77.1541
2026-08-01 02:00:00,26.9,93,0.0,11.3,Vasant Kunj,28.5293,77.1541
2026-08-01 03:00:00,26.9,92,0.0,11.6,Vasant Kunj,28.5293,77.1541
2026-08-01 04:00:00,27.0,92,0.0,11.7,Vasant Kunj,28.5293,77.1541
2026-08-01 05:00:00,26.5,97,0.1,9.6,Vasant Kunj,28.5293,77.1541
2026-08-01 06:00:00,26.7,94,0.0,10.8,Vasant Kunj,28.5293,77.1541
2026-08-01 07:00:00,26.8,93,0.3,13.3,Vasant Kunj,28.5293,77.1541
2026-08-01 08:00:00,27.5,88,0.1,13.1,Vasant Kunj,28.5293,77.1541
2026-08-01 09:00:00,29.3,78,0.2,14.3,Vasant Kunj,28.5293,77.1541
2026-08-01 10:00:00,30.1,76,0.4,13.4,Vasant Kunj,28.5293,77.1541
2026-08-01 11:00:00,31.3,71,0.1,12.6,Vasant Kunj,28.5293,77.1541
2026-08-01 12:00:00,31.9,68,0.1,12.0,Vasant Kunj,28.5293,77.1541
2026-08-01 13:00:00,32.0,68,0.2,13.2,Vasant Kunj,28.5293,77.1541
2026-08-01 14:00:00,31.8,71,0.1,11.0,Vasant Kunj,28.5293,77.1541
2026-08-01 15:00:00,31.1,76,0.3,10.2,Vasant Kunj,28.5293,77.1541
2026-08-01 16:00:00,29.9,82,0.2,8.9,Vasant Kunj,28.5293,77.1541
2026-08-01 17:00:00,30.3,77,1.6,11.0,Vasant Kunj,28.5293,77.1541
2026-08-01 18:00:00,29.8,80,0.1,7.3,Vasant Kunj,28.5293,77.1541
2026-08-01 19:00:00,29.2,85,0.0,8.5,Vasant Kunj,28.5293,77.1541
2026-08-01 20:00:00,29.0,87,0.0,8.2,Vasant Kunj,28.5293,77.1541
2026-08-01 21:00:00,29.0,88,0.0,9.0,Vasant Kunj,28.5293,77.1541
2026-08-01 22:00:00,28.7,88,0.1,10.8,Vasant Kunj,28.5293,77.1541
2026-08-01 23:00:00,27.2,90,0.0,13.9,Vasant Kunj,28.5293,77.1541
2026-08-02 00:00:00,26.4,93,0.3,11.8,Vasant Kunj,28.5293,77.1541
2026-08-02 01:00:00,26.3,95,0.4,9.7,Vasant Kunj,28.5293,77.1541
2026-08-02 02:00:00,26.5,95,0.3,9.7,Vasant Kunj,28.5293,77.1541
2026-08-02 03:00:00,26.4,96,0.1,7.6,Vasant Kunj,28.5293,77.1541
2026-08-02 04:00:00,26.4,96,0.0,7.3,Vasant Kunj,28.5293,77.1541
2026-08-02 05:00:00,26.8,97,0.0,10.8,Vasant Kunj,28.5293,77.1541
2026-08-02 06:00:00,26.2,98,0.4,11.8,Vasant Kunj,28.5293,77.1541
2026-08-02 07:00:00,26.6,97,0.3,7.6,Vasant Kunj,28.5293,77.1541
2026-08-02 08:00:00,28.2,90,0.0,9.2,Vasant Kunj,28.5293,77.1541
2026-08-02 09:00:00,30.0,79,0.0,10.1,Vasant Kunj,28.5293,77.1541
2026-08-02 10:00:00,31.3,72,0.1,9.2,Vasant Kunj,28.5293,77.1541
2026-08-02 11:00:00,32.5,65,0.1,7.6,Vasant Kunj,28.5293,77.1541
2026-08-02 12:00:00,33.5,58,0.1,8.2,Vasant Kunj,28.5293,77.1541
2026-08-02 13:00:00,32.6,61,0.5,12.4,Vasant Kunj,28.5293,77.1541
2026-08-02 14:00:00,31.7,69,0.6,10.1,Vasant Kunj,28.5293,77.1541
2026-08-02 15:00:00,32.1,69,0.0,8.8,Vasant Kunj,28.5293,77.1541
2026-08-02 16:00:00,31.8,71,0.0,9.6,Vasant Kunj,28.5293,77.1541
2026-08-02 17:00:00,27.4,96,0.0,3.6,Vasant Kunj,28.5293,77.1541
2026-08-02 18:00:00,28.0,95,0.8,8.1,Vasant Kunj,28.5293,77.1541
2026-08-02 19:00:00,27.4,95,0.3,7.1,Vasant Kunj,28.5293,77.1541
2026-08-02 20:00:00,27.4,95,0.1,6.9,Vasant Kunj,28.5293,77.1541
2026-08-02 21:00:00,27.5,95,0.0,7.2,Vasant Kunj,28.5293,77.1541
2026-08-02 22:00:00,27.5,96,0.0,8.2,Vasant Kunj,28.5293,77.1541
2026-08-02 23:00:00,28.2,96,0.0,7.0,Vasant Kunj,28.5293,77.1541
2026-08-03 00:00:00,28.1,95,0.0,6.6,Vasant Kunj,28.5293,77.1541
2026-08-03 01:00:00,28.0,94,0.0,7.6,Vasant Kunj,28.5293,77.1541
2026-08-03 02:00:00,27.5,94,0.0,9.7,Vasant Kunj,28.5293,77.1541
2026-08-03 03:00:00,27.1,96,0.0,8.5,Vasant Kunj,28.5293,77.1541
2026-08-03 04:00:00,27.0,97,0.0,8.2,Vasant Kunj,28.5293,77.1541
2026-08-03 05:00:00,27.1,97,0.4,8.1,Vasant Kunj,28.5293,77.1541
2026-08-03 06:00:00,27.4,97,0.1,7.3,Vasant Kunj,28.5293,77.1541
2026-08-03 07:00:00,27.9,94,0.0,7.6,Vasant Kunj,28.5293,77.1541
2026-08-03 08:00:00,28.3,88,0.2,4.2,Vasant Kunj,28.5293,77.1541
2026-08-03 09:00:00,29.3,85,0.1,4.2,Vasant Kunj,28.5293,77.1541
2026-08-03 10:00:00,30.2,82,0.1,5.6,Vasant Kunj,28.5293,77.1541
2026-08-03 11:00:00,31.3,75,0.2,8.0,Vasant Kunj,28.5293,77.1541
2026-08-03 12:00:00,31.9,74,0.3,8.7,Vasant Kunj,28.5293,77.1541
2026-08-03 13:00:00,31.9,72,0.0,8.0,Vasant Kunj,28.5293,77.1541
2026-08-03 14:00:00,30.4,80,1.1,9.3,Vasant Kunj,28.5293,77.1541
2026-08-03 15:00:00,29.7,84,0.7,6.8,Vasant Kunj,28.5293,77.1541
2026-08-03 16:00:00,29.3,86,0.3,7.2,Vasant Kunj,28.5293,77.1541
2026-08-03 17:00:00,31.7,77,0.0,8.3,Vasant Kunj,28.5293,77.1541
2026-08-03 18:00:00,28.9,88,0.0,8.8,Vasant Kunj,28.5293,77.1541
2026-08-03 19:00:00,27.4,96,4.0,6.2,Vasant Kunj,28.5293,77.1541
2026-08-03 20:00:00,26.9,97,2.9,8.1,Vasant Kunj,28.5293,77.1541
2026-08-03 21:00:00,27.2,96,1.5,1.4,Vasant Kunj,28.5293,77.1541
2026-08-03 22:00:00,27.0,96,1.5,4.8,Vasant Kunj,28.5293,77.1541
2026-08-03 23:00:00,26.9,98,0.4,6.4,Vasant Kunj,28.5293,77.1541
2026-08-04 00:00:00,26.5,98,1.8,8.5,Vasant Kunj,28.5293,77.1541
2026-08-04 01:00:00,26.3,99,0.8,7.3,Vasant Kunj,28.5293,77.1541
2026-08-04 02:00:00,26.4,98,0.3,8.2,Vasant Kunj,28.5293,77.1541
2026-08-04 03:00:00,26.4,99,0.1,8.2,Vasant Kunj,28.5293,77.1541
2026-08-04 04:00:00,26.4,98,0.1,5.4,Vasant Kunj,28.5293,77.1541
2026-08-04 05:00:00,26.3,98,0.0,11.0,Vasant Kunj,28.5293,77.1541
2026-08-04 06:00:00,26.1,99,2.0,7.4,Vasant Kunj,28.5293,77.1541
2026-08-04 07:00:00,26.5,97,1.4,3.9,Vasant Kunj,28.5293,77.1541
2026-08-04 08:00:00,26.9,95,1.0,5.7,Vasant Kunj,28.5293,77.1541
2026-08-04 09:00:00,28.0,90,0.4,3.7,Vasant Kunj,28.5293,77.1541
2026-08-04 10:00:00,29.0,86,0.3,2.1,Vasant Kunj,28.5293,77.1541
2026-08-04 11:00:00,27.8,92,0.7,6.0,Vasant Kunj,28.5293,77.1541
2026-08-04 12:00:00,27.4,96,0.9,4.9,Vasant Kunj,28.5293,77.1541
2026-08-04 13:00:00,28.2,92,0.5,5.8,Vasant Kunj,28.5293,77.1541
2026-08-04 14:00:00,28.8,89,0.5,5.5,Vasant Kunj,28.5293,77.1541
2026-08-04 15:00:00,29.2,84,0.3,5.9,Vasant Kunj,28.5293,77.1541
2026-08-04 16:00:00,29.4,83,0.0,5.7,Vasant Kunj,28.5293,77.1541
2026-08-04 17:00:00,27.3,97,0.0,3.2,Vasant Kunj,28.5293,77.1541
2026-08-04 18:00:00,27.2,97,1.4,3.7,Vasant Kunj,28.5293,77.1541
2026-08-04 19:00:00,27.1,97,0.9,1.8,Vasant Kunj,28.5293,77.1541
2026-08-04 20:00:00,26.9,98,0.5,3.6,Vasant Kunj,28.5293,77.1541
2026-08-04 21:00:00,26.9,98,0.5,1.8,Vasant Kunj,28.5293,77.1541
2026-08-04 22:00:00,26.7,98,0.4,2.7,Vasant Kunj,28.5293,77.1541
2026-08-04 23:00:00,27.2,99,0.2,1.5,Vasant Kunj,28.5293,77.1541
2026-08-05 00:00:00,27.1,99,0.0,0.7,Vasant Kunj,28.5293,77.1541
2026-08-05 01:00:00,27.1,99,0.0,1.5,Vasant Kunj,28.5293,77.1541
2026-08-05 02:00:00,26.8,96,0.2,3.4,Vasant Kunj,28.5293,77.1541
2026-08-05 03:00:00,26.6,98,0.1,3.6,Vasant Kunj,28.5293,77.1541
2026-08-05 04:00:00,26.6,94,0.0,3.1,Vasant Kunj,28.5293,77.1541
2026-08-05 05:00:00,26.7,96,0.1,3.8,Vasant Kunj,28.5293,77.1541
2026-08-05 06:00:00,26.3,96,0.7,5.4,Vasant Kunj,28.5293,77.1541
2026-08-05 07:00:00,26.9,95,0.0,3.8,Vasant Kunj,28.5293,77.1541
2026-08-05 08:00:00,27.8,89,0.0,2.9,Vasant Kunj,28.5293,77.1541
2026-08-05 09:00:00,29.6,79,0.0,4.5,Vasant Kunj,28.5293,77.1541
2026-08-05 10:00:00,31.0,71,0.0,5.5,Vasant Kunj,28.5293,77.1541
2026-08-05 11:00:00,30.6,74,0.0,5.3,Vasant Kunj,28.5293,77.1541
2026-08-05 12:00:00,30.1,76,0.0,6.1,Vasant Kunj,28.5293,77.1541
2026-08-05 13:00:00,31.0,69,0.0,6.7,Vasant Kunj,28.5293,77.1541
2026-08-05 14:00:00,31.4,67,0.0,7.9,Vasant Kunj,28.5293,77.1541
2026-08-05 15:00:00,32.0,64,0.0,7.2,Vasant Kunj,28.5293,77.1541
2026-08-05 16:00:00,31.9,66,0.0,5.0,Vasant Kunj,28.5293,77.1541
2026-08-05 17:00:00,29.6,84,0.0,7.8,Vasant Kunj,28.5293,77.1541
2026-08-05 18:00:00,28.6,88,0.3,5.4,Vasant Kunj,28.5293,77.1541
2026-08-05 19:00:00,28.2,90,0.3,5.6,Vasant Kunj,28.5293,77.1541
2026-08-05 20:00:00,27.6,94,0.3,8.5,Vasant Kunj,28.5293,77.1541
2026-08-05 21:00:00,27.3,95,0.0,3.6,Vasant Kunj,28.5293,77.1541
2026-08-05 22:00:00,27.2,98,0.0,4.8,Vasant Kunj,28.5293,77.1541
2026-08-05 23:00:00,27.3,99,0.1,3.2,Vasant Kunj,28.5293,77.1541
2026-08-06 00:00:00,27.5,97,3.1,3.5,Vasant Kunj,28.5293,77.1541
2026-08-06 01:00:00,27.0,99,1.0,1.4,Vasant Kunj,28.5293,77.1541
2026-08-06 02:00:00,26.9,99,0.3,2.5,Vasant Kunj,28.5293,77.1541
2026-08-06 03:00:00,26.9,99,0.0,4.6,Vasant Kunj,28.5293,77.1541
2026-08-06 04:00:00,26.7,98,0.0,8.8,Vasant Kunj,28.5293,77.1541
2026-08-06 05:00:00,27.0,95,0.0,6.0,Vasant Kunj,28.5293,77.1541
2026-08-06 06:00:00,27.3,94,0.5,2.7,Vasant Kunj,28.5293,77.1541
2026-08-06 07:00:00,27.3,92,0.3,7.3,Vasant Kunj,28.5293,77.1541
2026-08-06 08:00:00,27.0,93,1.3,6.9,Vasant Kunj,28.5293,77.1541
2026-08-06 09:00:00,26.8,90,1.0,4.2,Vasant Kunj,28.5293,77.1541
2026-08-06 10:00:00,26.9,88,1.4,1.0,Vasant Kunj,28.5293,77.1541
2026-08-06 11:00:00,26.8,87,0.4,4.1,Vasant Kunj,28.5293,77.1541
2026-08-06 12:00:00,27.6,82,0.4,3.7,Vasant Kunj,28.5293,77.1541
2026-08-06 13:00:00,27.5,82,0.3,6.6,Vasant Kunj,28.5293,77.1541
2026-08-06 14:00:00,27.4,82,0.2,7.4,Vasant Kunj,28.5293,77.1541
2026-08-06 15:00:00,27.2,82,0.2,6.0,Vasant Kunj,28.5293,77.1541
2026-08-06 16:00:00,27.5,81,0.0,6.4,Vasant Kunj,28.5293,77.1541
2026-08-06 17:00:00,27.4,88,0.0,8.0,Vasant Kunj,28.5293,77.1541
2026-08-06 18:00:00,27.2,91,0.4,7.6,Vasant Kunj,28.5293,77.1541
2026-08-06 19:00:00,26.9,93,0.1,6.2,Vasant Kunj,28.5293,77.1541
2026-08-06 20:00:00,26.8,93,0.0,5.8,Vasant Kunj,28.5293,77.1541
2026-08-06 21:00:00,26.7,94,0.0,6.3,Vasant Kunj,28.5293,77.1541
2026-08-06 22:00:00,26.6,94,0.0,5.1,Vasant Kunj,28.5293,77.1541
2026-08-06 23:00:00,26.5,95,0.0,9.5,Vasant Kunj,28.5293,77.1541
2026-08-07 00:00:00,25.8,98,0.8,8.3,Vasant Kunj,28.5293,77.1541
2026-08-07 01:00:00,25.5,98,1.7,3.8,Vasant Kunj,28.5293,77.1541
2026-08-07 02:00:00,25.5,99,0.7,4.9,Vasant Kunj,28.5293,77.1541
2026-08-07 03:00:00,25.7,98,0.0,5.2,Vasant Kunj,28.5293,77.1541
2026-08-07 04:00:00,25.7,95,0.0,6.1,Vasant Kunj,28.5293,77.1541
2026-08-07 05:00:00,25.6,96,1.7,9.3,Vasant Kunj,28.5293,77.1541
2026-08-07 06:00:00,25.3,96,1.4,5.0,Vasant Kunj,28.5293,77.1541
2026-08-07 07:00:00,25.6,95,3.9,7.0,Vasant Kunj,28.5293,77.1541
2026-08-07 08:00:00,26.2,96,1.8,8.5,Vasant Kunj,28.5293,77.1541
2026-08-07 09:00:00,26.3,97,2.2,10.0,Vasant Kunj,28.5293,77.1541
2026-08-07 10:00:00,26.6,95,4.3,12.1,Vasant Kunj,28.5293,77.1541
2026-08-07 11:00:00,27.4,92,0.8,10.1,Vasant Kunj,28.5293,77.1541
2026-08-07 12:00:00,26.0,96,14.3,14.8,Vasant Kunj,28.5293,77.1541
2026-08-07 13:00:00,26.9,95,2.9,15.4,Vasant Kunj,28.5293,77.1541
2026-08-07 14:00:00,27.7,93,1.2,12.8,Vasant Kunj,28.5293,77.1541
2026-08-07 15:00:00,29.1,85,0.2,12.3,Vasant Kunj,28.5293,77.1541
2026-08-07 16:00:00,27.9,89,1.3,12.1,Vasant Kunj,28.5293,77.1541
2026-08-07 17:00:00,27.0,93,7.3,10.8,Vasant Kunj,28.5293,77.1541
2026-08-07 18:00:00,26.4,94,1.7,10.2,Vasant Kunj,28.5293,77.1541
2026-08-07 19:00:00,26.0,96,0.6,11.4,Vasant Kunj,28.5293,77.1541
2026-08-07 20:00:00,26.2,95,0.2,11.1,Vasant Kunj,28.5293,77.1541
2026-08-07 21:00:00,25.6,97,0.7,14.0,Vasant Kunj,28.5293,77.1541
2026-08-07 22:00:00,25.2,97,2.0,11.1,Vasant Kunj,28.5293,77.1541
2026-08-07 23:00:00,25.2,97,9.9,12.2,Vasant Kunj,28.5293,77.1541
2026-08-08 00:00:00,25.5,96,1.3,9.3,Vasant Kunj,28.5293,77.1541
2026-08-08 01:00:00,25.7,96,0.2,11.9,Vasant Kunj,28.5293,77.1541
2026-08-08 02:00:00,25.1,97,0.9,9.7,Vasant Kunj,28.5293,77.1541
2026-08-08 03:00:00,24.6,99,2.1,8.5,Vasant Kunj,28.5293,77.1541
2026-08-08 04:00:00,24.6,99,4.3,8.3,Vasant Kunj,28.5293,77.1541
2026-08-08 05:00:00,25.5,97,0.3,9.7,Vasant Kunj,28.5293,77.1541
2026-08-08 06:00:00,25.2,97,2.4,12.1,Vasant Kunj,28.5293,77.1541
2026-08-08 07:00:00,25.5,96,0.9,11.0,Vasant Kunj,28.5293,77.1541
2026-08-08 08:00:00,27.0,93,0.3,7.2,Vasant Kunj,28.5293,77.1541
2026-08-08 09:00:00,29.1,86,0.2,9.0,Vasant Kunj,28.5293,77.1541
2026-08-08 10:00:00,30.5,79,0.1,13.4,Vasant Kunj,28.5293,77.1541
2026-08-08 11:00:00,28.9,82,0.7,15.7,Vasant Kunj,28.5293,77.1541
2026-08-08 12:00:00,31.3,75,0.2,12.6,Vasant Kunj,28.5293,77.1541
2026-08-08 13:00:00,29.3,80,1.2,16.2,Vasant Kunj,28.5293,77.1541
2026-08-08 14:00:00,30.9,74,0.2,8.6,Vasant Kunj,28.5293,77.1541
2026-08-08 15:00:00,32.0,68,0.1,9.1,Vasant Kunj,28.5293,77.1541
2026-08-08 16:00:00,30.1,78,0.6,11.5,Vasant Kunj,28.5293,77.1541
2026-08-08 17:00:00,30.3,79,1.0,8.7,Vasant Kunj,28.5293,77.1541
2026-08-08 18:00:00,29.4,84,0.2,6.0,Vasant Kunj,28.5293,77.1541
2026-08-08 19:00:00,28.7,87,0.1,6.9,Vasant Kunj,28.5293,77.1541
2026-08-08 20:00:00,28.5,89,0.0,5.5,Vasant Kunj,28.5293,77.1541
2026-08-08 21:00:00,28.3,91,0.0,7.7,Vasant Kunj,28.5293,77.1541
2026-08-08 22:00:00,28.1,91,0.0,6.3,Vasant Kunj,28.5293,77.1541
2026-08-08 23:00:00,28.7,90,0.0,2.3,Vasant Kunj,28.5293,77.1541
2026-08-09 00:00:00,28.4,89,0.3,3.6,Vasant Kunj,28.5293,77.1541
2026-08-09 01:00:00,27.9,91,0.3,4.1,Vasant Kunj,28.5293,77.1541
2026-08-09 02:00:00,27.7,89,0.2,3.1,Vasant Kunj,28.5293,77.1541
2026-08-09 03:00:00,25.9,96,1.4,8.2,Vasant Kunj,28.5293,77.1541
2026-08-09 04:00:00,25.5,96,0.6,9.2,Vasant Kunj,28.5293,77.1541
2026-08-09 05:00:00,25.5,98,0.1,2.1,Vasant Kunj,28.5293,77.1541
2026-08-09 06:00:00,25.9,98,0.3,3.0,Vasant Kunj,28.5293,77.1541
2026-08-09 07:00:00,27.2,94,0.0,2.8,Vasant Kunj,28.5293,77.1541
2026-08-09 08:00:00,28.9,87,0.0,5.2,Vasant Kunj,28.5293,77.1541
2026-08-09 09:00:00,30.4,79,0.1,7.9,Vasant Kunj,28.5293,77.1541
2026-08-09 10:00:00,31.3,76,0.1,8.6,Vasant Kunj,28.5293,77.1541
2026-08-09 11:00:00,31.5,72,0.0,9.4,Vasant Kunj,28.5293,77.1541
2026-08-09 12:00:00,32.5,66,0.3,8.0,Vasant Kunj,28.5293,77.1541
2026-08-09 13:00:00,33.1,63,0.0,6.8,Vasant Kunj,28.5293,77.1541
2026-08-09 14:00:00,33.7,60,0.0,6.3,Vasant Kunj,28.5293,77.1541
2026-08-09 15:00:00,33.8,60,0.0,2.7,Vasant Kunj,28.5293,77.1541
2026-08-09 16:00:00,33.6,60,0.0,3.6,Vasant Kunj,28.5293,77.1541
2026-08-09 17:00:00,32.3,68,0.3,4.2,Vasant Kunj,28.5293,77.1541
2026-08-09 18:00:00,31.3,78,0.0,2.4,Vasant Kunj,28.5293,77.1541
2026-08-09 19:00:00,30.3,84,0.0,4.5,Vasant Kunj,28.5293,77.1541
2026-08-09 20:00:00,29.8,85,0.0,4.7,Vasant Kunj,28.5293,77.1541
2026-08-09 21:00:00,29.5,84,0.0,4.9,Vasant Kunj,28.5293,77.1541
2026-08-09 22:00:00,29.3,82,0.0,5.6,Vasant Kunj,28.5293,77.1541
2026-08-09 23:00:00,28.7,82,0.0,6.7,Vasant Kunj,28.5293,77.1541
2026-08-10 00:00:00,28.8,85,0.1,3.4,Vasant Kunj,28.5293,77.1541
2026-08-10 01:00:00,28.6,84,0.4,3.0,Vasant Kunj,28.5293,77.1541
2026-08-10 02:00:00,26.7,93,0.5,8.7,Vasant Kunj,28.5293,77.1541
2026-08-10 03:00:00,26.9,94,0.0,3.8,Vasant Kunj,28.5293,77.1541
2026-08-10 04:00:00,27.0,95,0.0,6.5,Vasant Kunj,28.5293,77.1541
2026-08-10 05:00:00,26.9,93,0.0,10.7,Vasant Kunj,28.5293,77.1541
2026-08-10 06:00:00,26.3,94,0.1,10.5,Vasant Kunj,28.5293,77.1541
2026-08-10 07:00:00,26.7,94,0.4,6.3,Vasant Kunj,28.5293,77.1541
2026-08-10 08:00:00,28.0,88,0.0,7.6,Vasant Kunj,28.5293,77.1541
2026-08-10 09:00:00,29.6,82,0.0,7.7,Vasant Kunj,28.5293,77.1541
2026-08-10 10:00:00,31.0,76,0.0,5.7,Vasant Kunj,28.5293,77.1541
2026-08-10 11:00:00,32.8,65,0.0,6.8,Vasant Kunj,28.5293,77.1541
2026-08-10 12:00:00,33.0,64,0.1,6.1,Vasant Kunj,28.5293,77.1541
2026-08-10 13:00:00,32.2,69,0.0,7.8,Vasant Kunj,28.5293,77.1541
2026-08-10 14:00:00,27.5,96,5.5,6.6,Vasant Kunj,28.5293,77.1541
2026-08-10 15:00:00,28.9,87,0.6,1.0,Vasant Kunj,28.5293,77.1541
2026-08-10 16:00:00,29.1,84,0.2,2.1,Vasant Kunj,28.5293,77.1541
2026-08-10 17:00:00,29.1,91,0.1,6.2,Vasant Kunj,28.5293,77.1541
2026-08-10 18:00:00,28.9,93,0.9,6.9,Vasant Kunj,28.5293,77.1541
2026-08-10 19:00:00,28.5,94,0.1,7.2,Vasant Kunj,28.5293,77.1541
2026-08-10 20:00:00,28.2,94,0.0,5.4,Vasant Kunj,28.5293,77.1541
2026-08-10 21:00:00,27.9,96,0.2,6.3,Vasant Kunj,28.5293,77.1541
2026-08-10 22:00:00,27.8,96,0.1,5.8,Vasant Kunj,28.5293,77.1541
2026-08-10 23:00:00,27.8,96,0.0,7.0,Vasant Kunj,28.5293,77.1541
2026-08-11 00:00:00,27.5,96,0.2,10.2,Vasant Kunj,28.5293,77.1541
2026-08-11 01:00:00,27.2,97,0.0,9.2,Vasant Kunj,28.5293,77.1541
2026-08-11 02:00:00,27.0,97,0.1,9.7,Vasant Kunj,28.5293,77.1541
2026-08-11 03:00:00,26.9,97,0.2,9.5,Vasant Kunj,28.5293,77.1541
2026-08-11 04:00:00,26.6,95,0.2,9.7,Vasant Kunj,28.5293,77.1541
2026-08-11 05:00:00,26.4,97,0.4,9.3,Vasant Kunj,28.5293,77.1541
2026-08-11 06:00:00,26.5,97,0.0,7.9,Vasant Kunj,28.5293,77.1541
2026-08-11 07:00:00,27.3,91,0.0,9.2,Vasant Kunj,28.5293,77.1541
2026-08-11 08:00:00,28.4,86,0.0,7.7,Vasant Kunj,28.5293,77.1541
2026-08-11 09:00:00,29.3,83,0.0,7.1,Vasant Kunj,28.5293,77.1541
2026-08-11 10:00:00,30.1,81,0.1,5.4,Vasant Kunj,28.5293,77.1541
2026-08-11 11:00:00,30.5,77,0.3,2.9,Vasant Kunj,28.5293,77.1541
2026-08-11 12:00:00,28.2,85,0.9,6.7,Vasant Kunj,28.5293,77.1541
2026-08-11 13:00:00,27.9,91,2.2,6.4,Vasant Kunj,28.5293,77.1541
2026-08-11 14:00:00,28.4,91,1.2,5.2,Vasant Kunj,28.5293,77.1541
2026-08-11 15:00:00,29.9,83,0.4,5.6,Vasant Kunj,28.5293,77.1541
2026-08-11 16:00:00,30.4,78,0.1,5.1,Vasant Kunj,28.5293,77.1541
2026-08-11 17:00:00,30.1,78,0.1,4.3,Vasant Kunj,28.5293,77.1541
2026-08-11 18:00:00,29.6,83,0.0,3.1,Vasant Kunj,28.5293,77.1541
2026-08-11 19:00:00,28.8,89,0.2,1.8,Vasant Kunj,28.5293,77.1541
2026-08-11 20:00:00,28.5,92,0.7,3.1,Vasant Kunj,28.5293,77.1541
2026-08-11 21:00:00,28.3,94,0.1,2.3,Vasant Kunj,28.5293,77.1541
2026-08-11 22:00:00,27.8,97,0.0,3.5,Vasant Kunj,28.5293,77.1541
2026-08-11 23:00:00,28.1,93,0.0,4.8,Vasant Kunj,28.5293,77.1541
2026-08-12 00:00:00,27.9,94,0.0,3.5,Vasant Kunj,28.5293,77.1541
2026-08-12 01:00:00,27.9,94,0.0,0.3,Vasant Kunj,28.5293,77.1541
2026-08-12 02:00:00,27.4,96,0.0,2.9,Vasant Kunj,28.5293,77.1541
2026-08-12 03:00:00,27.2,96,0.0,4.6,Vasant Kunj,28.5293,77.1541
2026-08-12 04:00:00,27.0,96,0.0,3.3,Vasant Kunj,28.5293,77.1541
2026-08-12 05:00:00,27.2,97,0.0,2.2,Vasant Kunj,28.5293,77.1541
2026-08-12 06:00:00,27.3,97,0.0,3.6,Vasant Kunj,28.5293,77.1541
2026-08-12 07:00:00,28.4,92,0.0,2.6,Vasant Kunj,28.5293,77.1541
2026-08-12 08:00:00,29.9,82,0.0,3.1,Vasant Kunj,28.5293,77.1541
2026-08-12 09:00:00,31.0,74,0.1,4.0,Vasant Kunj,28.5293,77.1541
2026-08-12 10:00:00,31.8,70,0.2,3.1,Vasant Kunj,28.5293,77.1541
2026-08-12 11:00:00,32.9,64,0.4,4.7,Vasant Kunj,28.5293,77.1541
2026-08-12 12:00:00,33.3,62,0.2,4.4,Vasant Kunj,28.5293,77.1541
2026-08-12 13:00:00,33.7,61,0.2,2.9,Vasant Kunj,28.5293,77.1541
2026-08-12 14:00:00,34.0,60,0.1,1.7,Vasant Kunj,28.5293,77.1541
2026-08-12 15:00:00,34.2,60,0.0,0.3,Vasant Kunj,28.5293,77.1541
2026-08-12 16:00:00,34.1,61,0.0,0.7,Vasant Kunj,28.5293,77.1541
2026-08-12 17:00:00,32.8,70,0.1,5.2,Vasant Kunj,28.5293,77.1541
2026-08-12 18:00:00,28.8,93,0.9,9.9,Vasant Kunj,28.5293,77.1541
2026-08-12 19:00:00,27.8,96,0.0,12.5,Vasant Kunj,28.5293,77.1541
2026-08-12 20:00:00,27.5,94,0.1,1.1,Vasant Kunj,28.5293,77.1541
2026-08-12 21:00:00,27.6,95,0.0,5.2,Vasant Kunj,28.5293,77.1541
2026-08-12 22:00:00,27.5,95,0.0,6.1,Vasant Kunj,28.5293,77.1541
2026-08-12 23:00:00,29.1,89,0.0,5.4,Vasant Kunj,28.5293,77.1541
2026-08-13 00:00:00,28.6,90,0.0,3.8,Vasant Kunj,28.5293,77.1541
2026-08-13 01:00:00,28.4,90,0.0,3.6,Vasant Kunj,28.5293,77.1541
2026-08-13 02:00:00,28.2,90,0.0,5.9,Vasant Kunj,28.5293,77.1541
2026-08-13 03:00:00,27.9,92,0.0,6.9,Vasant Kunj,28.5293,77.1541
2026-08-13 04:00:00,27.5,94,0.0,4.8,Vasant Kunj,28.5293,77.1541
2026-08-13 05:00:00,26.1,97,0.0,6.7,Vasant Kunj,28.5293,77.1541
2026-08-13 06:00:00,26.3,95,0.8,9.6,Vasant Kunj,28.5293,77.1541
2026-08-13 07:00:00,27.6,95,0.0,8.3,Vasant Kunj,28.5293,77.1541
2026-08-13 08:00:00,29.8,83,0.0,3.8,Vasant Kunj,28.5293,77.1541
2026-08-13 09:00:00,31.6,76,0.0,2.3,Vasant Kunj,28.5293,77.1541
2026-08-13 10:00:00,32.8,70,0.0,0.3,Vasant Kunj,28.5293,77.1541
2026-08-13 11:00:00,33.2,69,0.1,2.4,Vasant Kunj,28.5293,77.1541
2026-08-13 12:00:00,32.1,73,0.3,0.9,Vasant Kunj,28.5293,77.1541
2026-08-13 13:00:00,30.8,77,2.2,6.6,Vasant Kunj,28.5293,77.1541
2026-08-13 14:00:00,32.0,74,0.3,1.5,Vasant Kunj,28.5293,77.1541
2026-08-13 15:00:00,33.1,68,0.1,5.4,Vasant Kunj,28.5293,77.1541
2026-08-13 16:00:00,32.8,70,0.1,6.8,Vasant Kunj,28.5293,77.1541
2026-08-13 17:00:00,30.3,87,0.0,6.3,Vasant Kunj,28.5293,77.1541
2026-08-13 18:00:00,30.4,86,0.0,2.7,Vasant Kunj,28.5293,77.1541
2026-08-13 19:00:00,29.8,90,0.0,1.9,Vasant Kunj,28.5293,77.1541
2026-08-13 20:00:00,29.5,92,0.0,3.8,Vasant Kunj,28.5293,77.1541
2026-08-13 21:00:00,29.6,90,0.0,4.0,Vasant Kunj,28.5293,77.1541
2026-08-13 22:00:00,29.6,88,0.0,5.4,Vasant Kunj,28.5293,77.1541
2026-08-13 23:00:00,30.0,88,0.0,3.4,Vasant Kunj,28.5293,77.1541
2026-08-14 00:00:00,29.4,89,0.0,4.6,Vasant Kunj,28.5293,77.1541
2026-08-14 01:00:00,29.0,89,0.0,4.3,Vasant Kunj,28.5293,77.1541
2026-08-14 02:00:00,28.7,89,0.0,5.6,Vasant Kunj,28.5293,77.1541
2026-08-14 03:00:00,28.4,90,0.0,5.7,Vasant Kunj,28.5293,77.1541
2026-08-14 04:00:00,28.2,91,0.0,5.6,Vasant Kunj,28.5293,77.1541
2026-08-14 05:00:00,26.6,97,0.2,2.9,Vasant Kunj,28.5293,77.1541
2026-08-14 06:00:00,26.8,97,1.3,3.6,Vasant Kunj,28.5293,77.1541
2026-08-14 07:00:00,27.4,95,1.1,3.9,Vasant Kunj,28.5293,77.1541
2026-08-14 08:00:00,27.9,88,0.4,6.6,Vasant Kunj,28.5293,77.1541
2026-08-14 09:00:00,28.3,89,0.4,4.7,Vasant Kunj,28.5293,77.1541
2026-08-14 10:00:00,29.6,81,0.1,2.7,Vasant Kunj,28.5293,77.1541
2026-08-14 11:00:00,30.2,81,0.2,4.9,Vasant Kunj,28.5293,77.1541
2026-08-14 12:00:00,30.6,81,0.6,3.1,Vasant Kunj,28.5293,77.1541
2026-08-14 13:00:00,30.3,83,0.4,2.9,Vasant Kunj,28.5293,77.1541
2026-08-14 14:00:00,30.6,81,0.4,3.9,Vasant Kunj,28.5293,77.1541
2026-08-14 15:00:00,26.9,94,6.0,2.6,Vasant Kunj,28.5293,77.1541
2026-08-14 16:00:00,27.2,94,1.6,2.6,Vasant Kunj,28.5293,77.1541
2026-08-14 17:00:00,30.0,80,0.2,5.0,Vasant Kunj,28.5293,77.1541
2026-08-14 18:00:00,29.3,84,0.0,4.3,Vasant Kunj,28.5293,77.1541
2026-08-14 19:00:00,28.6,88,0.0,5.5,Vasant Kunj,28.5293,77.1541
2026-08-14 20:00:00,28.2,89,0.0,6.1,Vasant Kunj,28.5293,77.1541
2026-08-14 21:00:00,27.7,92,0.0,3.1,Vasant Kunj,28.5293,77.1541
2026-08-14 22:00:00,27.5,93,0.0,4.0,Vasant Kunj,28.5293,77.1541
2026-08-14 23:00:00,27.7,91,0.0,4.2,Vasant Kunj,28.5293,77.1541
2026-08-15 00:00:00,27.5,93,0.0,2.3,Vasant Kunj,28.5293,77.1541
2026-08-15 01:00:00,27.2,94,0.0,2.5,Vasant Kunj,28.5293,77.1541
2026-08-15 02:00:00,27.0,95,0.0,2.7,Vasant Kunj,28.5293,77.1541
2026-08-15 03:00:00,26.9,95,0.0,4.1,Vasant Kunj,28.5293,77.1541
2026-08-15 04:00:00,26.8,95,0.0,3.4,Vasant Kunj,28.5293,77.1541
2026-08-15 05:00:00,26.3,97,0.0,8.3,Vasant Kunj,28.5293,77.1541
2026-08-15 06:00:00,26.5,98,0.9,3.9,Vasant Kunj,28.5293,77.1541
2026-08-15 07:00:00,26.9,97,0.3,1.8,Vasant Kunj,28.5293,77.1541
2026-08-15 08:00:00,27.9,93,0.2,3.3,Vasant Kunj,28.5293,77.1541
2026-08-15 09:00:00,28.9,87,0.0,2.7,Vasant Kunj,28.5293,77.1541
2026-08-15 10:00:00,30.2,81,0.0,1.5,Vasant Kunj,28.5293,77.1541
2026-08-15 11:00:00,31.9,71,0.1,8.2,Vasant Kunj,28.5293,77.1541
2026-08-15 12:00:00,32.1,72,0.5,7.4,Vasant Kunj,28.5293,77.1541
2026-08-15 13:00:00,31.0,79,0.7,9.8,Vasant Kunj,28.5293,77.1541
2026-08-15 14:00:00,31.7,76,0.8,5.4,Vasant Kunj,28.5293,77.1541
2026-08-15 15:00:00,32.4,70,0.1,7.2,Vasant Kunj,28.5293,77.1541
2026-08-15 16:00:00,32.3,67,0.0,7.2,Vasant Kunj,28.5293,77.1541
2026-08-15 17:00:00,31.6,74,0.0,8.9,Vasant Kunj,28.5293,77.1541
2026-08-15 18:00:00,30.9,80,0.0,4.9,Vasant Kunj,28.5293,77.1541
2026-08-15 19:00:00,30.3,84,0.0,4.8,Vasant Kunj,28.5293,77.1541
2026-08-15 20:00:00,29.9,85,0.0,4.0,Vasant Kunj,28.5293,77.1541
2026-08-15 21:00:00,29.4,86,0.0,5.0,Vasant Kunj,28.5293,77.1541
2026-08-15 22:00:00,29.0,87,0.0,4.1,Vasant Kunj,28.5293,77.1541
2026-08-15 23:00:00,28.8,88,0.0,7.4,Vasant Kunj,28.5293,77.1541
2026-08-16 00:00:00,28.6,91,0.0,8.1,Vasant Kunj,28.5293,77.1541
2026-08-16 01:00:00,28.4,89,0.0,8.7,Vasant Kunj,28.5293,77.1541
2026-08-16 02:00:00,28.3,88,0.0,7.6,Vasant Kunj,28.5293,77.1541
2026-08-16 03:00:00,26.8,94,1.0,8.5,Vasant Kunj,28.5293,77.1541
2026-08-16 04:00:00,26.7,95,0.3,8.0,Vasant Kunj,28.5293,77.1541
2026-08-16 05:00:00,27.6,87,0.0,12.3,Vasant Kunj,28.5293,77.1541
2026-08-16 06:00:00,27.8,85,0.0,10.3,Vasant Kunj,28.5293,77.1541
2026-08-16 07:00:00,28.2,84,0.2,9.3,Vasant Kunj,28.5293,77.1541
2026-08-16 08:00:00,29.3,79,0.0,9.6,Vasant Kunj,28.5293,77.1541
2026-08-16 09:00:00,30.5,73,0.0,10.3,Vasant Kunj,28.5293,77.1541
2026-08-16 10:00:00,31.7,69,0.0,9.5,Vasant Kunj,28.5293,77.1541
2026-08-16 11:00:00,32.5,66,0.0,9.2,Vasant Kunj,28.5293,77.1541
2026-08-16 12:00:00,32.9,64,0.1,8.1,Vasant Kunj,28.5293,77.1541
2026-08-16 13:00:00,33.1,64,0.3,6.8,Vasant Kunj,28.5293,77.1541
2026-08-16 14:00:00,32.9,64,0.1,7.9,Vasant Kunj,28.5293,77.1541
2026-08-16 15:00:00,33.0,64,0.0,9.1,Vasant Kunj,28.5293,77.1541
2026-08-16 16:00:00,32.9,65,0.0,9.3,Vasant Kunj,28.5293,77.1541
2026-08-16 17:00:00,31.7,74,0.1,5.2,Vasant Kunj,28.5293,77.1541
2026-08-16 18:00:00,31.0,81,0.0,2.7,Vasant Kunj,28.5293,77.1541
2026-08-16 19:00:00,30.0,85,0.0,4.7,Vasant Kunj,28.5293,77.1541
2026-08-16 20:00:00,29.3,87,0.0,5.7,Vasant Kunj,28.5293,77.1541
2026-08-16 21:00:00,29.0,86,0.0,7.5,Vasant Kunj,28.5293,77.1541
2026-08-16 22:00:00,28.9,86,0.0,6.7,Vasant Kunj,28.5293,77.1541
2026-08-16 23:00:00,28.9,87,0.0,5.1,Vasant Kunj,28.5293,77.1541
2026-07-18 00:00:00,30.8,75,0.0,5.6,Noida,28.5355,77.391
2026-07-18 01:00:00,30.8,72,0.0,6.2,Noida,28.5355,77.391
2026-07-18 02:00:00,30.4,75,0.0,3.6,Noida,28.5355,77.391
2026-07-18 03:00:00,30.4,75,0.0,3.3,Noida,28.5355,77.391
2026-07-18 04:00:00,30.3,72,0.0,4.1,Noida,28.5355,77.391
2026-07-18 05:00:00,31.5,68,0.0,9.8,Noida,28.5355,77.391
2026-07-18 06:00:00,31.4,61,0.0,13.0,Noida,28.5355,77.391
2026-07-18 07:00:00,31.8,58,0.0,13.7,Noida,28.5355,77.391
2026-07-18 08:00:00,32.6,57,0.0,12.7,Noida,28.5355,77.391
2026-07-18 09:00:00,33.7,54,0.0,13.1,Noida,28.5355,77.391
2026-07-18 10:00:00,35.1,51,0.0,14.7,Noida,28.5355,77.391
2026-07-18 11:00:00,35.6,49,0.0,15.6,Noida,28.5355,77.391
2026-07-18 12:00:00,35.6,49,0.0,13.6,Noida,28.5355,77.391
2026-07-18 13:00:00,35.9,49,0.0,11.3,Noida,28.5355,77.391
2026-07-18 14:00:00,36.2,47,0.0,9.7,Noida,28.5355,77.391
2026-07-18 15:00:00,35.8,48,0.0,6.9,Noida,28.5355,77.391
2026-07-18 16:00:00,35.1,54,0.0,4.4,Noida,28.5355,77.391
2026-07-18 17:00:00,35.6,52,0.0,5.1,Noida,28.5355,77.391
2026-07-18 18:00:00,34.8,62,0.0,2.1,Noida,28.5355,77.391
2026-07-18 19:00:00,33.9,61,0.0,0.7,Noida,28.5355,77.391
2026-07-18 20:00:00,32.1,68,0.0,4.4,Noida,28.5355,77.391
2026-07-18 21:00:00,31.8,69,0.0,8.4,Noida,28.5355,77.391
2026-07-18 22:00:00,31.3,69,0.0,4.6,Noida,28.5355,77.391
2026-07-18 23:00:00,31.4,71,0.0,6.1,Noida,28.5355,77.391
2026-07-19 00:00:00,31.3,75,0.2,1.7,Noida,28.5355,77.391
2026-07-19 01:00:00,30.5,78,0.0,4.1,Noida,28.5355,77.391
2026-07-19 02:00:00,30.3,75,0.0,6.1,Noida,28.5355,77.391
2026-07-19 03:00:00,29.9,72,0.0,8.2,Noida,28.5355,77.391
2026-07-19 04:00:00,29.3,73,0.0,6.7,Noida,28.5355,77.391
2026-07-19 05:00:00,29.9,79,0.0,1.7,Noida,28.5355,77.391
2026-07-19 06:00:00,30.0,79,0.0,3.4,Noida,28.5355,77.391
2026-07-19 07:00:00,31.0,78,0.0,2.2,Noida,28.5355,77.391
2026-07-19 08:00:00,32.5,70,0.0,2.7,Noida,28.5355,77.391
2026-07-19 09:00:00,33.4,60,0.0,6.5,Noida,28.5355,77.391
2026-07-19 10:00:00,34.1,55,0.0,8.2,Noida,28.5355,77.391
2026-07-19 11:00:00,35.2,48,0.0,11.5,Noida,28.5355,77.391
2026-07-19 12:00:00,35.8,47,0.0,10.1,Noida,28.5355,77.391
2026-07-19 13:00:00,34.8,51,0.0,4.3,Noida,28.5355,77.391
2026-07-19 14:00:00,33.7,56,0.1,4.3,Noida,28.5355,77.391
2026-07-19 15:00:00,32.8,64,0.1,8.5,Noida,28.5355,77.391
2026-07-19 16:00:00,32.3,68,0.1,5.4,Noida,28.5355,77.391
2026-07-19 17:00:00,31.6,84,0.0,12.7,Noida,28.5355,77.391
2026-07-19 18:00:00,31.2,86,0.0,8.5,Noida,28.5355,77.391
2026-07-19 19:00:00,30.8,87,0.0,8.2,Noida,28.5355,77.391
2026-07-19 20:00:00,30.4,88,0.0,8.9,Noida,28.5355,77.391
2026-07-19 21:00:00,30.2,89,0.0,6.3,Noida,28.5355,77.391
2026-07-19 22:00:00,29.9,89,0.0,6.0,Noida,28.5355,77.391
2026-07-19 23:00:00,29.5,89,0.3,9.5,Noida,28.5355,77.391
2026-07-20 00:00:00,26.6,97,8.8,12.6,Noida,28.5355,77.391
2026-07-20 01:00:00,26.3,96,2.1,10.1,Noida,28.5355,77.391
2026-07-20 02:00:00,26.9,95,0.7,7.4,Noida,28.5355,77.391
2026-07-20 03:00:00,27.4,96,0.3,7.2,Noida,28.5355,77.391
2026-07-20 04:00:00,27.6,93,0.9,5.0,Noida,28.5355,77.391
2026-07-20 05:00:00,28.7,83,0.3,10.0,Noida,28.5355,77.391
2026-07-20 06:00:00,28.4,86,0.1,8.6,Noida,28.5355,77.391
2026-07-20 07:00:00,29.0,86,0.0,5.2,Noida,28.5355,77.391
2026-07-20 08:00:00,28.9,87,1.6,2.5,Noida,28.5355,77.391
2026-07-20 09:00:00,28.6,91,0.8,5.4,Noida,28.5355,77.391
2026-07-20 10:00:00,28.4,89,2.3,3.8,Noida,28.5355,77.391
2026-07-20 11:00:00,29.9,80,0.8,7.2,Noida,28.5355,77.391
2026-07-20 12:00:00,28.9,87,4.2,7.3,Noida,28.5355,77.391
2026-07-20 13:00:00,29.0,85,0.8,12.4,Noida,28.5355,77.391
2026-07-20 14:00:00,29.2,86,0.6,6.9,Noida,28.5355,77.391
2026-07-20 15:00:00,30.8,77,0.2,5.1,Noida,28.5355,77.391
2026-07-20 16:00:00,30.7,77,0.1,4.2,Noida,28.5355,77.391
2026-07-20 17:00:00,30.0,76,0.0,5.8,Noida,28.5355,77.391
2026-07-20 18:00:00,28.6,87,0.5,6.3,Noida,28.5355,77.391
2026-07-20 19:00:00,27.7,93,1.1,4.8,Noida,28.5355,77.391
2026-07-20 20:00:00,27.5,95,1.0,4.2,Noida,28.5355,77.391
2026-07-20 21:00:00,27.6,94,0.8,2.5,Noida,28.5355,77.391
2026-07-20 22:00:00,27.4,95,0.7,4.0,Noida,28.5355,77.391
2026-07-20 23:00:00,27.4,94,0.8,2.6,Noida,28.5355,77.391
2026-07-21 00:00:00,26.8,95,0.0,3.7,Noida,28.5355,77.391
2026-07-21 01:00:00,26.6,94,0.4,3.6,Noida,28.5355,77.391
2026-07-21 02:00:00,26.6,94,0.1,6.1,Noida,28.5355,77.391
2026-07-21 03:00:00,26.2,93,0.2,7.0,Noida,28.5355,77.391
2026-07-21 04:00:00,25.8,95,0.8,7.2,Noida,28.5355,77.391
2026-07-21 05:00:00,26.0,96,0.3,8.2,Noida,28.5355,77.391
2026-07-21 06:00:00,25.8,95,1.0,10.2,Noida,28.5355,77.391
2026-07-21 07:00:00,26.0,95,0.3,11.6,Noida,28.5355,77.391
2026-07-21 08:00:00,26.6,92,0.1,11.8,Noida,28.5355,77.391
2026-07-21 09:00:00,27.7,85,0.2,12.8,Noida,28.5355,77.391
2026-07-21 10:00:00,28.6,81,0.2,11.6,Noida,28.5355,77.391
2026-07-21 11:00:00,27.6,93,0.1,13.0,Noida,28.5355,77.391
2026-07-21 12:00:00,29.3,87,0.9,10.1,Noida,28.5355,77.391
2026-07-21 13:00:00,30.9,78,0.2,9.0,Noida,28.5355,77.391
2026-07-21 14:00:00,27.4,92,5.3,13.3,Noida,28.5355,77.391
2026-07-21 15:00:00,27.5,92,1.2,1.6,Noida,28.5355,77.391
2026-07-21 16:00:00,29.4,82,0.0,2.9,Noida,28.5355,77.391
2026-07-21 17:00:00,29.7,81,0.1,9.4,Noida,28.5355,77.391
2026-07-21 18:00:00,29.2,81,0.2,7.3,Noida,28.5355,77.391
2026-07-21 19:00:00,28.5,85,0.1,6.6,Noida,28.5355,77.391
2026-07-21 20:00:00,28.2,87,0.0,6.6,Noida,28.5355,77.391
2026-07-21 21:00:00,28.0,87,0.0,8.7,Noida,28.5355,77.391
2026-07-21 22:00:00,27.1,91,0.4,11.8,Noida,28.5355,77.391
2026-07-21 23:00:00,26.6,94,0.2,10.4,Noida,28.5355,77.391
2026-07-22 00:00:00,26.4,95,0.2,8.1,Noida,28.5355,77.391
2026-07-22 01:00:00,26.4,96,0.0,7.6,Noida,28.5355,77.391
2026-07-22 02:00:00,26.3,96,0.3,10.2,Noida,28.5355,77.391
2026-07-22 03:00:00,26.0,96,0.4,11.1,Noida,28.5355,77.391
2026-07-22 04:00:00,25.6,95,0.7,13.5,Noida,28.5355,77.391
2026-07-22 05:00:00,26.0,94,0.4,6.8,Noida,28.5355,77.391
2026-07-22 06:00:00,25.7,95,1.6,12.3,Noida,28.5355,77.391
2026-07-22 07:00:00,27.0,92,0.3,14.5,Noida,28.5355,77.391
2026-07-22 08:00:00,27.6,87,0.7,14.7,Noida,28.5355,77.391
2026-07-22 09:00:00,29.5,78,0.1,14.0,Noida,28.5355,77.391
2026-07-22 10:00:00,30.8,75,0.0,14.3,Noida,28.5355,77.391
2026-07-22 11:00:00,31.4,68,0.1,17.9,Noida,28.5355,77.391
2026-07-22 12:00:00,31.7,66,0.1,16.1,Noida,28.5355,77.391
2026-07-22 13:00:00,32.5,65,0.0,13.8,Noida,28.5355,77.391
2026-07-22 14:00:00,32.1,67,0.2,13.1,Noida,28.5355,77.391
2026-07-22 15:00:00,32.0,66,0.4,12.5,Noida,28.5355,77.391
2026-07-22 16:00:00,31.3,71,0.7,10.7,Noida,28.5355,77.391
2026-07-22 17:00:00,29.1,90,0.5,7.3,Noida,28.5355,77.391
2026-07-22 18:00:00,29.8,86,0.1,3.5,Noida,28.5355,77.391
2026-07-22 19:00:00,29.5,88,0.0,4.2,Noida,28.5355,77.391
2026-07-22 20:00:00,29.3,85,0.0,6.3,Noida,28.5355,77.391
2026-07-22 21:00:00,28.5,85,0.3,9.8,Noida,28.5355,77.391
2026-07-22 22:00:00,28.3,86,0.1,11.1,Noida,28.5355,77.391
2026-07-22 23:00:00,28.2,86,0.0,10.9,Noida,28.5355,77.391
2026-07-23 00:00:00,28.3,84,0.0,12.9,Noida,28.5355,77.391
2026-07-23 01:00:00,28.0,84,0.0,12.4,Noida,28.5355,77.391
2026-07-23 02:00:00,27.8,84,0.0,12.6,Noida,28.5355,77.391
2026-07-23 03:00:00,27.6,83,0.0,11.7,Noida,28.5355,77.391
2026-07-23 04:00:00,27.3,84,0.0,11.5,Noida,28.5355,77.391
2026-07-23 05:00:00,26.7,94,0.0,8.6,Noida,28.5355,77.391
2026-07-23 06:00:00,27.2,92,0.0,9.7,Noida,28.5355,77.391
2026-07-23 07:00:00,27.0,91,0.6,9.8,Noida,28.5355,77.391
2026-07-23 08:00:00,27.2,89,0.7,12.5,Noida,28.5355,77.391
2026-07-23 09:00:00,29.5,77,0.0,13.8,Noida,28.5355,77.391
2026-07-23 10:00:00,30.9,73,0.1,15.1,Noida,28.5355,77.391
2026-07-23 11:00:00,31.5,65,0.1,17.2,Noida,28.5355,77.391
2026-07-23 12:00:00,31.8,65,0.3,17.6,Noida,28.5355,77.391
2026-07-23 13:00:00,32.5,64,0.3,15.2,Noida,28.5355,77.391
2026-07-23 14:00:00,32.9,63,0.0,14.1,Noida,28.5355,77.391
2026-07-23 15:00:00,30.1,79,2.4,8.9,Noida,28.5355,77.391
2026-07-23 16:00:00,31.7,69,0.3,10.6,Noida,28.5355,77.391
2026-07-23 17:00:00,32.0,65,0.1,15.6,Noida,28.5355,77.391
2026-07-23 18:00:00,30.8,71,0.0,10.7,Noida,28.5355,77.391
2026-07-23 19:00:00,30.1,74,0.0,9.6,Noida,28.5355,77.391
2026-07-23 20:00:00,27.8,86,0.6,10.9,Noida,28.5355,77.391
2026-07-23 21:00:00,27.1,92,0.8,10.8,Noida,28.5355,77.391
2026-07-23 22:00:00,27.1,92,0.0,11.2,Noida,28.5355,77.391
2026-07-23 23:00:00,27.4,88,0.1,13.4,Noida,28.5355,77.391
2026-07-24 00:00:00,27.1,89,0.0,12.0,Noida,28.5355,77.391
2026-07-24 01:00:00,27.1,89,0.0,11.7,Noida,28.5355,77.391
2026-07-24 02:00:00,26.9,89,0.0,10.5,Noida,28.5355,77.391
2026-07-24 03:00:00,26.8,90,0.0,10.1,Noida,28.5355,77.391
2026-07-24 04:00:00,26.6,90,0.0,11.2,Noida,28.5355,77.391
2026-07-24 05:00:00,26.0,96,0.0,9.8,Noida,28.5355,77.391
2026-07-24 06:00:00,26.2,94,0.2,11.9,Noida,28.5355,77.391
2026-07-24 07:00:00,27.3,89,0.0,11.9,Noida,28.5355,77.391
2026-07-24 08:00:00,28.4,82,0.1,17.2,Noida,28.5355,77.391
2026-07-24 09:00:00,29.4,78,0.2,17.9,Noida,28.5355,77.391
2026-07-24 10:00:00,30.1,76,0.3,16.0,Noida,28.5355,77.391
2026-07-24 11:00:00,30.8,73,0.2,15.1,Noida,28.5355,77.391
2026-07-24 12:00:00,31.7,72,0.5,14.3,Noida,28.5355,77.391
2026-07-24 13:00:00,30.9,73,0.3,14.7,Noida,28.5355,77.391
2026-07-24 14:00:00,29.4,84,1.2,9.6,Noida,28.5355,77.391
2026-07-24 15:00:00,30.7,75,0.1,8.7,Noida,28.5355,77.391
2026-07-24 16:00:00,30.8,76,0.3,9.0,Noida,28.5355,77.391
2026-07-24 17:00:00,31.1,78,0.1,9.0,Noida,28.5355,77.391
2026-07-24 18:00:00,30.6,80,0.0,9.2,Noida,28.5355,77.391
2026-07-24 19:00:00,29.9,81,0.0,11.2,Noida,28.5355,77.391
2026-07-24 20:00:00,29.5,82,0.0,12.1,Noida,28.5355,77.391
2026-07-24 21:00:00,29.1,83,0.0,11.9,Noida,28.5355,77.391
2026-07-24 22:00:00,28.9,83,0.0,12.1,Noida,28.5355,77.391
2026-07-24 23:00:00,28.6,83,0.1,14.5,Noida,28.5355,77.391
2026-07-25 00:00:00,28.6,80,0.0,13.8,Noida,28.5355,77.391
2026-07-25 01:00:00,28.4,82,0.0,12.7,Noida,28.5355,77.391
2026-07-25 02:00:00,28.2,84,0.0,11.4,Noida,28.5355,77.391
2026-07-25 03:00:00,28.0,85,0.1,11.0,Noida,28.5355,77.391
2026-07-25 04:00:00,27.7,88,0.3,10.4,Noida,28.5355,77.391
2026-07-25 05:00:00,27.4,90,0.1,10.0,Noida,28.5355,77.391
2026-07-25 06:00:00,27.7,89,0.0,9.7,Noida,28.5355,77.391
2026-07-25 07:00:00,28.6,81,0.0,11.7,Noida,28.5355,77.391
2026-07-25 08:00:00,29.4,79,0.2,13.0,Noida,28.5355,77.391
2026-07-25 09:00:00,30.3,74,0.1,12.0,Noida,28.5355,77.391
2026-07-25 10:00:00,30.1,76,0.2,12.1,Noida,28.5355,77.391
2026-07-25 11:00:00,32.0,64,0.1,14.7,Noida,28.5355,77.391
2026-07-25 12:00:00,31.9,65,0.2,13.1,Noida,28.5355,77.391
2026-07-25 13:00:00,32.5,64,0.3,13.7,Noida,28.5355,77.391
2026-07-25 14:00:00,32.4,65,0.5,13.9,Noida,28.5355,77.391
2026-07-25 15:00:00,32.6,63,0.3,13.8,Noida,28.5355,77.391
2026-07-25 16:00:00,30.3,77,0.5,10.7,Noida,28.5355,77.391
2026-07-25 17:00:00,30.3,77,0.0,10.6,Noida,28.5355,77.391
2026-07-25 18:00:00,29.3,82,1.4,9.5,Noida,28.5355,77.391
2026-07-25 19:00:00,28.8,86,0.0,9.6,Noida,28.5355,77.391
2026-07-25 20:00:00,28.1,88,0.0,8.9,Noida,28.5355,77.391
2026-07-25 21:00:00,27.8,88,0.0,7.4,Noida,28.5355,77.391
2026-07-25 22:00:00,27.7,89,0.0,8.1,Noida,28.5355,77.391
2026-07-25 23:00:00,27.7,94,0.0,6.5,Noida,28.5355,77.391
2026-07-26 00:00:00,27.9,95,0.1,9.4,Noida,28.5355,77.391
2026-07-26 01:00:00,27.7,95,0.0,7.8,Noida,28.5355,77.391
2026-07-26 02:00:00,27.4,95,0.0,8.5,Noida,28.5355,77.391
2026-07-26 03:00:00,27.4,95,0.0,6.2,Noida,28.5355,77.391
2026-07-26 04:00:00,27.3,95,0.0,4.9,Noida,28.5355,77.391
2026-07-26 05:00:00,28.0,95,0.1,2.7,Noida,28.5355,77.391
2026-07-26 06:00:00,27.5,96,0.1,1.9,Noida,28.5355,77.391
2026-07-26 07:00:00,27.9,94,0.8,3.3,Noida,28.5355,77.391
2026-07-26 08:00:00,29.4,87,0.0,1.9,Noida,28.5355,77.391
2026-07-26 09:00:00,30.9,78,0.0,3.2,Noida,28.5355,77.391
2026-07-26 10:00:00,31.7,73,0.4,4.2,Noida,28.5355,77.391
2026-07-26 11:00:00,32.7,69,0.1,3.9,Noida,28.5355,77.391
2026-07-26 12:00:00,32.9,69,0.1,4.7,Noida,28.5355,77.391
2026-07-26 13:00:00,33.8,64,0.1,4.9,Noida,28.5355,77.391
2026-07-26 14:00:00,33.8,61,0.1,4.4,Noida,28.5355,77.391
2026-07-26 15:00:00,34.0,59,0.0,2.7,Noida,28.5355,77.391
2026-07-26 16:00:00,33.8,60,0.0,0.9,Noida,28.5355,77.391
2026-07-26 17:00:00,33.8,64,0.0,4.6,Noida,28.5355,77.391
2026-07-26 18:00:00,32.8,72,0.0,3.7,Noida,28.5355,77.391
2026-07-26 19:00:00,31.5,78,0.0,4.1,Noida,28.5355,77.391
2026-07-26 20:00:00,30.9,81,0.0,3.7,Noida,28.5355,77.391
2026-07-26 21:00:00,30.5,83,0.0,3.5,Noida,28.5355,77.391
2026-07-26 22:00:00,30.0,85,0.0,3.8,Noida,28.5355,77.391
2026-07-26 23:00:00,30.2,85,0.0,1.5,Noida,28.5355,77.391
2026-07-27 00:00:00,29.8,86,0.0,0.8,Noida,28.5355,77.391
2026-07-27 01:00:00,29.5,87,0.0,0.4,Noida,28.5355,77.391
2026-07-27 02:00:00,29.1,88,0.0,2.0,Noida,28.5355,77.391
2026-07-27 03:00:00,28.7,89,0.0,3.2,Noida,28.5355,77.391
2026-07-27 04:00:00,28.7,90,0.0,1.3,Noida,28.5355,77.391
2026-07-27 05:00:00,29.2,90,0.0,0.4,Noida,28.5355,77.391
2026-07-27 06:00:00,29.5,88,0.0,2.4,Noida,28.5355,77.391
2026-07-27 07:00:00,30.7,82,0.0,0.5,Noida,28.5355,77.391
2026-07-27 08:00:00,31.8,74,0.1,0.9,Noida,28.5355,77.391
2026-07-27 09:00:00,32.5,71,0.2,2.8,Noida,28.5355,77.391
2026-07-27 10:00:00,33.2,65,0.3,3.6,Noida,28.5355,77.391
2026-07-27 11:00:00,34.5,55,0.1,3.0,Noida,28.5355,77.391
2026-07-27 12:00:00,35.1,55,0.0,6.0,Noida,28.5355,77.391
2026-07-27 13:00:00,35.2,55,0.0,4.2,Noida,28.5355,77.391
2026-07-27 14:00:00,35.2,54,0.0,6.6,Noida,28.5355,77.391
2026-07-27 15:00:00,34.9,55,0.0,6.3,Noida,28.5355,77.391
2026-07-27 16:00:00,33.7,61,0.3,6.8,Noida,28.5355,77.391
2026-07-27 17:00:00,33.4,65,0.1,3.2,Noida,28.5355,77.391
2026-07-27 18:00:00,31.9,75,0.0,3.6,Noida,28.5355,77.391
2026-07-27 19:00:00,30.9,80,0.0,8.3,Noida,28.5355,77.391
2026-07-27 20:00:00,29.9,84,0.0,11.6,Noida,28.5355,77.391
2026-07-27 21:00:00,29.3,86,0.1,10.4,Noida,28.5355,77.391
2026-07-27 22:00:00,28.3,89,0.2,14.9,Noida,28.5355,77.391
2026-07-27 23:00:00,28.9,88,1.2,18.7,Noida,28.5355,77.391
2026-07-28 00:00:00,27.4,93,0.4,11.1,Noida,28.5355,77.391
2026-07-28 01:00:00,26.7,94,3.3,4.3,Noida,28.5355,77.391
2026-07-28 02:00:00,25.4,99,6.2,7.7,Noida,28.5355,77.391
2026-07-28 03:00:00,25.9,97,0.9,8.8,Noida,28.5355,77.391
2026-07-28 04:00:00,26.2,97,0.7,9.2,Noida,28.5355,77.391
2026-07-28 05:00:00,28.5,94,0.4,6.4,Noida,28.5355,77.391
2026-07-28 06:00:00,27.8,93,0.1,10.5,Noida,28.5355,77.391
2026-07-28 07:00:00,28.0,92,0.4,8.5,Noida,28.5355,77.391
2026-07-28 08:00:00,26.8,97,6.6,11.1,Noida,28.5355,77.391
2026-07-28 09:00:00,27.0,93,2.1,12.4,Noida,28.5355,77.391
2026-07-28 10:00:00,27.8,90,2.0,6.5,Noida,28.5355,77.391
2026-07-28 11:00:00,26.7,92,1.3,9.9,Noida,28.5355,77.391
2026-07-28 12:00:00,26.4,95,1.6,5.6,Noida,28.5355,77.391
2026-07-28 13:00:00,26.9,90,2.9,4.6,Noida,28.5355,77.391
2026-07-28 14:00:00,26.9,92,2.0,3.8,Noida,28.5355,77.391
2026-07-28 15:00:00,26.8,95,0.8,6.0,Noida,28.5355,77.391
2026-07-28 16:00:00,27.2,92,0.3,4.4,Noida,28.5355,77.391
2026-07-28 17:00:00,30.6,75,0.0,6.7,Noida,28.5355,77.391
2026-07-28 18:00:00,29.9,78,0.0,6.7,Noida,28.5355,77.391
2026-07-28 19:00:00,29.1,82,0.0,4.7,Noida,28.5355,77.391
2026-07-28 20:00:00,28.5,84,0.0,4.9,Noida,28.5355,77.391
2026-07-28 21:00:00,28.2,86,0.0,3.6,Noida,28.5355,77.391
2026-07-28 22:00:00,28.0,89,0.5,3.5,Noida,28.5355,77.391
2026-07-28 23:00:00,27.6,90,0.0,0.6,Noida,28.5355,77.391
2026-07-29 00:00:00,27.3,92,0.3,2.7,Noida,28.5355,77.391
2026-07-29 01:00:00,27.0,94,0.0,5.6,Noida,28.5355,77.391
2026-07-29 02:00:00,26.9,93,0.0,2.9,Noida,28.5355,77.391
2026-07-29 03:00:00,26.7,94,0.0,2.0,Noida,28.5355,77.391
2026-07-29 04:00:00,26.9,93,0.0,0.4,Noida,28.5355,77.391
2026-07-29 05:00:00,26.8,98,0.0,1.7,Noida,28.5355,77.391
2026-07-29 06:00:00,26.0,99,2.6,1.1,Noida,28.5355,77.391
2026-07-29 07:00:00,26.4,96,2.8,0.5,Noida,28.5355,77.391
2026-07-29 08:00:00,27.2,90,0.6,0.8,Noida,28.5355,77.391
2026-07-29 09:00:00,28.5,84,0.8,3.7,Noida,28.5355,77.391
2026-07-29 10:00:00,29.2,81,0.2,3.1,Noida,28.5355,77.391
2026-07-29 11:00:00,31.6,72,0.1,3.1,Noida,28.5355,77.391
2026-07-29 12:00:00,32.4,69,0.4,1.4,Noida,28.5355,77.391
2026-07-29 13:00:00,32.7,69,0.1,2.2,Noida,28.5355,77.391
2026-07-29 14:00:00,32.7,67,0.1,3.6,Noida,28.5355,77.391
2026-07-29 15:00:00,32.0,70,0.1,7.8,Noida,28.5355,77.391
2026-07-29 16:00:00,30.5,81,0.1,6.2,Noida,28.5355,77.391
2026-07-29 17:00:00,32.9,62,0.3,4.3,Noida,28.5355,77.391
2026-07-29 18:00:00,31.7,73,0.0,4.1,Noida,28.5355,77.391
2026-07-29 19:00:00,30.3,81,0.0,4.1,Noida,28.5355,77.391
2026-07-29 20:00:00,29.7,87,0.0,3.6,Noida,28.5355,77.391
2026-07-29 21:00:00,29.3,90,0.0,3.6,Noida,28.5355,77.391
2026-07-29 22:00:00,28.9,93,0.0,3.4,Noida,28.5355,77.391
2026-07-29 23:00:00,29.2,92,0.0,6.0,Noida,28.5355,77.391
2026-07-30 00:00:00,28.9,94,0.0,7.0,Noida,28.5355,77.391
2026-07-30 01:00:00,28.8,93,0.0,7.1,Noida,28.5355,77.391
2026-07-30 02:00:00,28.3,93,0.3,1.9,Noida,28.5355,77.391
2026-07-30 03:00:00,27.3,97,0.5,3.3,Noida,28.5355,77.391
2026-07-30 04:00:00,27.3,99,0.2,1.2,Noida,28.5355,77.391
2026-07-30 05:00:00,28.6,95,0.0,3.6,Noida,28.5355,77.391
2026-07-30 06:00:00,28.6,91,0.1,7.5,Noida,28.5355,77.391
2026-07-30 07:00:00,28.2,91,0.3,10.4,Noida,28.5355,77.391
2026-07-30 08:00:00,29.7,82,0.0,6.2,Noida,28.5355,77.391
2026-07-30 09:00:00,31.3,73,0.0,9.0,Noida,28.5355,77.391
2026-07-30 10:00:00,31.7,71,0.0,7.4,Noida,28.5355,77.391
2026-07-30 11:00:00,32.7,66,0.0,7.1,Noida,28.5355,77.391
2026-07-30 12:00:00,32.5,70,0.4,10.2,Noida,28.5355,77.391
2026-07-30 13:00:00,33.1,68,0.0,7.9,Noida,28.5355,77.391
2026-07-30 14:00:00,33.8,59,0.0,7.0,Noida,28.5355,77.391
2026-07-30 15:00:00,34.0,57,0.0,7.7,Noida,28.5355,77.391
2026-07-30 16:00:00,33.8,57,0.1,8.8,Noida,28.5355,77.391
2026-07-30 17:00:00,29.8,84,0.3,17.5,Noida,28.5355,77.391
2026-07-30 18:00:00,28.7,88,0.1,11.1,Noida,28.5355,77.391
2026-07-30 19:00:00,28.8,89,0.0,10.3,Noida,28.5355,77.391
2026-07-30 20:00:00,28.7,89,0.0,9.5,Noida,28.5355,77.391
2026-07-30 21:00:00,28.5,91,0.0,8.4,Noida,28.5355,77.391
2026-07-30 22:00:00,28.5,91,0.0,8.9,Noida,28.5355,77.391
2026-07-30 23:00:00,29.0,88,0.0,11.5,Noida,28.5355,77.391
2026-07-31 00:00:00,28.8,89,0.0,12.1,Noida,28.5355,77.391
2026-07-31 01:00:00,28.7,87,0.0,11.8,Noida,28.5355,77.391
2026-07-31 02:00:00,28.5,86,0.0,12.0,Noida,28.5355,77.391
2026-07-31 03:00:00,28.4,85,0.0,12.2,Noida,28.5355,77.391
2026-07-31 04:00:00,28.2,84,0.0,12.8,Noida,28.5355,77.391
2026-07-31 05:00:00,28.6,80,0.0,12.7,Noida,28.5355,77.391
2026-07-31 06:00:00,28.4,82,0.0,11.9,Noida,28.5355,77.391
2026-07-31 07:00:00,28.9,80,0.1,12.3,Noida,28.5355,77.391
2026-07-31 08:00:00,29.3,78,0.2,16.5,Noida,28.5355,77.391
2026-07-31 09:00:00,30.1,74,0.2,17.3,Noida,28.5355,77.391
2026-07-31 10:00:00,30.5,75,0.3,16.1,Noida,28.5355,77.391
2026-07-31 11:00:00,31.3,68,0.0,16.5,Noida,28.5355,77.391
2026-07-31 12:00:00,31.8,69,0.3,16.3,Noida,28.5355,77.391
2026-07-31 13:00:00,32.2,69,0.1,15.0,Noida,28.5355,77.391
2026-07-31 14:00:00,32.7,67,0.0,13.4,Noida,28.5355,77.391
2026-07-31 15:00:00,32.0,73,0.4,14.2,Noida,28.5355,77.391
2026-07-31 16:00:00,32.0,69,0.2,13.8,Noida,28.5355,77.391
2026-07-31 17:00:00,31.8,72,0.1,8.0,Noida,28.5355,77.391
2026-07-31 18:00:00,31.1,76,0.0,8.8,Noida,28.5355,77.391
2026-07-31 19:00:00,30.1,82,0.0,7.0,Noida,28.5355,77.391
2026-07-31 20:00:00,29.7,85,0.0,8.3,Noida,28.5355,77.391
2026-07-31 21:00:00,29.3,84,0.1,10.9,Noida,28.5355,77.391
2026-07-31 22:00:00,28.9,84,0.0,10.6,Noida,28.5355,77.391
2026-07-31 23:00:00,28.3,90,0.0,8.6,Noida,28.5355,77.391
2026-08-01 00:00:00,27.8,90,0.6,11.9,Noida,28.5355,77.391
2026-08-01 01:00:00,27.4,92,0.3,11.4,Noida,28.5355,77.391
2026-08-01 02:00:00,27.1,92,0.0,10.3,Noida,28.5355,77.391
2026-08-01 03:00:00,27.3,92,0.0,10.1,Noida,28.5355,77.391
2026-08-01 04:00:00,27.3,91,0.0,10.6,Noida,28.5355,77.391
2026-08-01 05:00:00,27.0,94,0.0,9.5,Noida,28.5355,77.391
2026-08-01 06:00:00,27.0,93,0.0,11.1,Noida,28.5355,77.391
2026-08-01 07:00:00,27.2,90,0.2,14.6,Noida,28.5355,77.391
2026-08-01 08:00:00,28.4,82,0.0,14.4,Noida,28.5355,77.391
2026-08-01 09:00:00,29.9,76,0.2,16.2,Noida,28.5355,77.391
2026-08-01 10:00:00,31.0,73,0.2,14.7,Noida,28.5355,77.391
2026-08-01 11:00:00,31.9,70,0.0,12.6,Noida,28.5355,77.391
2026-08-01 12:00:00,32.4,68,0.2,13.2,Noida,28.5355,77.391
2026-08-01 13:00:00,32.0,71,0.2,12.6,Noida,28.5355,77.391
2026-08-01 14:00:00,32.2,73,0.1,10.4,Noida,28.5355,77.391
2026-08-01 15:00:00,31.9,74,0.1,8.7,Noida,28.5355,77.391
2026-08-01 16:00:00,29.0,86,1.5,10.4,Noida,28.5355,77.391
2026-08-01 17:00:00,30.5,78,1.7,6.5,Noida,28.5355,77.391
2026-08-01 18:00:00,30.1,83,0.1,5.6,Noida,28.5355,77.391
2026-08-01 19:00:00,29.6,87,0.0,7.6,Noida,28.5355,77.391
2026-08-01 20:00:00,29.3,89,0.0,5.8,Noida,28.5355,77.391
2026-08-01 21:00:00,29.2,89,0.0,8.5,Noida,28.5355,77.391
2026-08-01 22:00:00,28.9,90,0.2,7.3,Noida,28.5355,77.391
2026-08-01 23:00:00,26.5,94,0.2,11.4,Noida,28.5355,77.391
2026-08-02 00:00:00,26.6,94,1.3,9.4,Noida,28.5355,77.391
2026-08-02 01:00:00,26.9,95,0.5,8.3,Noida,28.5355,77.391
2026-08-02 02:00:00,27.0,96,0.4,6.3,Noida,28.5355,77.391
2026-08-02 03:00:00,26.9,97,0.1,5.7,Noida,28.5355,77.391
2026-08-02 04:00:00,27.0,96,0.0,5.8,Noida,28.5355,77.391
2026-08-02 05:00:00,26.3,97,0.0,9.9,Noida,28.5355,77.391
2026-08-02 06:00:00,26.3,97,1.2,9.2,Noida,28.5355,77.391
2026-08-02 07:00:00,27.2,95,0.2,6.8,Noida,28.5355,77.391
2026-08-02 08:00:00,28.9,88,0.0,9.9,Noida,28.5355,77.391
2026-08-02 09:00:00,30.6,78,0.0,9.8,Noida,28.5355,77.391
2026-08-02 10:00:00,31.8,71,0.1,9.2,Noida,28.5355,77.391
2026-08-02 11:00:00,33.3,63,0.1,7.3,Noida,28.5355,77.391
2026-08-02 12:00:00,32.9,64,0.7,9.4,Noida,28.5355,77.391
2026-08-02 13:00:00,30.1,82,1.7,12.8,Noida,28.5355,77.391
2026-08-02 14:00:00,31.6,74,0.6,6.3,Noida,28.5355,77.391
2026-08-02 15:00:00,32.5,68,0.2,8.6,Noida,28.5355,77.391
2026-08-02 16:00:00,32.0,72,0.1,7.9,Noida,28.5355,77.391
2026-08-02 17:00:00,28.3,93,0.0,3.6,Noida,28.5355,77.391
2026-08-02 18:00:00,26.8,98,2.0,10.9,Noida,28.5355,77.391
2026-08-02 19:00:00,26.8,99,1.2,5.2,Noida,28.5355,77.391
2026-08-02 20:00:00,27.2,97,0.5,8.2,Noida,28.5355,77.391
2026-08-02 21:00:00,27.6,98,0.1,6.9,Noida,28.5355,77.391
2026-08-02 22:00:00,27.9,97,0.0,5.6,Noida,28.5355,77.391
2026-08-02 23:00:00,28.8,93,0.0,4.0,Noida,28.5355,77.391
2026-08-03 00:00:00,28.4,94,0.0,9.1,Noida,28.5355,77.391
2026-08-03 01:00:00,27.4,95,0.0,7.2,Noida,28.5355,77.391
2026-08-03 02:00:00,27.2,95,0.0,8.7,Noida,28.5355,77.391
2026-08-03 03:00:00,27.2,96,0.0,8.3,Noida,28.5355,77.391
2026-08-03 04:00:00,27.1,97,0.0,8.1,Noida,28.5355,77.391
2026-08-03 05:00:00,26.9,98,0.0,8.0,Noida,28.5355,77.391
2026-08-03 06:00:00,27.5,97,0.2,8.5,Noida,28.5355,77.391
2026-08-03 07:00:00,27.3,93,0.0,7.0,Noida,28.5355,77.391
2026-08-03 08:00:00,28.5,86,0.0,3.1,Noida,28.5355,77.391
2026-08-03 09:00:00,29.9,81,0.0,3.1,Noida,28.5355,77.391
2026-08-03 10:00:00,30.8,79,0.0,5.6,Noida,28.5355,77.391
2026-08-03 11:00:00,31.3,78,0.1,3.3,Noida,28.5355,77.391
2026-08-03 12:00:00,32.8,72,0.2,7.4,Noida,28.5355,77.391
2026-08-03 13:00:00,29.9,82,2.0,11.3,Noida,28.5355,77.391
2026-08-03 14:00:00,29.9,84,1.4,6.9,Noida,28.5355,77.391
2026-08-03 15:00:00,30.5,80,0.2,6.7,Noida,28.5355,77.391
2026-08-03 16:00:00,30.8,78,0.1,7.9,Noida,28.5355,77.391
2026-08-03 17:00:00,32.2,76,0.1,8.0,Noida,28.5355,77.391
2026-08-03 18:00:00,29.2,87,1.9,10.5,Noida,28.5355,77.391
2026-08-03 19:00:00,27.1,97,4.9,2.1,Noida,28.5355,77.391
2026-08-03 20:00:00,26.9,96,2.7,5.0,Noida,28.5355,77.391
2026-08-03 21:00:00,27.0,97,0.6,2.4,Noida,28.5355,77.391
2026-08-03 22:00:00,26.9,96,1.4,2.8,Noida,28.5355,77.391
2026-08-03 23:00:00,27.6,94,0.6,4.6,Noida,28.5355,77.391
2026-08-04 00:00:00,26.9,96,1.0,6.3,Noida,28.5355,77.391
2026-08-04 01:00:00,26.8,97,0.4,6.0,Noida,28.5355,77.391
2026-08-04 02:00:00,26.7,97,0.1,6.2,Noida,28.5355,77.391
2026-08-04 03:00:00,26.7,97,0.0,6.4,Noida,28.5355,77.391
2026-08-04 04:00:00,26.7,96,0.0,4.5,Noida,28.5355,77.391
2026-08-04 05:00:00,26.7,97,0.0,11.2,Noida,28.5355,77.391
2026-08-04 06:00:00,26.7,97,1.4,5.7,Noida,28.5355,77.391
2026-08-04 07:00:00,27.2,96,2.4,1.8,Noida,28.5355,77.391
2026-08-04 08:00:00,27.9,93,0.3,4.1,Noida,28.5355,77.391
2026-08-04 09:00:00,28.9,85,0.1,4.8,Noida,28.5355,77.391
2026-08-04 10:00:00,29.5,84,0.1,5.8,Noida,28.5355,77.391
2026-08-04 11:00:00,30.5,82,1.7,5.0,Noida,28.5355,77.391
2026-08-04 12:00:00,29.2,89,1.1,3.5,Noida,28.5355,77.391
2026-08-04 13:00:00,28.8,87,4.3,6.4,Noida,28.5355,77.391
2026-08-04 14:00:00,29.3,84,0.6,7.1,Noida,28.5355,77.391
2026-08-04 15:00:00,29.6,84,0.3,7.7,Noida,28.5355,77.391
2026-08-04 16:00:00,29.1,87,0.1,5.6,Noida,28.5355,77.391
2026-08-04 17:00:00,27.7,92,0.0,2.0,Noida,28.5355,77.391
2026-08-04 18:00:00,27.6,93,1.2,3.3,Noida,28.5355,77.391
2026-08-04 19:00:00,27.3,96,0.7,5.0,Noida,28.5355,77.391
2026-08-04 20:00:00,27.2,97,0.4,4.0,Noida,28.5355,77.391
2026-08-04 21:00:00,27.2,97,0.3,2.4,Noida,28.5355,77.391
2026-08-04 22:00:00,27.3,97,0.3,1.0,Noida,28.5355,77.391
2026-08-04 23:00:00,27.7,97,0.2,0.4,Noida,28.5355,77.391
2026-08-05 00:00:00,27.4,98,0.0,0.9,Noida,28.5355,77.391
2026-08-05 01:00:00,27.2,97,0.0,1.9,Noida,28.5355,77.391
2026-08-05 02:00:00,27.1,97,0.2,1.3,Noida,28.5355,77.391
2026-08-05 03:00:00,27.1,92,0.0,0.4,Noida,28.5355,77.391
2026-08-05 04:00:00,26.7,95,0.2,3.2,Noida,28.5355,77.391
2026-08-05 05:00:00,26.4,97,0.0,4.7,Noida,28.5355,77.391
2026-08-05 06:00:00,26.2,95,0.3,8.9,Noida,28.5355,77.391
2026-08-05 07:00:00,26.9,93,0.1,4.0,Noida,28.5355,77.391
2026-08-05 08:00:00,28.6,85,0.0,3.6,Noida,28.5355,77.391
2026-08-05 09:00:00,30.0,78,0.0,3.7,Noida,28.5355,77.391
2026-08-05 10:00:00,31.4,70,0.1,5.3,Noida,28.5355,77.391
2026-08-05 11:00:00,31.0,73,0.1,4.9,Noida,28.5355,77.391
2026-08-05 12:00:00,29.6,82,0.9,5.8,Noida,28.5355,77.391
2026-08-05 13:00:00,30.3,80,0.9,6.8,Noida,28.5355,77.391
2026-08-05 14:00:00,31.0,75,0.0,7.6,Noida,28.5355,77.391
2026-08-05 15:00:00,31.6,69,0.0,6.0,Noida,28.5355,77.391
2026-08-05 16:00:00,31.9,67,0.0,6.7,Noida,28.5355,77.391
2026-08-05 17:00:00,27.7,94,0.0,5.5,Noida,28.5355,77.391
2026-08-05 18:00:00,27.8,93,2.0,2.4,Noida,28.5355,77.391
2026-08-05 19:00:00,27.2,97,2.7,8.6,Noida,28.5355,77.391
2026-08-05 20:00:00,27.2,97,0.6,3.4,Noida,28.5355,77.391
2026-08-05 21:00:00,27.2,97,0.8,3.7,Noida,28.5355,77.391
2026-08-05 22:00:00,27.2,98,0.5,2.9,Noida,28.5355,77.391
2026-08-05 23:00:00,26.6,97,0.3,1.2,Noida,28.5355,77.391
2026-08-06 00:00:00,26.3,94,2.6,1.5,Noida,28.5355,77.391
2026-08-06 01:00:00,26.1,96,3.2,2.7,Noida,28.5355,77.391
2026-08-06 02:00:00,26.6,94,0.4,1.5,Noida,28.5355,77.391
2026-08-06 03:00:00,26.6,95,0.0,2.0,Noida,28.5355,77.391
2026-08-06 04:00:00,26.6,97,0.0,3.1,Noida,28.5355,77.391
2026-08-06 05:00:00,27.9,93,0.0,1.3,Noida,28.5355,77.391
2026-08-06 06:00:00,27.7,95,1.3,4.4,Noida,28.5355,77.391
2026-08-06 07:00:00,27.7,91,0.7,4.7,Noida,28.5355,77.391
2026-08-06 08:00:00,26.9,91,1.7,6.6,Noida,28.5355,77.391
2026-08-06 09:00:00,27.0,86,2.0,1.6,Noida,28.5355,77.391
2026-08-06 10:00:00,26.7,86,0.8,3.8,Noida,28.5355,77.391
2026-08-06 11:00:00,27.3,85,0.5,6.5,Noida,28.5355,77.391
2026-08-06 12:00:00,28.2,82,0.8,6.2,Noida,28.5355,77.391
2026-08-06 13:00:00,28.1,85,0.5,6.8,Noida,28.5355,77.391
2026-08-06 14:00:00,27.9,86,0.3,6.9,Noida,28.5355,77.391
2026-08-06 15:00:00,27.8,87,0.2,7.5,Noida,28.5355,77.391
2026-08-06 16:00:00,28.1,85,0.0,8.6,Noida,28.5355,77.391
2026-08-06 17:00:00,27.7,92,0.0,9.6,Noida,28.5355,77.391
2026-08-06 18:00:00,27.2,91,0.2,9.0,Noida,28.5355,77.391
2026-08-06 19:00:00,26.9,93,0.1,6.4,Noida,28.5355,77.391
2026-08-06 20:00:00,27.0,93,0.0,5.6,Noida,28.5355,77.391
2026-08-06 21:00:00,26.9,94,0.0,7.1,Noida,28.5355,77.391
2026-08-06 22:00:00,26.7,94,0.0,6.6,Noida,28.5355,77.391
2026-08-06 23:00:00,26.5,95,0.0,7.1,Noida,28.5355,77.391
2026-08-07 00:00:00,26.0,96,2.8,6.2,Noida,28.5355,77.391
2026-08-07 01:00:00,26.1,96,1.2,4.5,Noida,28.5355,77.391
2026-08-07 02:00:00,26.2,96,0.1,6.0,Noida,28.5355,77.391
2026-08-07 03:00:00,25.9,97,0.0,8.2,Noida,28.5355,77.391
2026-08-07 04:00:00,25.6,95,3.0,8.3,Noida,28.5355,77.391
2026-08-07 05:00:00,26.0,98,4.8,5.5,Noida,28.5355,77.391
2026-08-07 06:00:00,26.3,96,0.9,5.7,Noida,28.5355,77.391
2026-08-07 07:00:00,26.0,95,3.2,11.4,Noida,28.5355,77.391
2026-08-07 08:00:00,26.6,93,1.3,9.7,Noida,28.5355,77.391
2026-08-07 09:00:00,26.5,93,4.5,15.3,Noida,28.5355,77.391
2026-08-07 10:00:00,27.2,93,1.5,13.6,Noida,28.5355,77.391
2026-08-07 11:00:00,27.1,91,0.9,15.4,Noida,28.5355,77.391
2026-08-07 12:00:00,27.2,94,2.2,13.4,Noida,28.5355,77.391
2026-08-07 13:00:00,27.8,93,2.4,12.9,Noida,28.5355,77.391
2026-08-07 14:00:00,29.7,84,0.4,12.4,Noida,28.5355,77.391
2026-08-07 15:00:00,29.8,81,0.2,14.3,Noida,28.5355,77.391
2026-08-07 16:00:00,26.8,93,9.2,13.3,Noida,28.5355,77.391
2026-08-07 17:00:00,27.0,92,2.7,12.2,Noida,28.5355,77.391
2026-08-07 18:00:00,26.6,95,3.3,7.5,Noida,28.5355,77.391
2026-08-07 19:00:00,26.5,95,0.6,7.9,Noida,28.5355,77.391
2026-08-07 20:00:00,26.5,96,1.1,13.3,Noida,28.5355,77.391
2026-08-07 21:00:00,25.7,96,1.1,14.4,Noida,28.5355,77.391
2026-08-07 22:00:00,25.6,95,0.7,11.3,Noida,28.5355,77.391
2026-08-07 23:00:00,25.3,96,6.2,10.3,Noida,28.5355,77.391
2026-08-08 00:00:00,25.6,97,0.7,8.9,Noida,28.5355,77.391
2026-08-08 01:00:00,25.8,95,0.3,8.7,Noida,28.5355,77.391
2026-08-08 02:00:00,25.6,96,1.7,6.5,Noida,28.5355,77.391
2026-08-08 03:00:00,25.3,96,2.0,5.8,Noida,28.5355,77.391
2026-08-08 04:00:00,25.4,96,0.7,8.0,Noida,28.5355,77.391
2026-08-08 05:00:00,25.7,96,0.2,5.2,Noida,28.5355,77.391
2026-08-08 06:00:00,25.3,97,7.0,4.7,Noida,28.5355,77.391
2026-08-08 07:00:00,26.2,96,0.9,6.4,Noida,28.5355,77.391
2026-08-08 08:00:00,28.6,90,0.1,7.3,Noida,28.5355,77.391
2026-08-08 09:00:00,30.2,83,0.2,10.5,Noida,28.5355,77.391
2026-08-08 10:00:00,31.4,76,0.1,14.5,Noida,28.5355,77.391
2026-08-08 11:00:00,30.7,78,1.6,9.1,Noida,28.5355,77.391
2026-08-08 12:00:00,32.6,68,0.2,15.7,Noida,28.5355,77.391
2026-08-08 13:00:00,30.2,79,1.1,13.4,Noida,28.5355,77.391
2026-08-08 14:00:00,32.1,70,0.1,9.4,Noida,28.5355,77.391
2026-08-08 15:00:00,32.7,68,0.1,8.3,Noida,28.5355,77.391
2026-08-08 16:00:00,30.1,80,1.2,12.9,Noida,28.5355,77.391
2026-08-08 17:00:00,31.2,74,1.7,8.2,Noida,28.5355,77.391
2026-08-08 18:00:00,30.4,80,0.1,5.9,Noida,28.5355,77.391
2026-08-08 19:00:00,29.1,87,0.1,4.9,Noida,28.5355,77.391
2026-08-08 20:00:00,28.9,90,0.0,1.9,Noida,28.5355,77.391
2026-08-08 21:00:00,28.6,90,0.0,4.5,Noida,28.5355,77.391
2026-08-08 22:00:00,28.3,90,0.0,6.6,Noida,28.5355,77.391
2026-08-08 23:00:00,28.6,90,0.0,3.9,Noida,28.5355,77.391
2026-08-09 00:00:00,28.1,91,0.3,4.7,Noida,28.5355,77.391
2026-08-09 01:00:00,27.9,92,0.1,4.2,Noida,28.5355,77.391
2026-08-09 02:00:00,27.3,94,0.1,5.2,Noida,28.5355,77.391
2026-08-09 03:00:00,26.6,91,0.7,3.8,Noida,28.5355,77.391
2026-08-09 04:00:00,26.3,94,1.5,1.7,Noida,28.5355,77.391
2026-08-09 05:00:00,26.5,96,0.0,1.4,Noida,28.5355,77.391
2026-08-09 06:00:00,26.7,97,0.0,3.3,Noida,28.5355,77.391
2026-08-09 07:00:00,28.0,91,0.0,2.9,Noida,28.5355,77.391
2026-08-09 08:00:00,29.5,85,0.0,4.2,Noida,28.5355,77.391
2026-08-09 09:00:00,31.1,77,0.2,9.2,Noida,28.5355,77.391
2026-08-09 10:00:00,32.0,74,0.1,8.9,Noida,28.5355,77.391
2026-08-09 11:00:00,33.0,64,0.1,11.1,Noida,28.5355,77.391
2026-08-09 12:00:00,33.6,62,0.1,10.6,Noida,28.5355,77.391
2026-08-09 13:00:00,34.0,60,0.1,8.0,Noida,28.5355,77.391
2026-08-09 14:00:00,34.2,59,0.0,6.4,Noida,28.5355,77.391
2026-08-09 15:00:00,34.2,60,0.0,3.5,Noida,28.5355,77.391
2026-08-09 16:00:00,34.0,61,0.0,5.0,Noida,28.5355,77.391
2026-08-09 17:00:00,34.3,59,0.1,1.5,Noida,28.5355,77.391
2026-08-09 18:00:00,31.2,78,0.4,8.6,Noida,28.5355,77.391
2026-08-09 19:00:00,30.0,84,0.2,4.0,Noida,28.5355,77.391
2026-08-09 20:00:00,29.5,86,0.0,3.2,Noida,28.5355,77.391
2026-08-09 21:00:00,29.0,88,0.0,3.7,Noida,28.5355,77.391
2026-08-09 22:00:00,28.8,89,0.0,3.7,Noida,28.5355,77.391
2026-08-09 23:00:00,29.5,85,0.0,5.8,Noida,28.5355,77.391
2026-08-10 00:00:00,28.8,87,0.1,8.9,Noida,28.5355,77.391
2026-08-10 01:00:00,28.6,88,0.1,5.8,Noida,28.5355,77.391
2026-08-10 02:00:00,28.1,91,0.0,2.7,Noida,28.5355,77.391
2026-08-10 03:00:00,27.8,94,0.0,2.9,Noida,28.5355,77.391
2026-08-10 04:00:00,27.7,94,0.0,4.2,Noida,28.5355,77.391
2026-08-10 05:00:00,27.2,93,0.0,8.4,Noida,28.5355,77.391
2026-08-10 06:00:00,26.7,95,1.2,6.8,Noida,28.5355,77.391
2026-08-10 07:00:00,27.4,93,0.1,5.6,Noida,28.5355,77.391
2026-08-10 08:00:00,28.5,87,0.0,7.0,Noida,28.5355,77.391
2026-08-10 09:00:00,30.1,79,0.0,8.5,Noida,28.5355,77.391
2026-08-10 10:00:00,31.5,72,0.0,5.7,Noida,28.5355,77.391
2026-08-10 11:00:00,33.0,65,0.0,8.7,Noida,28.5355,77.391
2026-08-10 12:00:00,33.2,66,0.2,8.4,Noida,28.5355,77.391
2026-08-10 13:00:00,29.7,85,3.0,12.1,Noida,28.5355,77.391
2026-08-10 14:00:00,29.5,86,1.2,7.9,Noida,28.5355,77.391
2026-08-10 15:00:00,30.0,83,0.6,3.7,Noida,28.5355,77.391
2026-08-10 16:00:00,30.0,82,0.3,3.8,Noida,28.5355,77.391
2026-08-10 17:00:00,29.8,89,0.0,7.2,Noida,28.5355,77.391
2026-08-10 18:00:00,29.1,92,0.4,6.0,Noida,28.5355,77.391
2026-08-10 19:00:00,28.7,93,0.1,8.4,Noida,28.5355,77.391
2026-08-10 20:00:00,28.5,94,0.0,6.1,Noida,28.5355,77.391
2026-08-10 21:00:00,28.3,94,0.0,4.5,Noida,28.5355,77.391
2026-08-10 22:00:00,28.2,93,0.0,5.7,Noida,28.5355,77.391
2026-08-10 23:00:00,28.3,91,0.5,7.6,Noida,28.5355,77.391
2026-08-11 00:00:00,27.5,94,0.8,8.1,Noida,28.5355,77.391
2026-08-11 01:00:00,27.5,95,0.0,8.7,Noida,28.5355,77.391
2026-08-11 02:00:00,27.4,96,0.0,8.2,Noida,28.5355,77.391
2026-08-11 03:00:00,27.3,94,0.4,8.5,Noida,28.5355,77.391
2026-08-11 04:00:00,27.0,95,0.6,10.3,Noida,28.5355,77.391
2026-08-11 05:00:00,26.8,95,4.1,8.6,Noida,28.5355,77.391
2026-08-11 06:00:00,27.0,95,0.0,6.5,Noida,28.5355,77.391
2026-08-11 07:00:00,27.6,92,0.0,6.2,Noida,28.5355,77.391
2026-08-11 08:00:00,28.3,89,0.0,5.2,Noida,28.5355,77.391
2026-08-11 09:00:00,29.0,85,0.0,5.3,Noida,28.5355,77.391
2026-08-11 10:00:00,30.0,83,0.2,4.4,Noida,28.5355,77.391
2026-08-11 11:00:00,29.1,86,0.4,6.5,Noida,28.5355,77.391
2026-08-11 12:00:00,28.5,91,1.6,6.1,Noida,28.5355,77.391
2026-08-11 13:00:00,28.7,92,1.2,6.2,Noida,28.5355,77.391
2026-08-11 14:00:00,30.0,87,0.5,6.5,Noida,28.5355,77.391
2026-08-11 15:00:00,31.2,76,0.2,7.6,Noida,28.5355,77.391
2026-08-11 16:00:00,30.9,76,0.1,7.7,Noida,28.5355,77.391
2026-08-11 17:00:00,30.6,79,0.1,4.4,Noida,28.5355,77.391
2026-08-11 18:00:00,30.2,81,0.1,3.1,Noida,28.5355,77.391
2026-08-11 19:00:00,29.5,87,0.3,2.7,Noida,28.5355,77.391
2026-08-11 20:00:00,28.8,91,0.0,4.0,Noida,28.5355,77.391
2026-08-11 21:00:00,28.4,93,0.0,3.1,Noida,28.5355,77.391
2026-08-11 22:00:00,28.1,94,0.0,3.1,Noida,28.5355,77.391
2026-08-11 23:00:00,28.4,92,0.0,3.4,Noida,28.5355,77.391
2026-08-12 00:00:00,28.1,94,0.0,3.1,Noida,28.5355,77.391
2026-08-12 01:00:00,27.7,95,0.0,2.2,Noida,28.5355,77.391
2026-08-12 02:00:00,27.3,97,0.0,4.1,Noida,28.5355,77.391
2026-08-12 03:00:00,27.1,98,0.0,4.2,Noida,28.5355,77.391
2026-08-12 04:00:00,27.0,98,0.0,3.4,Noida,28.5355,77.391
2026-08-12 05:00:00,27.1,98,0.0,3.0,Noida,28.5355,77.391
2026-08-12 06:00:00,27.3,97,0.0,4.9,Noida,28.5355,77.391
2026-08-12 07:00:00,28.7,91,0.0,4.8,Noida,28.5355,77.391
2026-08-12 08:00:00,30.1,82,0.0,3.4,Noida,28.5355,77.391
2026-08-12 09:00:00,31.4,72,0.1,4.5,Noida,28.5355,77.391
2026-08-12 10:00:00,32.4,67,0.1,3.6,Noida,28.5355,77.391
2026-08-12 11:00:00,33.2,63,0.1,4.7,Noida,28.5355,77.391
2026-08-12 12:00:00,33.6,63,0.2,3.9,Noida,28.5355,77.391
2026-08-12 13:00:00,34.1,60,0.2,2.3,Noida,28.5355,77.391
2026-08-12 14:00:00,34.5,59,0.1,0.4,Noida,28.5355,77.391
2026-08-12 15:00:00,34.4,60,0.0,2.2,Noida,28.5355,77.391
2026-08-12 16:00:00,34.5,58,0.0,2.0,Noida,28.5355,77.391
2026-08-12 17:00:00,34.3,63,0.3,7.2,Noida,28.5355,77.391
2026-08-12 18:00:00,31.8,80,0.1,7.4,Noida,28.5355,77.391
2026-08-12 19:00:00,29.7,84,0.0,13.5,Noida,28.5355,77.391
2026-08-12 20:00:00,28.6,87,0.0,4.9,Noida,28.5355,77.391
2026-08-12 21:00:00,28.6,88,0.0,4.8,Noida,28.5355,77.391
2026-08-12 22:00:00,28.3,89,0.0,5.2,Noida,28.5355,77.391
2026-08-12 23:00:00,29.5,88,0.0,3.6,Noida,28.5355,77.391
2026-08-13 00:00:00,29.0,91,0.0,3.1,Noida,28.5355,77.391
2026-08-13 01:00:00,28.7,91,0.0,3.4,Noida,28.5355,77.391
2026-08-13 02:00:00,28.4,91,0.0,3.9,Noida,28.5355,77.391
2026-08-13 03:00:00,28.3,91,0.0,4.2,Noida,28.5355,77.391
2026-08-13 04:00:00,28.1,91,0.0,1.9,Noida,28.5355,77.391
2026-08-13 05:00:00,27.1,97,0.0,5.2,Noida,28.5355,77.391
2026-08-13 06:00:00,27.0,94,0.1,10.9,Noida,28.5355,77.391
2026-08-13 07:00:00,28.1,90,0.0,6.5,Noida,28.5355,77.391
2026-08-13 08:00:00,30.1,81,0.0,4.4,Noida,28.5355,77.391
2026-08-13 09:00:00,31.8,75,0.0,3.3,Noida,28.5355,77.391
2026-08-13 10:00:00,33.2,68,0.0,1.9,Noida,28.5355,77.391
2026-08-13 11:00:00,34.0,63,0.1,3.2,Noida,28.5355,77.391
2026-08-13 12:00:00,33.6,63,0.8,3.4,Noida,28.5355,77.391
2026-08-13 13:00:00,34.2,62,0.0,5.6,Noida,28.5355,77.391
2026-08-13 14:00:00,33.3,70,0.1,10.5,Noida,28.5355,77.391
2026-08-13 15:00:00,33.3,68,0.2,7.2,Noida,28.5355,77.391
2026-08-13 16:00:00,33.6,66,0.0,5.9,Noida,28.5355,77.391
2026-08-13 17:00:00,30.3,85,0.6,7.2,Noida,28.5355,77.391
2026-08-13 18:00:00,29.4,83,0.2,8.0,Noida,28.5355,77.391
2026-08-13 19:00:00,29.3,87,0.1,4.2,Noida,28.5355,77.391
2026-08-13 20:00:00,29.3,88,0.0,2.6,Noida,28.5355,77.391
2026-08-13 21:00:00,29.4,89,0.0,1.7,Noida,28.5355,77.391
2026-08-13 22:00:00,29.4,89,0.0,1.5,Noida,28.5355,77.391
2026-08-13 23:00:00,30.2,89,0.0,1.5,Noida,28.5355,77.391
2026-08-14 00:00:00,29.8,90,0.0,1.8,Noida,28.5355,77.391
2026-08-14 01:00:00,29.4,92,0.0,3.0,Noida,28.5355,77.391
2026-08-14 02:00:00,29.1,92,0.0,3.7,Noida,28.5355,77.391
2026-08-14 03:00:00,28.8,92,0.0,3.9,Noida,28.5355,77.391
2026-08-14 04:00:00,28.6,92,0.0,3.8,Noida,28.5355,77.391
2026-08-14 05:00:00,27.0,97,0.0,1.7,Noida,28.5355,77.391
2026-08-14 06:00:00,26.6,97,2.1,4.6,Noida,28.5355,77.391
2026-08-14 07:00:00,27.2,94,0.9,1.3,Noida,28.5355,77.391
2026-08-14 08:00:00,27.5,92,2.2,1.3,Noida,28.5355,77.391
2026-08-14 09:00:00,28.4,90,0.3,2.9,Noida,28.5355,77.391
2026-08-14 10:00:00,29.5,82,0.1,0.9,Noida,28.5355,77.391
2026-08-14 11:00:00,29.8,83,0.1,1.9,Noida,28.5355,77.391
2026-08-14 12:00:00,30.9,79,0.6,1.5,Noida,28.5355,77.391
2026-08-14 13:00:00,30.3,81,0.2,6.3,Noida,28.5355,77.391
2026-08-14 14:00:00,29.7,80,0.7,8.7,Noida,28.5355,77.391
2026-08-14 15:00:00,29.4,83,0.4,2.3,Noida,28.5355,77.391
2026-08-14 16:00:00,30.1,79,0.0,2.7,Noida,28.5355,77.391
2026-08-14 17:00:00,29.6,82,0.0,5.6,Noida,28.5355,77.391
2026-08-14 18:00:00,29.1,84,0.0,5.0,Noida,28.5355,77.391
2026-08-14 19:00:00,28.5,88,0.0,3.1,Noida,28.5355,77.391
2026-08-14 20:00:00,28.4,88,0.0,2.7,Noida,28.5355,77.391
2026-08-14 21:00:00,28.3,90,0.0,0.3,Noida,28.5355,77.391
2026-08-14 22:00:00,28.2,91,0.0,1.8,Noida,28.5355,77.391
2026-08-14 23:00:00,28.1,91,0.0,1.7,Noida,28.5355,77.391
2026-08-15 00:00:00,28.0,91,0.0,2.4,Noida,28.5355,77.391
2026-08-15 01:00:00,27.7,92,0.0,2.1,Noida,28.5355,77.391
2026-08-15 02:00:00,27.6,92,0.0,2.4,Noida,28.5355,77.391
2026-08-15 03:00:00,27.6,93,0.0,2.2,Noida,28.5355,77.391
2026-08-15 04:00:00,27.6,93,0.0,0.8,Noida,28.5355,77.391
2026-08-15 05:00:00,26.9,96,0.0,7.5,Noida,28.5355,77.391
2026-08-15 06:00:00,27.1,96,0.3,3.4,Noida,28.5355,77.391
2026-08-15 07:00:00,27.6,94,0.2,3.5,Noida,28.5355,77.391
2026-08-15 08:00:00,28.4,90,0.1,3.9,Noida,28.5355,77.391
2026-08-15 09:00:00,29.6,84,0.0,3.1,Noida,28.5355,77.391
2026-08-15 10:00:00,30.9,77,0.0,3.7,Noida,28.5355,77.391
2026-08-15 11:00:00,32.7,66,0.0,9.5,Noida,28.5355,77.391
2026-08-15 12:00:00,33.0,67,0.2,7.3,Noida,28.5355,77.391
2026-08-15 13:00:00,31.3,73,1.4,11.5,Noida,28.5355,77.391
2026-08-15 14:00:00,31.8,73,1.0,6.8,Noida,28.5355,77.391
2026-08-15 15:00:00,32.7,66,0.1,7.4,Noida,28.5355,77.391
2026-08-15 16:00:00,32.7,65,0.1,7.4,Noida,28.5355,77.391
2026-08-15 17:00:00,32.6,69,0.0,9.8,Noida,28.5355,77.391
2026-08-15 18:00:00,30.9,79,0.1,7.4,Noida,28.5355,77.391
2026-08-15 19:00:00,30.1,85,0.0,5.0,Noida,28.5355,77.391
2026-08-15 20:00:00,29.6,88,0.0,5.1,Noida,28.5355,77.391
2026-08-15 21:00:00,29.2,90,0.0,4.6,Noida,28.5355,77.391
2026-08-15 22:00:00,28.8,92,0.0,3.8,Noida,28.5355,77.391
2026-08-15 23:00:00,28.9,90,0.0,7.7,Noida,28.5355,77.391
2026-08-16 00:00:00,28.8,91,0.0,7.9,Noida,28.5355,77.391
2026-08-16 01:00:00,28.6,90,0.0,7.1,Noida,28.5355,77.391
2026-08-16 02:00:00,28.5,89,0.0,4.9,Noida,28.5355,77.391
2026-08-16 03:00:00,27.9,90,0.3,12.6,Noida,28.5355,77.391
2026-08-16 04:00:00,27.1,92,0.4,8.0,Noida,28.5355,77.391
2026-08-16 05:00:00,27.6,89,0.0,9.8,Noida,28.5355,77.391
2026-08-16 06:00:00,27.9,88,0.1,11.7,Noida,28.5355,77.391
2026-08-16 07:00:00,28.8,82,0.0,12.1,Noida,28.5355,77.391
2026-08-16 08:00:00,29.9,77,0.0,9.8,Noida,28.5355,77.391
2026-08-16 09:00:00,30.8,73,0.0,7.6,Noida,28.5355,77.391
2026-08-16 10:00:00,31.8,70,0.0,5.2,Noida,28.5355,77.391
2026-08-16 11:00:00,32.4,69,0.0,5.3,Noida,28.5355,77.391
2026-08-16 12:00:00,33.1,67,0.1,6.4,Noida,28.5355,77.391
2026-08-16 13:00:00,33.2,66,0.1,4.9,Noida,28.5355,77.391
2026-08-16 14:00:00,33.4,64,0.0,7.1,Noida,28.5355,77.391
2026-08-16 15:00:00,33.4,64,0.0,10.3,Noida,28.5355,77.391
2026-08-16 16:00:00,32.5,70,1.0,7.1,Noida,28.5355,77.391
2026-08-16 17:00:00,32.3,74,0.3,5.3,Noida,28.5355,77.391
2026-08-16 18:00:00,30.7,82,0.1,7.3,Noida,28.5355,77.391
2026-08-16 19:00:00,29.5,84,0.0,8.0,Noida,28.5355,77.391
2026-08-16 20:00:00,29.0,85,0.0,6.8,Noida,28.5355,77.391
2026-08-16 21:00:00,28.9,86,0.0,4.7,Noida,28.5355,77.391
2026-08-16 22:00:00,28.6,88,0.0,4.0,Noida,28.5355,77.391
2026-08-16 23:00:00,29.3,86,0.1,4.8,Noida,28.5355,77.391
2026-07-18 00:00:00,31.5,64,0.0,5.7,Delhi Airport,28.5562,77.1
2026-07-18 01:00:00,31.1,66,0.0,3.2,Delhi Airport,28.5562,77.1
2026-07-18 02:00:00,31.2,65,0.0,2.2,Delhi Airport,28.5562,77.1
2026-07-18 03:00:00,31.1,63,0.0,4.7,Delhi Airport,28.5562,77.1
2026-07-18 04:00:00,30.7,62,0.0,6.4,Delhi Airport,28.5562,77.1
2026-07-18 05:00:00,30.6,66,0.0,10.1,Delhi Airport,28.5562,77.1
2026-07-18 06:00:00,30.7,61,0.0,11.6,Delhi Airport,28.5562,77.1
2026-07-18 07:00:00,31.5,59,0.0,10.8,Delhi Airport,28.5562,77.1
2026-07-18 08:00:00,32.0,60,0.0,10.3,Delhi Airport,28.5562,77.1
2026-07-18 09:00:00,32.9,58,0.0,11.5,Delhi Airport,28.5562,77.1
2026-07-18 10:00:00,34.2,54,0.0,13.2,Delhi Airport,28.5562,77.1
2026-07-18 11:00:00,35.1,51,0.0,15.0,Delhi Airport,28.5562,77.1
2026-07-18 12:00:00,35.4,50,0.0,14.0,Delhi Airport,28.5562,77.1
2026-07-18 13:00:00,35.6,49,0.0,12.2,Delhi Airport,28.5562,77.1
2026-07-18 14:00:00,35.6,48,0.0,10.1,Delhi Airport,28.5562,77.1
2026-07-18 15:00:00,36.1,46,0.0,9.7,Delhi Airport,28.5562,77.1
2026-07-18 16:00:00,35.4,49,0.0,7.7,Delhi Airport,28.5562,77.1
2026-07-18 17:00:00,35.8,46,0.0,6.0,Delhi Airport,28.5562,77.1
2026-07-18 18:00:00,35.5,48,0.0,4.2,Delhi Airport,28.5562,77.1
2026-07-18 19:00:00,34.7,53,0.0,0.5,Delhi Airport,28.5562,77.1
2026-07-18 20:00:00,34.0,57,0.0,0.7,Delhi Airport,28.5562,77.1
2026-07-18 21:00:00,33.2,57,0.0,3.9,Delhi Airport,28.5562,77.1
2026-07-18 22:00:00,32.7,58,0.0,6.0,Delhi Airport,28.5562,77.1
2026-07-18 23:00:00,32.7,60,0.0,7.5,Delhi Airport,28.5562,77.1
2026-07-19 00:00:00,31.5,68,0.0,5.2,Delhi Airport,28.5562,77.1
2026-07-19 01:00:00,31.1,71,0.0,4.2,Delhi Airport,28.5562,77.1
2026-07-19 02:00:00,30.6,71,0.0,5.3,Delhi Airport,28.5562,77.1
2026-07-19 03:00:00,30.4,69,0.0,7.0,Delhi Airport,28.5562,77.1
2026-07-19 04:00:00,30.0,69,0.0,6.5,Delhi Airport,28.5562,77.1
2026-07-19 05:00:00,29.7,84,0.0,2.9,Delhi Airport,28.5562,77.1
2026-07-19 06:00:00,30.3,81,0.0,5.0,Delhi Airport,28.5562,77.1
2026-07-19 07:00:00,31.3,70,0.0,7.4,Delhi Airport,28.5562,77.1
2026-07-19 08:00:00,32.1,64,0.0,7.2,Delhi Airport,28.5562,77.1
2026-07-19 09:00:00,32.8,60,0.0,6.7,Delhi Airport,28.5562,77.1
2026-07-19 10:00:00,33.9,55,0.0,8.2,Delhi Airport,28.5562,77.1
2026-07-19 11:00:00,35.2,49,0.0,11.4,Delhi Airport,28.5562,77.1
2026-07-19 12:00:00,35.6,48,0.0,11.3,Delhi Airport,28.5562,77.1
2026-07-19 13:00:00,35.2,51,0.0,6.3,Delhi Airport,28.5562,77.1
2026-07-19 14:00:00,35.2,51,0.0,3.8,Delhi Airport,28.5562,77.1
2026-07-19 15:00:00,35.0,53,0.0,4.1,Delhi Airport,28.5562,77.1
2026-07-19 16:00:00,34.3,56,0.4,5.8,Delhi Airport,28.5562,77.1
2026-07-19 17:00:00,36.2,45,0.0,1.6,Delhi Airport,28.5562,77.1
2026-07-19 18:00:00,35.2,54,0.0,3.6,Delhi Airport,28.5562,77.1
2026-07-19 19:00:00,32.7,68,0.0,11.8,Delhi Airport,28.5562,77.1
2026-07-19 20:00:00,31.2,80,0.0,11.4,Delhi Airport,28.5562,77.1
2026-07-19 21:00:00,31.1,80,0.1,7.2,Delhi Airport,28.5562,77.1
2026-07-19 22:00:00,30.9,80,0.0,7.7,Delhi Airport,28.5562,77.1
2026-07-19 23:00:00,31.4,76,0.0,9.3,Delhi Airport,28.5562,77.1
2026-07-20 00:00:00,31.1,77,0.0,7.9,Delhi Airport,28.5562,77.1
2026-07-20 01:00:00,30.3,80,0.0,9.7,Delhi Airport,28.5562,77.1
2026-07-20 02:00:00,29.3,85,0.0,8.5,Delhi Airport,28.5562,77.1
2026-07-20 03:00:00,28.4,90,0.2,6.8,Delhi Airport,28.5562,77.1
2026-07-20 04:00:00,26.7,96,6.7,9.2,Delhi Airport,28.5562,77.1
2026-07-20 05:00:00,28.0,89,0.8,6.6,Delhi Airport,28.5562,77.1
2026-07-20 06:00:00,27.8,90,0.3,8.8,Delhi Airport,28.5562,77.1
2026-07-20 07:00:00,27.7,93,0.9,9.9,Delhi Airport,28.5562,77.1
2026-07-20 08:00:00,27.8,94,1.1,5.5,Delhi Airport,28.5562,77.1
2026-07-20 09:00:00,29.2,87,0.5,6.2,Delhi Airport,28.5562,77.1
2026-07-20 10:00:00,30.2,83,0.8,3.9,Delhi Airport,28.5562,77.1
2026-07-20 11:00:00,32.3,69,0.2,5.3,Delhi Airport,28.5562,77.1
2026-07-20 12:00:00,33.6,63,0.2,2.4,Delhi Airport,28.5562,77.1
2026-07-20 13:00:00,29.8,82,6.8,11.1,Delhi Airport,28.5562,77.1
2026-07-20 14:00:00,28.4,89,2.2,9.6,Delhi Airport,28.5562,77.1
2026-07-20 15:00:00,30.2,80,0.1,4.9,Delhi Airport,28.5562,77.1
2026-07-20 16:00:00,30.6,77,0.0,4.5,Delhi Airport,28.5562,77.1
2026-07-20 17:00:00,28.9,85,0.0,4.0,Delhi Airport,28.5562,77.1
2026-07-20 18:00:00,28.1,92,5.1,2.2,Delhi Airport,28.5562,77.1
2026-07-20 19:00:00,27.7,94,2.8,5.0,Delhi Airport,28.5562,77.1
2026-07-20 20:00:00,27.6,94,0.6,5.0,Delhi Airport,28.5562,77.1
2026-07-20 21:00:00,27.5,94,0.5,2.8,Delhi Airport,28.5562,77.1
2026-07-20 22:00:00,27.2,95,1.1,4.4,Delhi Airport,28.5562,77.1
2026-07-20 23:00:00,26.5,95,1.2,2.6,Delhi Airport,28.5562,77.1
2026-07-21 00:00:00,26.6,96,0.9,4.6,Delhi Airport,28.5562,77.1
2026-07-21 01:00:00,26.5,96,0.3,8.2,Delhi Airport,28.5562,77.1
2026-07-21 02:00:00,26.6,96,0.3,6.7,Delhi Airport,28.5562,77.1
2026-07-21 03:00:00,26.5,91,0.1,7.6,Delhi Airport,28.5562,77.1
2026-07-21 04:00:00,26.3,91,0.1,4.2,Delhi Airport,28.5562,77.1
2026-07-21 05:00:00,26.2,93,0.7,5.6,Delhi Airport,28.5562,77.1
2026-07-21 06:00:00,25.6,96,4.7,5.8,Delhi Airport,28.5562,77.1
2026-07-21 07:00:00,25.9,95,1.9,7.3,Delhi Airport,28.5562,77.1
2026-07-21 08:00:00,26.4,93,0.3,8.1,Delhi Airport,28.5562,77.1
2026-07-21 09:00:00,26.9,89,0.1,7.8,Delhi Airport,28.5562,77.1
2026-07-21 10:00:00,27.9,84,0.2,8.1,Delhi Airport,28.5562,77.1
2026-07-21 11:00:00,26.5,94,0.0,12.6,Delhi Airport,28.5562,77.1
2026-07-21 12:00:00,27.4,94,1.3,8.6,Delhi Airport,28.5562,77.1
2026-07-21 13:00:00,28.8,89,1.0,8.1,Delhi Airport,28.5562,77.1
2026-07-21 14:00:00,29.2,88,0.7,8.1,Delhi Airport,28.5562,77.1
2026-07-21 15:00:00,27.5,90,2.9,10.4,Delhi Airport,28.5562,77.1
2026-07-21 16:00:00,28.3,88,0.7,7.1,Delhi Airport,28.5562,77.1
2026-07-21 17:00:00,29.4,79,0.2,6.0,Delhi Airport,28.5562,77.1
2026-07-21 18:00:00,28.7,85,0.9,5.9,Delhi Airport,28.5562,77.1
2026-07-21 19:00:00,28.3,88,0.2,3.8,Delhi Airport,28.5562,77.1
2026-07-21 20:00:00,28.0,89,0.0,8.1,Delhi Airport,28.5562,77.1
2026-07-21 21:00:00,28.0,88,0.0,7.9,Delhi Airport,28.5562,77.1
2026-07-21 22:00:00,27.9,88,0.0,10.6,Delhi Airport,28.5562,77.1
2026-07-21 23:00:00,26.9,94,0.1,11.9,Delhi Airport,28.5562,77.1
2026-07-22 00:00:00,26.6,94,0.1,11.1,Delhi Airport,28.5562,77.1
2026-07-22 01:00:00,26.5,93,0.0,9.5,Delhi Airport,28.5562,77.1
2026-07-22 02:00:00,26.4,94,0.0,8.4,Delhi Airport,28.5562,77.1
2026-07-22 03:00:00,26.2,94,0.3,11.2,Delhi Airport,28.5562,77.1
2026-07-22 04:00:00,26.1,94,0.5,11.5,Delhi Airport,28.5562,77.1
2026-07-22 05:00:00,25.8,96,0.7,11.0,Delhi Airport,28.5562,77.1
2026-07-22 06:00:00,26.0,94,0.5,12.7,Delhi Airport,28.5562,77.1
2026-07-22 07:00:00,26.7,90,0.1,12.9,Delhi Airport,28.5562,77.1
2026-07-22 08:00:00,27.6,81,0.3,17.4,Delhi Airport,28.5562,77.1
2026-07-22 09:00:00,28.7,78,0.3,14.3,Delhi Airport,28.5562,77.1
2026-07-22 10:00:00,30.0,72,0.3,14.1,Delhi Airport,28.5562,77.1
2026-07-22 11:00:00,30.6,67,0.2,14.2,Delhi Airport,28.5562,77.1
2026-07-22 12:00:00,31.6,64,0.1,14.3,Delhi Airport,28.5562,77.1
2026-07-22 13:00:00,32.0,65,0.0,12.1,Delhi Airport,28.5562,77.1
2026-07-22 14:00:00,31.9,67,0.2,11.7,Delhi Airport,28.5562,77.1
2026-07-22 15:00:00,31.7,68,0.1,10.7,Delhi Airport,28.5562,77.1
2026-07-22 16:00:00,31.0,72,0.9,8.0,Delhi Airport,28.5562,77.1
2026-07-22 17:00:00,28.4,87,0.0,6.5,Delhi Airport,28.5562,77.1
2026-07-22 18:00:00,28.7,86,0.1,3.6,Delhi Airport,28.5562,77.1
2026-07-22 19:00:00,28.6,88,0.0,5.0,Delhi Airport,28.5562,77.1
2026-07-22 20:00:00,28.7,88,0.0,7.7,Delhi Airport,28.5562,77.1
2026-07-22 21:00:00,28.8,88,0.0,9.0,Delhi Airport,28.5562,77.1
2026-07-22 22:00:00,28.8,84,0.0,9.7,Delhi Airport,28.5562,77.1
2026-07-22 23:00:00,28.4,83,0.0,10.2,Delhi Airport,28.5562,77.1
2026-07-23 00:00:00,28.3,84,0.0,11.5,Delhi Airport,28.5562,77.1
2026-07-23 01:00:00,28.1,84,0.0,11.6,Delhi Airport,28.5562,77.1
2026-07-23 02:00:00,27.9,84,0.0,11.8,Delhi Airport,28.5562,77.1
2026-07-23 03:00:00,27.5,85,0.0,10.9,Delhi Airport,28.5562,77.1
2026-07-23 04:00:00,27.3,85,0.0,10.6,Delhi Airport,28.5562,77.1
2026-07-23 05:00:00,26.8,93,0.0,9.6,Delhi Airport,28.5562,77.1
2026-07-23 06:00:00,26.3,94,0.7,11.6,Delhi Airport,28.5562,77.1
2026-07-23 07:00:00,27.2,88,0.2,12.4,Delhi Airport,28.5562,77.1
2026-07-23 08:00:00,27.9,84,0.3,11.1,Delhi Airport,28.5562,77.1
2026-07-23 09:00:00,28.7,81,0.2,10.5,Delhi Airport,28.5562,77.1
2026-07-23 10:00:00,30.4,73,0.1,12.8,Delhi Airport,28.5562,77.1
2026-07-23 11:00:00,31.3,66,0.0,14.7,Delhi Airport,28.5562,77.1
2026-07-23 12:00:00,31.8,64,0.1,15.3,Delhi Airport,28.5562,77.1
2026-07-23 13:00:00,32.0,64,0.1,14.0,Delhi Airport,28.5562,77.1
2026-07-23 14:00:00,32.4,63,0.1,13.3,Delhi Airport,28.5562,77.1
2026-07-23 15:00:00,30.6,73,0.9,15.8,Delhi Airport,28.5562,77.1
2026-07-23 16:00:00,30.2,75,0.6,7.8,Delhi Airport,28.5562,77.1
2026-07-23 17:00:00,30.9,76,0.1,6.7,Delhi Airport,28.5562,77.1
2026-07-23 18:00:00,29.9,79,0.3,7.4,Delhi Airport,28.5562,77.1
2026-07-23 19:00:00,29.5,81,0.0,4.5,Delhi Airport,28.5562,77.1
2026-07-23 20:00:00,28.4,88,1.4,5.2,Delhi Airport,28.5562,77.1
2026-07-23 21:00:00,26.4,94,2.6,9.7,Delhi Airport,28.5562,77.1
2026-07-23 22:00:00,26.2,95,1.6,10.8,Delhi Airport,28.5562,77.1
2026-07-23 23:00:00,27.7,88,0.1,13.1,Delhi Airport,28.5562,77.1
2026-07-24 00:00:00,27.2,88,0.0,11.1,Delhi Airport,28.5562,77.1
2026-07-24 01:00:00,27.0,89,0.0,10.9,Delhi Airport,28.5562,77.1
2026-07-24 02:00:00,26.9,89,0.0,9.6,Delhi Airport,28.5562,77.1
2026-07-24 03:00:00,26.8,89,0.0,9.9,Delhi Airport,28.5562,77.1
2026-07-24 04:00:00,26.7,90,0.0,10.4,Delhi Airport,28.5562,77.1
2026-07-24 05:00:00,26.0,95,0.1,10.2,Delhi Airport,28.5562,77.1
2026-07-24 06:00:00,26.1,94,0.0,12.8,Delhi Airport,28.5562,77.1
2026-07-24 07:00:00,27.0,88,0.0,12.2,Delhi Airport,28.5562,77.1
2026-07-24 08:00:00,28.5,80,0.0,15.4,Delhi Airport,28.5562,77.1
2026-07-24 09:00:00,29.5,76,0.1,13.7,Delhi Airport,28.5562,77.1
2026-07-24 10:00:00,30.5,73,0.1,12.4,Delhi Airport,28.5562,77.1
2026-07-24 11:00:00,30.5,74,0.1,13.2,Delhi Airport,28.5562,77.1
2026-07-24 12:00:00,30.9,73,0.7,12.7,Delhi Airport,28.5562,77.1
2026-07-24 13:00:00,28.6,86,1.7,13.5,Delhi Airport,28.5562,77.1
2026-07-24 14:00:00,29.1,84,0.5,4.6,Delhi Airport,28.5562,77.1
2026-07-24 15:00:00,30.1,79,0.2,8.1,Delhi Airport,28.5562,77.1
2026-07-24 16:00:00,30.7,75,0.1,7.0,Delhi Airport,28.5562,77.1
2026-07-24 17:00:00,29.9,83,0.1,6.6,Delhi Airport,28.5562,77.1
2026-07-24 18:00:00,29.8,83,0.0,8.4,Delhi Airport,28.5562,77.1
2026-07-24 19:00:00,29.3,86,0.2,9.5,Delhi Airport,28.5562,77.1
2026-07-24 20:00:00,29.4,86,0.1,9.2,Delhi Airport,28.5562,77.1
2026-07-24 21:00:00,29.1,85,0.0,10.8,Delhi Airport,28.5562,77.1
2026-07-24 22:00:00,28.7,85,0.0,11.3,Delhi Airport,28.5562,77.1
2026-07-24 23:00:00,28.4,85,0.0,12.3,Delhi Airport,28.5562,77.1
2026-07-25 00:00:00,28.2,85,0.0,13.0,Delhi Airport,28.5562,77.1
2026-07-25 01:00:00,28.1,83,0.0,12.4,Delhi Airport,28.5562,77.1
2026-07-25 02:00:00,27.8,83,0.1,12.1,Delhi Airport,28.5562,77.1
2026-07-25 03:00:00,27.4,84,0.3,10.3,Delhi Airport,28.5562,77.1
2026-07-25 04:00:00,27.3,86,0.1,10.2,Delhi Airport,28.5562,77.1
2026-07-25 05:00:00,27.5,87,0.0,9.5,Delhi Airport,28.5562,77.1
2026-07-25 06:00:00,27.7,87,0.0,7.4,Delhi Airport,28.5562,77.1
2026-07-25 07:00:00,28.3,85,0.0,7.8,Delhi Airport,28.5562,77.1
2026-07-25 08:00:00,29.1,79,0.1,11.5,Delhi Airport,28.5562,77.1
2026-07-25 09:00:00,30.1,72,0.0,10.6,Delhi Airport,28.5562,77.1
2026-07-25 10:00:00,30.7,69,0.1,11.5,Delhi Airport,28.5562,77.1
2026-07-25 11:00:00,31.6,64,0.2,13.4,Delhi Airport,28.5562,77.1
2026-07-25 12:00:00,31.7,64,0.3,14.0,Delhi Airport,28.5562,77.1
2026-07-25 13:00:00,32.2,64,0.1,11.6,Delhi Airport,28.5562,77.1
2026-07-25 14:00:00,32.6,62,0.3,12.1,Delhi Airport,28.5562,77.1
2026-07-25 15:00:00,32.4,63,0.3,11.9,Delhi Airport,28.5562,77.1
2026-07-25 16:00:00,31.8,65,0.3,11.2,Delhi Airport,28.5562,77.1
2026-07-25 17:00:00,30.3,80,0.1,11.4,Delhi Airport,28.5562,77.1
2026-07-25 18:00:00,30.1,80,0.0,11.0,Delhi Airport,28.5562,77.1
2026-07-25 19:00:00,29.2,82,0.0,8.9,Delhi Airport,28.5562,77.1
2026-07-25 20:00:00,28.7,84,0.0,9.4,Delhi Airport,28.5562,77.1
2026-07-25 21:00:00,28.3,87,0.0,8.9,Delhi Airport,28.5562,77.1
2026-07-25 22:00:00,28.0,88,0.0,8.5,Delhi Airport,28.5562,77.1
2026-07-25 23:00:00,27.9,90,0.0,10.3,Delhi Airport,28.5562,77.1
2026-07-26 00:00:00,27.7,91,0.0,9.8,Delhi Airport,28.5562,77.1
2026-07-26 01:00:00,27.7,92,0.0,8.5,Delhi Airport,28.5562,77.1
2026-07-26 02:00:00,27.7,93,0.0,7.9,Delhi Airport,28.5562,77.1
2026-07-26 03:00:00,27.5,93,0.0,7.6,Delhi Airport,28.5562,77.1
2026-07-26 04:00:00,27.4,93,0.0,5.4,Delhi Airport,28.5562,77.1
2026-07-26 05:00:00,28.2,93,0.1,4.2,Delhi Airport,28.5562,77.1
2026-07-26 06:00:00,27.5,96,0.4,6.0,Delhi Airport,28.5562,77.1
2026-07-26 07:00:00,28.4,91,0.1,4.3,Delhi Airport,28.5562,77.1
2026-07-26 08:00:00,29.7,83,0.0,3.0,Delhi Airport,28.5562,77.1
2026-07-26 09:00:00,31.0,74,0.0,3.8,Delhi Airport,28.5562,77.1
2026-07-26 10:00:00,31.9,68,0.3,4.2,Delhi Airport,28.5562,77.1
2026-07-26 11:00:00,32.3,65,0.3,4.0,Delhi Airport,28.5562,77.1
2026-07-26 12:00:00,33.1,62,0.1,4.0,Delhi Airport,28.5562,77.1
2026-07-26 13:00:00,33.5,61,0.2,4.3,Delhi Airport,28.5562,77.1
2026-07-26 14:00:00,33.7,60,0.2,4.2,Delhi Airport,28.5562,77.1
2026-07-26 15:00:00,33.8,59,0.1,3.1,Delhi Airport,28.5562,77.1
2026-07-26 16:00:00,33.7,59,0.0,2.3,Delhi Airport,28.5562,77.1
2026-07-26 17:00:00,34.1,58,0.0,3.6,Delhi Airport,28.5562,77.1
2026-07-26 18:00:00,32.9,68,0.0,3.2,Delhi Airport,28.5562,77.1
2026-07-26 19:00:00,31.7,77,0.0,2.9,Delhi Airport,28.5562,77.1
2026-07-26 20:00:00,31.4,82,0.0,0.8,Delhi Airport,28.5562,77.1
2026-07-26 21:00:00,31.3,81,0.0,0.3,Delhi Airport,28.5562,77.1
2026-07-26 22:00:00,31.0,82,0.0,0.6,Delhi Airport,28.5562,77.1
2026-07-26 23:00:00,30.6,85,0.0,1.4,Delhi Airport,28.5562,77.1
2026-07-27 00:00:00,30.0,85,0.0,1.9,Delhi Airport,28.5562,77.1
2026-07-27 01:00:00,29.7,86,0.0,1.8,Delhi Airport,28.5562,77.1
2026-07-27 02:00:00,29.3,83,0.0,3.1,Delhi Airport,28.5562,77.1
2026-07-27 03:00:00,29.2,83,0.0,2.4,Delhi Airport,28.5562,77.1
2026-07-27 04:00:00,29.1,83,0.0,2.3,Delhi Airport,28.5562,77.1
2026-07-27 05:00:00,29.7,83,0.0,2.4,Delhi Airport,28.5562,77.1
2026-07-27 06:00:00,29.9,80,0.0,2.9,Delhi Airport,28.5562,77.1
2026-07-27 07:00:00,30.5,78,0.0,2.0,Delhi Airport,28.5562,77.1
2026-07-27 08:00:00,31.5,75,0.0,2.2,Delhi Airport,28.5562,77.1
2026-07-27 09:00:00,32.6,67,0.1,3.4,Delhi Airport,28.5562,77.1
2026-07-27 10:00:00,33.3,63,0.2,2.6,Delhi Airport,28.5562,77.1
2026-07-27 11:00:00,34.5,55,0.1,2.5,Delhi Airport,28.5562,77.1
2026-07-27 12:00:00,34.9,55,0.0,5.6,Delhi Airport,28.5562,77.1
2026-07-27 13:00:00,35.2,54,0.0,4.5,Delhi Airport,28.5562,77.1
2026-07-27 14:00:00,35.1,53,0.0,6.5,Delhi Airport,28.5562,77.1
2026-07-27 15:00:00,34.3,56,0.0,4.6,Delhi Airport,28.5562,77.1
2026-07-27 16:00:00,33.7,58,0.0,1.6,Delhi Airport,28.5562,77.1
2026-07-27 17:00:00,32.5,67,0.0,2.0,Delhi Airport,28.5562,77.1
2026-07-27 18:00:00,31.9,74,0.0,2.3,Delhi Airport,28.5562,77.1
2026-07-27 19:00:00,31.5,77,0.0,1.6,Delhi Airport,28.5562,77.1
2026-07-27 20:00:00,31.2,78,0.0,5.0,Delhi Airport,28.5562,77.1
2026-07-27 21:00:00,30.6,80,0.0,9.0,Delhi Airport,28.5562,77.1
2026-07-27 22:00:00,29.6,82,0.0,13.0,Delhi Airport,28.5562,77.1
2026-07-27 23:00:00,30.2,85,0.0,10.3,Delhi Airport,28.5562,77.1
2026-07-28 00:00:00,28.4,88,0.0,14.1,Delhi Airport,28.5562,77.1
2026-07-28 01:00:00,27.6,89,0.1,8.9,Delhi Airport,28.5562,77.1
2026-07-28 02:00:00,27.4,93,0.3,11.1,Delhi Airport,28.5562,77.1
2026-07-28 03:00:00,26.9,96,0.3,9.4,Delhi Airport,28.5562,77.1
2026-07-28 04:00:00,26.5,97,0.4,10.4,Delhi Airport,28.5562,77.1
2026-07-28 05:00:00,28.4,94,0.3,8.7,Delhi Airport,28.5562,77.1
2026-07-28 06:00:00,28.5,92,0.0,8.6,Delhi Airport,28.5562,77.1
2026-07-28 07:00:00,28.0,93,1.1,11.0,Delhi Airport,28.5562,77.1
2026-07-28 08:00:00,28.8,92,0.5,10.4,Delhi Airport,28.5562,77.1
2026-07-28 09:00:00,29.5,84,0.0,8.5,Delhi Airport,28.5562,77.1
2026-07-28 10:00:00,27.6,92,4.1,11.8,Delhi Airport,28.5562,77.1
2026-07-28 11:00:00,28.3,92,1.3,9.8,Delhi Airport,28.5562,77.1
2026-07-28 12:00:00,27.3,95,3.8,11.5,Delhi Airport,28.5562,77.1
2026-07-28 13:00:00,27.0,94,2.6,8.6,Delhi Airport,28.5562,77.1
2026-07-28 14:00:00,26.9,95,2.7,4.6,Delhi Airport,28.5562,77.1
2026-07-28 15:00:00,27.2,92,1.4,5.4,Delhi Airport,28.5562,77.1
2026-07-28 16:00:00,27.1,93,0.6,4.1,Delhi Airport,28.5562,77.1
2026-07-28 17:00:00,31.1,70,0.3,4.1,Delhi Airport,28.5562,77.1
2026-07-28 18:00:00,30.3,77,0.3,4.6,Delhi Airport,28.5562,77.1
2026-07-28 19:00:00,29.6,83,0.0,1.1,Delhi Airport,28.5562,77.1
2026-07-28 20:00:00,29.2,87,0.0,1.9,Delhi Airport,28.5562,77.1
2026-07-28 21:00:00,29.0,88,0.0,2.9,Delhi Airport,28.5562,77.1
2026-07-28 22:00:00,28.6,89,0.0,6.0,Delhi Airport,28.5562,77.1
2026-07-28 23:00:00,28.2,89,0.0,3.3,Delhi Airport,28.5562,77.1
2026-07-29 00:00:00,27.9,91,0.0,2.2,Delhi Airport,28.5562,77.1
2026-07-29 01:00:00,27.8,92,0.0,1.9,Delhi Airport,28.5562,77.1
2026-07-29 02:00:00,27.5,93,0.2,4.8,Delhi Airport,28.5562,77.1
2026-07-29 03:00:00,27.1,92,0.3,4.5,Delhi Airport,28.5562,77.1
2026-07-29 04:00:00,27.0,94,0.0,2.5,Delhi Airport,28.5562,77.1
2026-07-29 05:00:00,26.6,98,0.0,2.7,Delhi Airport,28.5562,77.1
2026-07-29 06:00:00,26.6,96,0.3,3.6,Delhi Airport,28.5562,77.1
2026-07-29 07:00:00,26.7,96,0.4,5.4,Delhi Airport,28.5562,77.1
2026-07-29 08:00:00,27.2,92,0.3,3.8,Delhi Airport,28.5562,77.1
2026-07-29 09:00:00,28.5,86,0.3,3.3,Delhi Airport,28.5562,77.1
2026-07-29 10:00:00,29.6,82,0.2,3.9,Delhi Airport,28.5562,77.1
2026-07-29 11:00:00,31.0,77,0.1,1.7,Delhi Airport,28.5562,77.1
2026-07-29 12:00:00,32.1,72,0.0,1.2,Delhi Airport,28.5562,77.1
2026-07-29 13:00:00,32.2,70,0.0,1.8,Delhi Airport,28.5562,77.1
2026-07-29 14:00:00,32.5,70,0.1,3.1,Delhi Airport,28.5562,77.1
2026-07-29 15:00:00,32.6,70,0.2,1.5,Delhi Airport,28.5562,77.1
2026-07-29 16:00:00,32.2,72,0.0,2.4,Delhi Airport,28.5562,77.1
2026-07-29 17:00:00,32.7,67,0.1,5.0,Delhi Airport,28.5562,77.1
2026-07-29 18:00:00,31.7,76,0.0,5.0,Delhi Airport,28.5562,77.1
2026-07-29 19:00:00,30.7,83,0.0,5.0,Delhi Airport,28.5562,77.1
2026-07-29 20:00:00,30.3,84,0.0,5.7,Delhi Airport,28.5562,77.1
2026-07-29 21:00:00,29.9,85,0.0,5.2,Delhi Airport,28.5562,77.1
2026-07-29 22:00:00,29.5,87,0.0,4.0,Delhi Airport,28.5562,77.1
2026-07-29 23:00:00,30.1,87,0.0,6.7,Delhi Airport,28.5562,77.1
2026-07-30 00:00:00,29.4,89,0.0,7.8,Delhi Airport,28.5562,77.1
2026-07-30 01:00:00,27.2,93,1.9,9.4,Delhi Airport,28.5562,77.1
2026-07-30 02:00:00,25.5,98,5.0,7.5,Delhi Airport,28.5562,77.1
2026-07-30 03:00:00,26.1,95,0.6,3.0,Delhi Airport,28.5562,77.1
2026-07-30 04:00:00,26.3,97,0.1,4.0,Delhi Airport,28.5562,77.1
2026-07-30 05:00:00,27.7,93,0.0,0.9,Delhi Airport,28.5562,77.1
2026-07-30 06:00:00,27.9,95,0.1,6.8,Delhi Airport,28.5562,77.1
2026-07-30 07:00:00,29.0,85,0.3,10.4,Delhi Airport,28.5562,77.1
2026-07-30 08:00:00,29.6,83,0.3,7.9,Delhi Airport,28.5562,77.1
2026-07-30 09:00:00,30.6,77,0.1,8.0,Delhi Airport,28.5562,77.1
2026-07-30 10:00:00,31.7,71,0.0,6.7,Delhi Airport,28.5562,77.1
2026-07-30 11:00:00,32.8,64,0.0,5.0,Delhi Airport,28.5562,77.1
2026-07-30 12:00:00,33.2,62,0.1,6.7,Delhi Airport,28.5562,77.1
2026-07-30 13:00:00,31.8,68,1.0,9.0,Delhi Airport,28.5562,77.1
2026-07-30 14:00:00,32.9,63,0.1,3.4,Delhi Airport,28.5562,77.1
2026-07-30 15:00:00,33.2,61,0.1,4.9,Delhi Airport,28.5562,77.1
2026-07-30 16:00:00,33.3,60,0.0,6.1,Delhi Airport,28.5562,77.1
2026-07-30 17:00:00,32.1,69,0.0,9.1,Delhi Airport,28.5562,77.1
2026-07-30 18:00:00,29.8,80,0.4,14.9,Delhi Airport,28.5562,77.1
2026-07-30 19:00:00,28.7,85,0.0,8.7,Delhi Airport,28.5562,77.1
2026-07-30 20:00:00,28.6,86,0.0,8.2,Delhi Airport,28.5562,77.1
2026-07-30 21:00:00,28.6,88,0.0,8.4,Delhi Airport,28.5562,77.1
2026-07-30 22:00:00,28.4,90,0.0,9.4,Delhi Airport,28.5562,77.1
2026-07-30 23:00:00,29.0,89,0.0,11.6,Delhi Airport,28.5562,77.1
2026-07-31 00:00:00,28.7,88,0.0,11.8,Delhi Airport,28.5562,77.1
2026-07-31 01:00:00,28.5,89,0.0,11.3,Delhi Airport,28.5562,77.1
2026-07-31 02:00:00,28.4,87,0.0,10.6,Delhi Airport,28.5562,77.1
2026-07-31 03:00:00,28.2,87,0.0,10.1,Delhi Airport,28.5562,77.1
2026-07-31 04:00:00,28.1,86,0.0,11.0,Delhi Airport,28.5562,77.1
2026-07-31 05:00:00,28.2,84,0.0,12.5,Delhi Airport,28.5562,77.1
2026-07-31 06:00:00,28.2,84,0.0,11.2,Delhi Airport,28.5562,77.1
2026-07-31 07:00:00,28.8,81,0.0,11.5,Delhi Airport,28.5562,77.1
2026-07-31 08:00:00,29.2,78,0.1,14.3,Delhi Airport,28.5562,77.1
2026-07-31 09:00:00,29.7,76,0.1,14.7,Delhi Airport,28.5562,77.1
2026-07-31 10:00:00,30.0,74,0.1,14.5,Delhi Airport,28.5562,77.1
2026-07-31 11:00:00,30.5,72,0.3,12.3,Delhi Airport,28.5562,77.1
2026-07-31 12:00:00,31.4,67,0.1,13.3,Delhi Airport,28.5562,77.1
2026-07-31 13:00:00,32.3,64,0.0,13.9,Delhi Airport,28.5562,77.1
2026-07-31 14:00:00,32.7,62,0.2,12.4,Delhi Airport,28.5562,77.1
2026-07-31 15:00:00,32.6,63,0.1,12.2,Delhi Airport,28.5562,77.1
2026-07-31 16:00:00,30.5,72,0.9,11.1,Delhi Airport,28.5562,77.1
2026-07-31 17:00:00,31.5,72,0.7,8.1,Delhi Airport,28.5562,77.1
2026-07-31 18:00:00,31.0,75,0.0,7.7,Delhi Airport,28.5562,77.1
2026-07-31 19:00:00,30.2,78,0.0,9.0,Delhi Airport,28.5562,77.1
2026-07-31 20:00:00,29.8,82,0.0,8.9,Delhi Airport,28.5562,77.1
2026-07-31 21:00:00,29.4,83,0.2,12.3,Delhi Airport,28.5562,77.1
2026-07-31 22:00:00,28.9,85,0.1,11.5,Delhi Airport,28.5562,77.1
2026-07-31 23:00:00,28.4,85,0.0,10.1,Delhi Airport,28.5562,77.1
2026-08-01 00:00:00,27.9,88,0.0,10.7,Delhi Airport,28.5562,77.1
2026-08-01 01:00:00,26.8,94,1.8,9.2,Delhi Airport,28.5562,77.1
2026-08-01 02:00:00,27.1,93,0.0,11.7,Delhi Airport,28.5562,77.1
2026-08-01 03:00:00,27.1,91,0.0,11.9,Delhi Airport,28.5562,77.1
2026-08-01 04:00:00,27.2,91,0.0,11.0,Delhi Airport,28.5562,77.1
2026-08-01 05:00:00,27.0,93,0.0,10.5,Delhi Airport,28.5562,77.1
2026-08-01 06:00:00,27.2,92,0.0,9.9,Delhi Airport,28.5562,77.1
2026-08-01 07:00:00,27.4,89,0.1,12.8,Delhi Airport,28.5562,77.1
2026-08-01 08:00:00,28.1,85,0.1,12.8,Delhi Airport,28.5562,77.1
2026-08-01 09:00:00,29.5,78,0.1,12.7,Delhi Airport,28.5562,77.1
2026-08-01 10:00:00,30.6,72,0.1,12.2,Delhi Airport,28.5562,77.1
2026-08-01 11:00:00,31.6,69,0.3,11.7,Delhi Airport,28.5562,77.1
2026-08-01 12:00:00,32.3,67,0.1,11.1,Delhi Airport,28.5562,77.1
2026-08-01 13:00:00,32.6,66,0.1,12.8,Delhi Airport,28.5562,77.1
2026-08-01 14:00:00,32.6,60,0.3,11.3,Delhi Airport,28.5562,77.1
2026-08-01 15:00:00,31.6,67,0.3,9.7,Delhi Airport,28.5562,77.1
2026-08-01 16:00:00,31.5,72,0.2,7.2,Delhi Airport,28.5562,77.1
2026-08-01 17:00:00,31.3,72,0.4,11.2,Delhi Airport,28.5562,77.1
2026-08-01 18:00:00,30.4,80,0.1,5.1,Delhi Airport,28.5562,77.1
2026-08-01 19:00:00,29.9,83,0.0,5.4,Delhi Airport,28.5562,77.1
2026-08-01 20:00:00,29.6,84,0.0,7.6,Delhi Airport,28.5562,77.1
2026-08-01 21:00:00,29.3,87,0.0,8.6,Delhi Airport,28.5562,77.1
2026-08-01 22:00:00,29.3,87,0.0,10.8,Delhi Airport,28.5562,77.1
2026-08-01 23:00:00,27.8,89,0.0,12.4,Delhi Airport,28.5562,77.1
2026-08-02 00:00:00,27.0,90,0.2,10.5,Delhi Airport,28.5562,77.1
2026-08-02 01:00:00,26.9,91,0.2,9.0,Delhi Airport,28.5562,77.1
2026-08-02 02:00:00,27.0,92,0.1,7.8,Delhi Airport,28.5562,77.1
2026-08-02 03:00:00,26.9,92,0.0,7.1,Delhi Airport,28.5562,77.1
2026-08-02 04:00:00,26.9,93,0.0,7.6,Delhi Airport,28.5562,77.1
2026-08-02 05:00:00,27.2,95,0.0,8.3,Delhi Airport,28.5562,77.1
2026-08-02 06:00:00,27.1,94,0.0,13.3,Delhi Airport,28.5562,77.1
2026-08-02 07:00:00,27.2,93,0.1,8.9,Delhi Airport,28.5562,77.1
2026-08-02 08:00:00,28.6,86,0.0,9.1,Delhi Airport,28.5562,77.1
2026-08-02 09:00:00,30.3,78,0.0,8.9,Delhi Airport,28.5562,77.1
2026-08-02 10:00:00,31.7,71,0.1,8.6,Delhi Airport,28.5562,77.1
2026-08-02 11:00:00,33.0,63,0.1,8.3,Delhi Airport,28.5562,77.1
2026-08-02 12:00:00,33.8,59,0.0,7.5,Delhi Airport,28.5562,77.1
2026-08-02 13:00:00,34.0,57,0.2,10.0,Delhi Airport,28.5562,77.1
2026-08-02 14:00:00,33.0,62,0.8,11.5,Delhi Airport,28.5562,77.1
2026-08-02 15:00:00,32.9,64,0.0,8.6,Delhi Airport,28.5562,77.1
2026-08-02 16:00:00,32.2,67,0.4,8.1,Delhi Airport,28.5562,77.1
2026-08-02 17:00:00,27.0,97,0.2,7.7,Delhi Airport,28.5562,77.1
2026-08-02 18:00:00,28.1,92,0.7,8.1,Delhi Airport,28.5562,77.1
2026-08-02 19:00:00,27.6,92,0.1,8.0,Delhi Airport,28.5562,77.1
2026-08-02 20:00:00,27.8,91,0.0,7.5,Delhi Airport,28.5562,77.1
2026-08-02 21:00:00,28.1,91,0.0,7.1,Delhi Airport,28.5562,77.1
2026-08-02 22:00:00,28.1,91,0.0,7.9,Delhi Airport,28.5562,77.1
2026-08-02 23:00:00,28.9,91,0.0,6.0,Delhi Airport,28.5562,77.1
2026-08-03 00:00:00,28.6,92,0.0,7.0,Delhi Airport,28.5562,77.1
2026-08-03 01:00:00,28.5,92,0.0,6.9,Delhi Airport,28.5562,77.1
2026-08-03 02:00:00,28.3,91,0.0,8.5,Delhi Airport,28.5562,77.1
2026-08-03 03:00:00,27.9,91,0.0,7.7,Delhi Airport,28.5562,77.1
2026-08-03 04:00:00,27.5,93,0.0,7.6,Delhi Airport,28.5562,77.1
2026-08-03 05:00:00,27.1,99,0.1,4.4,Delhi Airport,28.5562,77.1
2026-08-03 06:00:00,27.4,94,1.3,2.4,Delhi Airport,28.5562,77.1
2026-08-03 07:00:00,27.4,94,2.2,3.0,Delhi Airport,28.5562,77.1
2026-08-03 08:00:00,27.8,92,0.8,2.8,Delhi Airport,28.5562,77.1
2026-08-03 09:00:00,29.4,84,0.3,4.3,Delhi Airport,28.5562,77.1
2026-08-03 10:00:00,30.2,82,0.2,4.8,Delhi Airport,28.5562,77.1
2026-08-03 11:00:00,32.0,73,0.3,7.9,Delhi Airport,28.5562,77.1
2026-08-03 12:00:00,32.8,69,0.2,8.4,Delhi Airport,28.5562,77.1
2026-08-03 13:00:00,33.0,69,0.6,5.4,Delhi Airport,28.5562,77.1
2026-08-03 14:00:00,30.5,75,0.7,12.1,Delhi Airport,28.5562,77.1
2026-08-03 15:00:00,29.9,83,3.0,3.1,Delhi Airport,28.5562,77.1
2026-08-03 16:00:00,29.8,83,0.4,6.4,Delhi Airport,28.5562,77.1
2026-08-03 17:00:00,32.2,75,0.1,8.7,Delhi Airport,28.5562,77.1
2026-08-03 18:00:00,28.4,93,6.9,5.3,Delhi Airport,28.5562,77.1
2026-08-03 19:00:00,28.3,94,1.8,6.2,Delhi Airport,28.5562,77.1
2026-08-03 20:00:00,27.5,95,2.1,8.9,Delhi Airport,28.5562,77.1
2026-08-03 21:00:00,26.9,95,4.0,0.9,Delhi Airport,28.5562,77.1
2026-08-03 22:00:00,26.7,96,2.1,3.2,Delhi Airport,28.5562,77.1
2026-08-03 23:00:00,27.1,97,0.7,6.9,Delhi Airport,28.5562,77.1
2026-08-04 00:00:00,26.8,97,0.9,8.1,Delhi Airport,28.5562,77.1
2026-08-04 01:00:00,26.7,98,0.9,6.9,Delhi Airport,28.5562,77.1
2026-08-04 02:00:00,26.6,98,0.4,7.6,Delhi Airport,28.5562,77.1
2026-08-04 03:00:00,26.7,98,0.2,5.4,Delhi Airport,28.5562,77.1
2026-08-04 04:00:00,26.8,96,0.6,5.0,Delhi Airport,28.5562,77.1
2026-08-04 05:00:00,26.6,96,0.2,6.0,Delhi Airport,28.5562,77.1
2026-08-04 06:00:00,26.4,97,7.2,5.8,Delhi Airport,28.5562,77.1
2026-08-04 07:00:00,26.7,95,2.2,3.8,Delhi Airport,28.5562,77.1
2026-08-04 08:00:00,26.9,95,1.5,4.6,Delhi Airport,28.5562,77.1
2026-08-04 09:00:00,27.9,88,0.6,3.4,Delhi Airport,28.5562,77.1
2026-08-04 10:00:00,29.0,84,0.5,2.2,Delhi Airport,28.5562,77.1
2026-08-04 11:00:00,27.1,95,0.5,2.6,Delhi Airport,28.5562,77.1
2026-08-04 12:00:00,28.0,93,1.6,4.8,Delhi Airport,28.5562,77.1
2026-08-04 13:00:00,28.1,93,1.1,6.1,Delhi Airport,28.5562,77.1
2026-08-04 14:00:00,28.5,91,0.7,4.9,Delhi Airport,28.5562,77.1
2026-08-04 15:00:00,28.9,87,0.3,4.6,Delhi Airport,28.5562,77.1
2026-08-04 16:00:00,29.5,83,0.1,4.0,Delhi Airport,28.5562,77.1
2026-08-04 17:00:00,27.4,95,0.0,3.1,Delhi Airport,28.5562,77.1
2026-08-04 18:00:00,27.5,95,1.5,2.9,Delhi Airport,28.5562,77.1
2026-08-04 19:00:00,27.4,96,0.5,1.5,Delhi Airport,28.5562,77.1
2026-08-04 20:00:00,27.4,95,0.2,1.9,Delhi Airport,28.5562,77.1
2026-08-04 21:00:00,27.3,96,0.2,1.4,Delhi Airport,28.5562,77.1
2026-08-04 22:00:00,27.0,98,0.1,3.1,Delhi Airport,28.5562,77.1
2026-08-04 23:00:00,27.5,97,0.0,3.3,Delhi Airport,28.5562,77.1
2026-08-05 00:00:00,27.4,97,0.0,1.3,Delhi Airport,28.5562,77.1
2026-08-05 01:00:00,27.4,96,0.0,2.2,Delhi Airport,28.5562,77.1
2026-08-05 02:00:00,27.1,98,0.0,3.1,Delhi Airport,28.5562,77.1
2026-08-05 03:00:00,27.1,93,0.0,2.0,Delhi Airport,28.5562,77.1
2026-08-05 04:00:00,27.0,93,0.2,2.3,Delhi Airport,28.5562,77.1
2026-08-05 05:00:00,26.7,93,0.3,4.1,Delhi Airport,28.5562,77.1
2026-08-05 06:00:00,26.7,95,0.7,2.3,Delhi Airport,28.5562,77.1
2026-08-05 07:00:00,27.2,94,0.0,2.2,Delhi Airport,28.5562,77.1
2026-08-05 08:00:00,28.1,89,0.0,1.7,Delhi Airport,28.5562,77.1
2026-08-05 09:00:00,29.9,78,0.0,4.5,Delhi Airport,28.5562,77.1
2026-08-05 10:00:00,31.2,69,0.0,5.4,Delhi Airport,28.5562,77.1
2026-08-05 11:00:00,31.4,69,0.0,5.8,Delhi Airport,28.5562,77.1
2026-08-05 12:00:00,31.1,68,0.0,6.7,Delhi Airport,28.5562,77.1
2026-08-05 13:00:00,31.6,65,0.0,7.5,Delhi Airport,28.5562,77.1
2026-08-05 14:00:00,32.1,63,0.0,8.0,Delhi Airport,28.5562,77.1
2026-08-05 15:00:00,32.8,61,0.0,6.4,Delhi Airport,28.5562,77.1
2026-08-05 16:00:00,32.6,63,0.0,5.9,Delhi Airport,28.5562,77.1
2026-08-05 17:00:00,29.9,81,0.0,2.9,Delhi Airport,28.5562,77.1
2026-08-05 18:00:00,28.2,90,2.9,4.0,Delhi Airport,28.5562,77.1
2026-08-05 19:00:00,28.1,93,0.2,5.8,Delhi Airport,28.5562,77.1
2026-08-05 20:00:00,28.0,92,0.0,8.1,Delhi Airport,28.5562,77.1
2026-08-05 21:00:00,27.6,93,0.0,4.9,Delhi Airport,28.5562,77.1
2026-08-05 22:00:00,27.4,95,0.0,4.3,Delhi Airport,28.5562,77.1
2026-08-05 23:00:00,27.7,99,0.0,1.7,Delhi Airport,28.5562,77.1
2026-08-06 00:00:00,27.9,92,3.2,4.9,Delhi Airport,28.5562,77.1
2026-08-06 01:00:00,27.1,94,1.1,2.7,Delhi Airport,28.5562,77.1
2026-08-06 02:00:00,27.0,95,0.3,1.8,Delhi Airport,28.5562,77.1
2026-08-06 03:00:00,26.8,95,0.0,4.8,Delhi Airport,28.5562,77.1
2026-08-06 04:00:00,26.6,95,0.0,8.7,Delhi Airport,28.5562,77.1
2026-08-06 05:00:00,27.1,98,0.0,5.0,Delhi Airport,28.5562,77.1
2026-08-06 06:00:00,27.3,95,0.4,5.1,Delhi Airport,28.5562,77.1
2026-08-06 07:00:00,27.6,90,0.0,6.2,Delhi Airport,28.5562,77.1
2026-08-06 08:00:00,28.1,84,0.8,5.6,Delhi Airport,28.5562,77.1
2026-08-06 09:00:00,27.5,88,1.1,4.5,Delhi Airport,28.5562,77.1
2026-08-06 10:00:00,27.1,90,1.7,4.7,Delhi Airport,28.5562,77.1
2026-08-06 11:00:00,27.3,86,1.4,3.9,Delhi Airport,28.5562,77.1
2026-08-06 12:00:00,27.2,86,1.0,2.7,Delhi Airport,28.5562,77.1
2026-08-06 13:00:00,27.1,85,0.3,3.7,Delhi Airport,28.5562,77.1
2026-08-06 14:00:00,27.2,83,0.0,4.2,Delhi Airport,28.5562,77.1
2026-08-06 15:00:00,27.4,82,0.1,4.7,Delhi Airport,28.5562,77.1
2026-08-06 16:00:00,27.6,81,0.1,6.5,Delhi Airport,28.5562,77.1
2026-08-06 17:00:00,27.9,84,0.0,7.7,Delhi Airport,28.5562,77.1
2026-08-06 18:00:00,27.4,90,0.7,6.0,Delhi Airport,28.5562,77.1
2026-08-06 19:00:00,27.2,93,0.2,5.4,Delhi Airport,28.5562,77.1
2026-08-06 20:00:00,27.0,94,0.0,5.9,Delhi Airport,28.5562,77.1
2026-08-06 21:00:00,26.8,95,0.0,5.5,Delhi Airport,28.5562,77.1
2026-08-06 22:00:00,26.8,95,0.0,2.9,Delhi Airport,28.5562,77.1
2026-08-06 23:00:00,27.0,94,0.0,6.9,Delhi Airport,28.5562,77.1
2026-08-07 00:00:00,26.3,95,0.1,7.9,Delhi Airport,28.5562,77.1
2026-08-07 01:00:00,25.9,97,0.7,5.6,Delhi Airport,28.5562,77.1
2026-08-07 02:00:00,25.9,97,0.8,5.2,Delhi Airport,28.5562,77.1
2026-08-07 03:00:00,26.0,97,0.0,3.6,Delhi Airport,28.5562,77.1
2026-08-07 04:00:00,25.9,98,0.0,4.9,Delhi Airport,28.5562,77.1
2026-08-07 05:00:00,26.4,97,0.5,9.6,Delhi Airport,28.5562,77.1
2026-08-07 06:00:00,26.2,98,1.7,4.9,Delhi Airport,28.5562,77.1
2026-08-07 07:00:00,26.3,97,1.9,4.4,Delhi Airport,28.5562,77.1
2026-08-07 08:00:00,26.3,95,7.6,8.4,Delhi Airport,28.5562,77.1
2026-08-07 09:00:00,26.7,96,1.6,8.9,Delhi Airport,28.5562,77.1
2026-08-07 10:00:00,27.3,93,2.2,9.6,Delhi Airport,28.5562,77.1
2026-08-07 11:00:00,28.1,86,1.2,9.6,Delhi Airport,28.5562,77.1
2026-08-07 12:00:00,26.3,94,10.9,13.6,Delhi Airport,28.5562,77.1
2026-08-07 13:00:00,26.8,95,4.7,13.9,Delhi Airport,28.5562,77.1
2026-08-07 14:00:00,27.3,95,1.4,11.8,Delhi Airport,28.5562,77.1
2026-08-07 15:00:00,28.2,86,0.6,12.8,Delhi Airport,28.5562,77.1
2026-08-07 16:00:00,28.3,86,0.3,14.0,Delhi Airport,28.5562,77.1
2026-08-07 17:00:00,26.8,95,2.3,11.1,Delhi Airport,28.5562,77.1
2026-08-07 18:00:00,26.7,95,0.5,12.0,Delhi Airport,28.5562,77.1
2026-08-07 19:00:00,26.2,96,0.9,9.9,Delhi Airport,28.5562,77.1
2026-08-07 20:00:00,26.2,96,0.2,9.5,Delhi Airport,28.5562,77.1
2026-08-07 21:00:00,25.8,96,0.4,13.9,Delhi Airport,28.5562,77.1
2026-08-07 22:00:00,25.4,98,1.9,11.6,Delhi Airport,28.5562,77.1
2026-08-07 23:00:00,25.9,97,12.0,11.8,Delhi Airport,28.5562,77.1
2026-08-08 00:00:00,25.9,97,2.6,7.1,Delhi Airport,28.5562,77.1
2026-08-08 01:00:00,25.9,97,0.2,9.9,Delhi Airport,28.5562,77.1
2026-08-08 02:00:00,25.3,97,0.6,8.9,Delhi Airport,28.5562,77.1
2026-08-08 03:00:00,24.8,98,5.9,9.7,Delhi Airport,28.5562,77.1
2026-08-08 04:00:00,24.7,97,9.0,8.9,Delhi Airport,28.5562,77.1
2026-08-08 05:00:00,25.7,97,0.6,10.1,Delhi Airport,28.5562,77.1
2026-08-08 06:00:00,25.7,96,2.8,10.6,Delhi Airport,28.5562,77.1
2026-08-08 07:00:00,25.9,96,0.6,10.1,Delhi Airport,28.5562,77.1
2026-08-08 08:00:00,27.2,92,0.2,7.2,Delhi Airport,28.5562,77.1
2026-08-08 09:00:00,29.1,86,0.2,8.0,Delhi Airport,28.5562,77.1
2026-08-08 10:00:00,30.6,77,0.1,14.8,Delhi Airport,28.5562,77.1
2026-08-08 11:00:00,30.0,78,0.2,15.2,Delhi Airport,28.5562,77.1
2026-08-08 12:00:00,30.9,75,1.2,9.0,Delhi Airport,28.5562,77.1
2026-08-08 13:00:00,30.4,76,0.5,13.6,Delhi Airport,28.5562,77.1
2026-08-08 14:00:00,30.2,78,1.3,6.3,Delhi Airport,28.5562,77.1
2026-08-08 15:00:00,32.1,70,0.1,6.5,Delhi Airport,28.5562,77.1
2026-08-08 16:00:00,31.8,69,0.2,7.6,Delhi Airport,28.5562,77.1
2026-08-08 17:00:00,31.1,75,0.7,7.3,Delhi Airport,28.5562,77.1
2026-08-08 18:00:00,29.9,81,0.2,7.3,Delhi Airport,28.5562,77.1
2026-08-08 19:00:00,28.9,87,0.0,3.4,Delhi Airport,28.5562,77.1
2026-08-08 20:00:00,28.5,90,0.0,3.2,Delhi Airport,28.5562,77.1
2026-08-08 21:00:00,28.4,90,0.0,4.0,Delhi Airport,28.5562,77.1
2026-08-08 22:00:00,28.3,91,0.0,2.9,Delhi Airport,28.5562,77.1
2026-08-08 23:00:00,28.5,91,0.0,2.4,Delhi Airport,28.5562,77.1
2026-08-09 00:00:00,28.2,90,0.1,3.9,Delhi Airport,28.5562,77.1
2026-08-09 01:00:00,28.0,91,0.8,3.3,Delhi Airport,28.5562,77.1
2026-08-09 02:00:00,28.3,89,0.1,1.3,Delhi Airport,28.5562,77.1
2026-08-09 03:00:00,27.3,93,0.2,9.8,Delhi Airport,28.5562,77.1
2026-08-09 04:00:00,26.5,94,0.2,9.2,Delhi Airport,28.5562,77.1
2026-08-09 05:00:00,25.3,96,0.0,2.7,Delhi Airport,28.5562,77.1
2026-08-09 06:00:00,25.8,94,0.1,6.3,Delhi Airport,28.5562,77.1
2026-08-09 07:00:00,27.0,93,0.0,3.5,Delhi Airport,28.5562,77.1
2026-08-09 08:00:00,28.8,87,0.0,4.2,Delhi Airport,28.5562,77.1
2026-08-09 09:00:00,30.6,79,0.0,5.9,Delhi Airport,28.5562,77.1
2026-08-09 10:00:00,31.5,75,0.0,7.7,Delhi Airport,28.5562,77.1
2026-08-09 11:00:00,32.7,68,0.0,8.5,Delhi Airport,28.5562,77.1
2026-08-09 12:00:00,32.5,69,0.2,8.2,Delhi Airport,28.5562,77.1
2026-08-09 13:00:00,33.0,66,0.1,5.9,Delhi Airport,28.5562,77.1
2026-08-09 14:00:00,33.7,62,0.0,4.5,Delhi Airport,28.5562,77.1
2026-08-09 15:00:00,33.8,62,0.0,2.4,Delhi Airport,28.5562,77.1
2026-08-09 16:00:00,33.6,62,0.0,3.0,Delhi Airport,28.5562,77.1
2026-08-09 17:00:00,32.5,67,0.2,7.3,Delhi Airport,28.5562,77.1
2026-08-09 18:00:00,31.2,78,0.0,2.8,Delhi Airport,28.5562,77.1
2026-08-09 19:00:00,30.3,84,0.0,4.0,Delhi Airport,28.5562,77.1
2026-08-09 20:00:00,30.1,84,0.0,4.5,Delhi Airport,28.5562,77.1
2026-08-09 21:00:00,29.7,85,0.0,4.6,Delhi Airport,28.5562,77.1
2026-08-09 22:00:00,29.5,84,0.0,5.8,Delhi Airport,28.5562,77.1
2026-08-09 23:00:00,28.8,85,0.0,4.0,Delhi Airport,28.5562,77.1
2026-08-10 00:00:00,28.4,88,0.5,3.4,Delhi Airport,28.5562,77.1
2026-08-10 01:00:00,27.1,93,0.5,8.1,Delhi Airport,28.5562,77.1
2026-08-10 02:00:00,26.4,95,0.5,7.3,Delhi Airport,28.5562,77.1
2026-08-10 03:00:00,26.7,95,0.0,5.8,Delhi Airport,28.5562,77.1
2026-08-10 04:00:00,26.8,95,0.0,6.9,Delhi Airport,28.5562,77.1
2026-08-10 05:00:00,27.6,94,0.0,7.6,Delhi Airport,28.5562,77.1
2026-08-10 06:00:00,26.7,95,0.9,5.2,Delhi Airport,28.5562,77.1
2026-08-10 07:00:00,26.9,94,0.5,6.2,Delhi Airport,28.5562,77.1
2026-08-10 08:00:00,28.3,88,0.0,5.8,Delhi Airport,28.5562,77.1
2026-08-10 09:00:00,29.7,81,0.0,7.0,Delhi Airport,28.5562,77.1
2026-08-10 10:00:00,31.2,76,0.0,4.9,Delhi Airport,28.5562,77.1
2026-08-10 11:00:00,32.8,68,0.1,6.1,Delhi Airport,28.5562,77.1
2026-08-10 12:00:00,33.4,66,0.0,4.6,Delhi Airport,28.5562,77.1
2026-08-10 13:00:00,33.4,66,0.0,3.5,Delhi Airport,28.5562,77.1
2026-08-10 14:00:00,27.5,92,9.3,10.9,Delhi Airport,28.5562,77.1
2026-08-10 15:00:00,27.7,92,3.0,2.8,Delhi Airport,28.5562,77.1
2026-08-10 16:00:00,28.1,89,0.5,2.5,Delhi Airport,28.5562,77.1
2026-08-10 17:00:00,29.1,89,0.0,5.9,Delhi Airport,28.5562,77.1
2026-08-10 18:00:00,29.2,90,0.5,5.7,Delhi Airport,28.5562,77.1
2026-08-10 19:00:00,28.9,91,0.1,7.0,Delhi Airport,28.5562,77.1
2026-08-10 20:00:00,28.6,91,0.0,5.0,Delhi Airport,28.5562,77.1
2026-08-10 21:00:00,28.5,92,0.0,5.4,Delhi Airport,28.5562,77.1
2026-08-10 22:00:00,28.2,93,0.0,5.5,Delhi Airport,28.5562,77.1
2026-08-10 23:00:00,27.8,96,0.0,8.4,Delhi Airport,28.5562,77.1
2026-08-11 00:00:00,27.6,97,0.3,9.0,Delhi Airport,28.5562,77.1
2026-08-11 01:00:00,27.5,96,0.0,9.3,Delhi Airport,28.5562,77.1
2026-08-11 02:00:00,27.3,96,0.0,10.1,Delhi Airport,28.5562,77.1
2026-08-11 03:00:00,27.3,95,0.1,9.1,Delhi Airport,28.5562,77.1
2026-08-11 04:00:00,27.0,92,0.2,8.0,Delhi Airport,28.5562,77.1
2026-08-11 05:00:00,27.0,93,0.1,8.0,Delhi Airport,28.5562,77.1
2026-08-11 06:00:00,27.1,93,0.0,6.8,Delhi Airport,28.5562,77.1
2026-08-11 07:00:00,27.8,88,0.0,8.8,Delhi Airport,28.5562,77.1
2026-08-11 08:00:00,28.9,84,0.0,7.1,Delhi Airport,28.5562,77.1
2026-08-11 09:00:00,29.9,80,0.0,5.9,Delhi Airport,28.5562,77.1
2026-08-11 10:00:00,30.5,79,0.0,4.4,Delhi Airport,28.5562,77.1
2026-08-11 11:00:00,30.7,77,0.2,0.5,Delhi Airport,28.5562,77.1
2026-08-11 12:00:00,30.0,82,0.4,4.3,Delhi Airport,28.5562,77.1
2026-08-11 13:00:00,27.7,92,7.0,5.8,Delhi Airport,28.5562,77.1
2026-08-11 14:00:00,27.9,93,1.6,4.8,Delhi Airport,28.5562,77.1
2026-08-11 15:00:00,29.3,86,0.4,4.2,Delhi Airport,28.5562,77.1
2026-08-11 16:00:00,30.3,80,0.0,5.2,Delhi Airport,28.5562,77.1
2026-08-11 17:00:00,30.2,79,0.1,5.2,Delhi Airport,28.5562,77.1
2026-08-11 18:00:00,29.8,82,0.0,3.2,Delhi Airport,28.5562,77.1
2026-08-11 19:00:00,29.0,88,0.4,2.2,Delhi Airport,28.5562,77.1
2026-08-11 20:00:00,28.7,92,1.2,2.6,Delhi Airport,28.5562,77.1
2026-08-11 21:00:00,28.3,95,0.4,3.9,Delhi Airport,28.5562,77.1
2026-08-11 22:00:00,28.0,96,0.0,4.5,Delhi Airport,28.5562,77.1
2026-08-11 23:00:00,28.3,94,0.0,5.1,Delhi Airport,28.5562,77.1
2026-08-12 00:00:00,28.0,95,0.0,3.4,Delhi Airport,28.5562,77.1
2026-08-12 01:00:00,28.0,95,0.0,0.2,Delhi Airport,28.5562,77.1
2026-08-12 02:00:00,27.6,96,0.0,2.6,Delhi Airport,28.5562,77.1
2026-08-12 03:00:00,27.4,95,0.0,4.2,Delhi Airport,28.5562,77.1
2026-08-12 04:00:00,27.3,95,0.0,3.6,Delhi Airport,28.5562,77.1
2026-08-12 05:00:00,27.6,96,0.0,2.0,Delhi Airport,28.5562,77.1
2026-08-12 06:00:00,27.9,95,0.0,3.3,Delhi Airport,28.5562,77.1
2026-08-12 07:00:00,28.8,91,0.0,3.2,Delhi Airport,28.5562,77.1
2026-08-12 08:00:00,29.9,83,0.1,2.8,Delhi Airport,28.5562,77.1
2026-08-12 09:00:00,31.1,75,0.1,3.2,Delhi Airport,28.5562,77.1
2026-08-12 10:00:00,31.7,71,0.2,2.7,Delhi Airport,28.5562,77.1
2026-08-12 11:00:00,32.8,65,0.1,4.4,Delhi Airport,28.5562,77.1
2026-08-12 12:00:00,33.1,66,0.3,4.6,Delhi Airport,28.5562,77.1
2026-08-12 13:00:00,33.7,64,0.1,2.7,Delhi Airport,28.5562,77.1
2026-08-12 14:00:00,34.1,62,0.1,0.8,Delhi Airport,28.5562,77.1
2026-08-12 15:00:00,34.2,61,0.1,2.6,Delhi Airport,28.5562,77.1
2026-08-12 16:00:00,34.1,60,0.1,3.0,Delhi Airport,28.5562,77.1
2026-08-12 17:00:00,32.0,77,0.5,6.7,Delhi Airport,28.5562,77.1
2026-08-12 18:00:00,28.7,93,2.0,7.9,Delhi Airport,28.5562,77.1
2026-08-12 19:00:00,27.5,94,1.3,12.7,Delhi Airport,28.5562,77.1
2026-08-12 20:00:00,27.5,93,0.1,2.8,Delhi Airport,28.5562,77.1
2026-08-12 21:00:00,27.6,94,0.0,4.8,Delhi Airport,28.5562,77.1
2026-08-12 22:00:00,27.6,92,0.0,7.2,Delhi Airport,28.5562,77.1
2026-08-12 23:00:00,29.2,89,0.0,5.7,Delhi Airport,28.5562,77.1
2026-08-13 00:00:00,28.7,91,0.0,4.1,Delhi Airport,28.5562,77.1
2026-08-13 01:00:00,28.4,92,0.0,3.5,Delhi Airport,28.5562,77.1
2026-08-13 02:00:00,28.1,93,0.0,6.6,Delhi Airport,28.5562,77.1
2026-08-13 03:00:00,27.8,94,0.0,6.0,Delhi Airport,28.5562,77.1
2026-08-13 04:00:00,27.6,95,0.0,4.3,Delhi Airport,28.5562,77.1
2026-08-13 05:00:00,26.9,96,0.0,5.0,Delhi Airport,28.5562,77.1
2026-08-13 06:00:00,26.8,97,0.9,3.8,Delhi Airport,28.5562,77.1
2026-08-13 07:00:00,28.0,93,0.1,3.8,Delhi Airport,28.5562,77.1
2026-08-13 08:00:00,30.0,82,0.0,3.3,Delhi Airport,28.5562,77.1
2026-08-13 09:00:00,31.7,75,0.0,3.2,Delhi Airport,28.5562,77.1
2026-08-13 10:00:00,32.8,70,0.0,1.3,Delhi Airport,28.5562,77.1
2026-08-13 11:00:00,33.3,67,0.1,1.5,Delhi Airport,28.5562,77.1
2026-08-13 12:00:00,32.6,65,0.2,7.3,Delhi Airport,28.5562,77.1
2026-08-13 13:00:00,31.7,73,0.9,2.2,Delhi Airport,28.5562,77.1
2026-08-13 14:00:00,32.9,70,0.3,1.9,Delhi Airport,28.5562,77.1
2026-08-13 15:00:00,33.2,70,0.1,5.8,Delhi Airport,28.5562,77.1
2026-08-13 16:00:00,33.3,68,0.0,5.4,Delhi Airport,28.5562,77.1
2026-08-13 17:00:00,32.5,73,0.1,3.9,Delhi Airport,28.5562,77.1
2026-08-13 18:00:00,31.5,78,0.1,2.4,Delhi Airport,28.5562,77.1
2026-08-13 19:00:00,30.6,86,0.0,2.4,Delhi Airport,28.5562,77.1
2026-08-13 20:00:00,30.1,89,0.0,2.9,Delhi Airport,28.5562,77.1
2026-08-13 21:00:00,30.1,87,0.0,3.4,Delhi Airport,28.5562,77.1
2026-08-13 22:00:00,29.8,87,0.0,4.5,Delhi Airport,28.5562,77.1
2026-08-13 23:00:00,30.2,87,0.0,3.3,Delhi Airport,28.5562,77.1
2026-08-14 00:00:00,29.7,86,0.0,4.1,Delhi Airport,28.5562,77.1
2026-08-14 01:00:00,29.2,89,0.0,3.2,Delhi Airport,28.5562,77.1
2026-08-14 02:00:00,28.8,90,0.0,4.1,Delhi Airport,28.5562,77.1
2026-08-14 03:00:00,28.6,90,0.0,4.6,Delhi Airport,28.5562,77.1
2026-08-14 04:00:00,28.4,91,0.0,4.6,Delhi Airport,28.5562,77.1
2026-08-14 05:00:00,27.8,95,0.0,1.1,Delhi Airport,28.5562,77.1
2026-08-14 06:00:00,27.7,94,0.6,0.2,Delhi Airport,28.5562,77.1
2026-08-14 07:00:00,27.8,93,1.1,3.3,Delhi Airport,28.5562,77.1
2026-08-14 08:00:00,28.5,90,0.2,1.1,Delhi Airport,28.5562,77.1
2026-08-14 09:00:00,28.7,88,0.2,3.1,Delhi Airport,28.5562,77.1
2026-08-14 10:00:00,29.8,82,0.0,3.6,Delhi Airport,28.5562,77.1
2026-08-14 11:00:00,30.4,81,0.0,4.8,Delhi Airport,28.5562,77.1
2026-08-14 12:00:00,31.0,78,0.4,2.8,Delhi Airport,28.5562,77.1
2026-08-14 13:00:00,31.1,78,0.4,1.8,Delhi Airport,28.5562,77.1
2026-08-14 14:00:00,28.9,85,2.7,6.7,Delhi Airport,28.5562,77.1
2026-08-14 15:00:00,27.3,91,5.0,3.3,Delhi Airport,28.5562,77.1
2026-08-14 16:00:00,27.8,90,1.8,2.7,Delhi Airport,28.5562,77.1
2026-08-14 17:00:00,30.5,77,0.3,4.1,Delhi Airport,28.5562,77.1
2026-08-14 18:00:00,30.0,80,0.0,2.9,Delhi Airport,28.5562,77.1
2026-08-14 19:00:00,29.3,85,0.0,5.0,Delhi Airport,28.5562,77.1
2026-08-14 20:00:00,28.9,87,0.0,5.8,Delhi Airport,28.5562,77.1
2026-08-14 21:00:00,28.4,90,0.0,4.6,Delhi Airport,28.5562,77.1
2026-08-14 22:00:00,28.0,92,0.0,4.2,Delhi Airport,28.5562,77.1
2026-08-14 23:00:00,28.1,89,0.0,4.3,Delhi Airport,28.5562,77.1
2026-08-15 00:00:00,27.8,92,0.0,3.0,Delhi Airport,28.5562,77.1
2026-08-15 01:00:00,27.5,93,0.0,1.7,Delhi Airport,28.5562,77.1
2026-08-15 02:00:00,27.3,94,0.0,2.2,Delhi Airport,28.5562,77.1
2026-08-15 03:00:00,27.2,94,0.0,4.0,Delhi Airport,28.5562,77.1
2026-08-15 04:00:00,27.1,95,0.0,2.0,Delhi Airport,28.5562,77.1
2026-08-15 05:00:00,26.6,96,0.0,3.8,Delhi Airport,28.5562,77.1
2026-08-15 06:00:00,26.7,96,1.6,4.0,Delhi Airport,28.5562,77.1
2026-08-15 07:00:00,27.1,97,0.8,3.3,Delhi Airport,28.5562,77.1
2026-08-15 08:00:00,27.5,96,0.7,3.9,Delhi Airport,28.5562,77.1
2026-08-15 09:00:00,28.4,92,0.2,3.6,Delhi Airport,28.5562,77.1
2026-08-15 10:00:00,29.7,85,0.0,1.1,Delhi Airport,28.5562,77.1
2026-08-15 11:00:00,32.1,74,0.1,6.4,Delhi Airport,28.5562,77.1
2026-08-15 12:00:00,32.1,73,0.2,9.6,Delhi Airport,28.5562,77.1
2026-08-15 13:00:00,32.3,68,0.2,8.9,Delhi Airport,28.5562,77.1
2026-08-15 14:00:00,32.8,67,0.0,6.3,Delhi Airport,28.5562,77.1
2026-08-15 15:00:00,32.4,68,0.2,8.0,Delhi Airport,28.5562,77.1
2026-08-15 16:00:00,32.4,66,0.0,6.3,Delhi Airport,28.5562,77.1
2026-08-15 17:00:00,31.6,77,0.0,5.6,Delhi Airport,28.5562,77.1
2026-08-15 18:00:00,31.0,83,0.0,4.9,Delhi Airport,28.5562,77.1
2026-08-15 19:00:00,30.2,88,0.0,5.0,Delhi Airport,28.5562,77.1
2026-08-15 20:00:00,29.8,89,0.0,4.0,Delhi Airport,28.5562,77.1
2026-08-15 21:00:00,29.4,89,0.0,4.3,Delhi Airport,28.5562,77.1
2026-08-15 22:00:00,29.1,89,0.0,3.3,Delhi Airport,28.5562,77.1
2026-08-15 23:00:00,28.9,87,0.0,8.6,Delhi Airport,28.5562,77.1
2026-08-16 00:00:00,28.8,89,0.0,7.9,Delhi Airport,28.5562,77.1
2026-08-16 01:00:00,28.6,88,0.0,8.1,Delhi Airport,28.5562,77.1
2026-08-16 02:00:00,28.4,87,0.1,6.0,Delhi Airport,28.5562,77.1
2026-08-16 03:00:00,26.4,94,1.6,4.1,Delhi Airport,28.5562,77.1
2026-08-16 04:00:00,26.8,95,0.1,5.6,Delhi Airport,28.5562,77.1
2026-08-16 05:00:00,27.9,87,0.0,9.6,Delhi Airport,28.5562,77.1
2026-08-16 06:00:00,27.7,86,0.1,6.8,Delhi Airport,28.5562,77.1
2026-08-16 07:00:00,28.3,85,0.2,6.4,Delhi Airport,28.5562,77.1
2026-08-16 08:00:00,29.7,77,0.1,8.6,Delhi Airport,28.5562,77.1
2026-08-16 09:00:00,30.9,71,0.0,9.4,Delhi Airport,28.5562,77.1
2026-08-16 10:00:00,32.2,67,0.0,9.5,Delhi Airport,28.5562,77.1
2026-08-16 11:00:00,32.9,64,0.0,9.4,Delhi Airport,28.5562,77.1
2026-08-16 12:00:00,33.4,62,0.1,8.4,Delhi Airport,28.5562,77.1
2026-08-16 13:00:00,33.1,63,0.2,7.0,Delhi Airport,28.5562,77.1
2026-08-16 14:00:00,33.1,64,0.1,7.8,Delhi Airport,28.5562,77.1
2026-08-16 15:00:00,33.5,63,0.0,9.0,Delhi Airport,28.5562,77.1
2026-08-16 16:00:00,33.3,64,0.0,9.2,Delhi Airport,28.5562,77.1
2026-08-16 17:00:00,31.5,75,0.0,4.6,Delhi Airport,28.5562,77.1
2026-08-16 18:00:00,30.6,81,0.0,2.1,Delhi Airport,28.5562,77.1
2026-08-16 19:00:00,30.0,85,0.0,3.4,Delhi Airport,28.5562,77.1
2026-08-16 20:00:00,29.8,85,0.0,5.0,Delhi Airport,28.5562,77.1
2026-08-16 21:00:00,29.5,87,0.0,6.4,Delhi Airport,28.5562,77.1
2026-08-16 22:00:00,29.1,88,0.0,6.1,Delhi Airport,28.5562,77.1
2026-08-16 23:00:00,29.2,86,0.0,6.3,Delhi Airport,28.5562,77.1
